 (s),(kW/m²), (MJ/kg),(m²/kg), (g/s),(g/s·m²)
Time,HRR ,EHC,SEA ,MLR,Specific MLR 
0,0.776914542,0.089394188,-0.008259205,0.076827417,8.690884238
1,0.699981193,0.066514688,-0.38185537,0.093029583,10.52370852
2,1.604291967,0,0,-0.00618175,-0.699292986
3,2.164859507,0,0,-0.04302475,-4.867053167
4,2.300470008,2.829378069,3.949174298,0.0071875,0.813065611
5,2.067068953,0,0,-0.02143175,-2.424406109
6,1.764012078,0,0,-0.039042167,-4.416534691
7,1.694131544,0.377712779,-1.575359694,0.0396495,4.485237557
8,1.811014073,0.308144488,-1.357542712,0.051954083,5.877158748
9,2.123907159,0,0,-0.021232583,-2.401875943
10,2.280115075,0,0,-0.011897667,-1.345889894
11,1.963161808,0.396454138,-1.347503916,0.043773917,4.951800528
12,1.697807236,2.772314193,-5.680621206,0.00541375,0.612415158
13,1.716657527,0,0,-0.009293417,-1.051291478
14,1.835148325,0,0,-0.011619917,-1.314470211
15,2.335473822,0,0,-0.01708425,-1.932607466
16,2.244667626,0.339179241,-0.749529434,0.058502583,6.617939291
17,2.623773017,0.271838342,0.282366723,0.085323333,9.651960784
18,1.94920999,0,0,-0.002911833,-0.329392911
19,1.686260019,0,0,-0.015774083,-1.784398567
20,1.918179633,1.268637007,7.812400637,0.013366083,1.512000377
21,2.237419029,1.328111122,13.38589101,0.014892417,1.684662519
22,2.172539116,0,0,-0.017672833,-1.999189291
23,1.924596242,0,0,-0.054707667,-6.188650075
24,1.713453691,0.477071186,5.092521576,0.031749833,3.591610106
25,1.736783927,0.165127651,2.525392057,0.092977583,10.51782617
26,1.932295211,0,0,-0.008069333,-0.912820513
27,1.435720596,0,0,-0.021795,-2.465497738
28,1.016851046,0.166383969,8.160526054,0.054025417,6.111472474
29,1.569991661,0,0,-0.02180125,-2.466204751
30,1.597776195,0,0,-0.02609975,-2.952460407
31,1.692074568,0.373345682,21.64946758,0.040064583,4.532192685
32,1.939115131,0,0,-0.003958083,-0.447746983
33,2.186714746,0,0,-0.036938583,-4.178572775
34,1.969390026,0,0,-0.003441,-0.389253394
35,2.480807997,0.753035623,55.02270842,0.029122583,3.294409879
36,2.681068393,1.142603551,74.96249199,0.020742667,2.346455505
37,2.833164381,1.355900284,101.3306087,0.01847125,2.089507919
38,3.007117703,0,0,-0.03389275,-3.834021493
39,3.706531828,2.020373339,140.8034224,0.016217667,1.834577677
40,2.140067545,0.204644574,38.07603032,0.092444167,10.45748492
41,1.469385921,0,0,-0.035363667,-4.000414781
42,2.411528071,0,0,-0.0716675,-8.107183258
43,4.162680115,5.163798987,397.2932063,0.007126167,0.806127451
44,12.19392537,3.038734648,93.73703025,0.035473417,4.01282994
45,27.90146815,12.70938819,144.711535,0.019406833,2.195343137
46,49.76472504,6.904571488,32.60376064,0.063714333,7.207503771
47,76.56804172,7.817381801,14.54877831,0.086584167,9.794588989
48,95.06574462,15.57985331,37.78585537,0.05394025,6.101838235
49,109.6292759,11.08178939,56.54627696,0.087451833,9.892741327
50,121.0917915,8.908019276,40.36689239,0.120167167,13.59357089
51,134.15216,11.9914162,53.82022226,0.098896167,11.18734917
52,142.8814589,18.45964668,70.35312515,0.068423417,7.740205505
53,149.3804426,12.50547675,53.13976684,0.105595583,11.94520173
54,152.0418299,10.59099846,41.28629085,0.126904917,14.3557598
55,154.3167598,19.67716066,74.71837575,0.069327083,7.842430241
56,158.127159,24.99531216,94.43665101,0.05592425,6.326272624
57,161.3973435,11.89030616,45.72612815,0.119992917,13.57385935
58,159.7915669,8.897971667,32.88687005,0.1587505,17.95820136
59,157.5002892,10.61705915,38.18130859,0.13113825,14.83464367
60,160.2221045,13.70143884,43.70424095,0.103373333,11.69381599
61,157.8625947,13.15392456,36.66231538,0.106090417,12.00117836
62,158.2150771,14.06797118,50.98999794,0.099418833,11.24647436
63,159.2678856,29.9784542,109.34401,0.046964667,5.312745098
64,154.4201203,11.00013656,44.71580651,0.124096083,14.03801848
65,156.1482584,7.778898358,29.25681845,0.177448083,20.07331259
66,157.9073803,14.45034835,52.42411441,0.096599833,10.92758296
67,151.6418418,14.29058336,51.50592003,0.093804,10.61131222
68,147.6816019,16.34432096,48.96263893,0.079875167,9.035652338
69,146.8888191,15.85111791,40.3418282,0.081918333,9.266779789
70,147.6498243,9.657235338,29.72070023,0.135155083,15.28903658
71,143.3296341,8.781218483,29.58356093,0.144289083,16.32229449
72,141.1346012,12.64160885,44.42055816,0.098692333,11.1642911
73,139.4110176,28.04867644,101.8984939,0.043937667,4.970324284
74,142.2281453,25.09816592,100.3168722,0.050095167,5.666874057
75,139.7381009,8.397190562,39.41033966,0.147106917,16.64105392
76,141.1704591,7.660067133,34.27425397,0.162915917,18.42940234
77,140.4634107,17.90975218,65.42328536,0.06933075,7.842845023
78,136.8768099,33.29830411,106.2675989,0.036337917,4.110624057
79,135.6364481,12.34902168,54.34951721,0.097094833,10.98357843
80,134.7275857,10.41176153,42.71243787,0.114389083,12.93994155
81,132.6329143,13.15927511,45.64709423,0.08909875,10.07904412
82,132.0624991,11.64033515,38.11706133,0.100292,11.34524887
83,131.4961624,9.528316891,25.01318423,0.121997,13.80056561
84,133.0160761,9.947328637,22.99248992,0.118208833,13.37203997
85,130.6280634,19.51204482,41.9118859,0.0591815,6.694739819
86,129.0026138,12.05331383,38.18288707,0.094611583,10.7026678
87,128.1460922,9.982681949,32.65122789,0.113477667,12.83684012
88,125.8879843,24.10226504,91.4555263,0.046172,5.223076923
89,129.4607938,14.05681705,54.44764426,0.081414833,9.209822775
90,130.4494753,8.578281379,26.91011273,0.134429417,15.20694759
91,128.7083815,15.24752957,36.78523335,0.07462075,8.441261312
92,127.0736838,15.55340015,37.1976931,0.072224167,8.1701546
93,125.4878159,8.868272813,22.74942718,0.12508775,14.15019796
94,124.9537515,17.53801835,34.98886789,0.062982667,7.124736048
95,124.6022997,11.0648194,20.35687193,0.099548333,11.26112368
96,126.0016405,6.707236171,10.24281312,0.166067583,18.78592572
97,122.079682,11.94641513,20.21579891,0.090335417,10.21893854
98,122.4660999,27.78480826,41.13715331,0.03896375,4.407664027
99,120.6295762,33.75108257,44.58318889,0.031595,3.574095023
100,118.3028885,10.58755823,24.12732142,0.098776083,11.17376508
101,119.0635651,7.552833144,10.79695219,0.139354583,15.76409314
102,119.8674541,0,0,-0.023150833,-2.618872549
103,120.8011463,79.56898849,93.67995095,0.013420833,1.518193816
104,116.7923771,5.120679422,7.404117261,0.201622583,22.80798454
105,116.709407,5.737426237,6.295630276,0.17982125,20.34177036
106,116.1873546,10.06088254,12.16115893,0.102088083,11.54842572
107,118.2639337,14.92747497,14.9069123,0.0700355,7.922567873
108,117.307011,14.65425891,12.42476142,0.070764,8.004977376
109,119.3555221,10.36618186,11.70298352,0.101783167,11.51393288
110,120.6805368,12.36990836,15.0217812,0.086242833,9.755976621
111,120.8049091,0,0,-0.018672833,-2.112311463
112,118.3527576,11.97714303,14.15100572,0.087352917,9.881551659
113,122.0509285,5.014227842,4.073529136,0.21517375,24.34092195
114,117.6545692,10.13928168,9.078790684,0.102577917,11.60383673
115,121.0909391,23.15533022,13.55973176,0.046228833,5.229506033
116,120.7140289,17.72375789,10.57941388,0.060208,6.810859729
117,122.7625345,6.967836581,3.175543478,0.155747167,17.61845777
118,122.879173,7.986402416,2.60786451,0.136012667,15.38604827
119,125.014753,29.63935222,11.02098092,0.037285917,4.217863876
120,122.0179523,22.99885639,3.880365618,0.046899667,5.305392157
121,120.9106547,9.024357675,1.08097186,0.118440583,13.39825603
122,119.5111112,6.538496163,0.920411279,0.161578167,18.27807315
123,118.0893895,18.31699913,1.254410343,0.056991333,6.446983409
124,117.0440221,16.00643281,0.170238136,0.064640833,7.312311463
125,119.6287687,7.60852439,0.407120874,0.13899125,15.72299208
126,121.4019892,11.87042866,2.701090408,0.090409,10.22726244
127,117.8142218,15.25114362,-0.006183299,0.0682885,7.724943439
128,116.9586744,40.66474442,-3.954466294,0.025425333,2.876168929
129,116.4426408,13.8625614,-2.452168117,0.074254167,8.399792609
130,115.8933183,7.497013871,0.113090705,0.136654,15.45859729
131,112.0431905,11.11212653,0.322907158,0.089133417,10.08296569
132,116.6775847,8.57365979,-0.001779904,0.120302167,13.60884238
133,114.608466,8.619352797,-0.788032734,0.117542333,13.29664404
134,114.4846552,11.04601689,-1.176842138,0.09162075,10.36433824
135,114.5008523,11.98054746,-1.422726265,0.084485917,9.557230392
136,117.3144208,11.29103017,-1.472576413,0.091848083,10.39005468
137,115.3423399,8.235926932,-0.468693893,0.12380225,14.00477941
138,112.8487205,27.53826115,-1.349308837,0.036225333,4.097888386
139,116.0820504,0,1272.112929,0.000105,0.011877828
140,114.0258712,9.175628792,1.799409283,0.109855,12.4270362
141,110.9873767,6.187456074,0.989558488,0.158567333,17.93748115
142,113.2037168,9.491826132,-1.340043981,0.10542975,11.92644231
143,113.118561,14.87455633,0.05094859,0.06722675,7.604835973
144,112.0327956,11.19730513,-1.653999749,0.088447167,10.0053356
145,112.1609096,11.21378647,-0.885132302,0.088418167,10.00205505
146,110.8636212,9.800050113,-0.660028191,0.100003,11.31255656
147,107.1757703,12.44082069,-2.247022962,0.07615525,8.614847285
148,108.869248,14.097958,-1.759992949,0.0682655,7.722341629
149,111.0566113,10.02532977,-0.428296327,0.097926,11.07760181
150,108.7554887,10.91299542,-1.971801606,0.088096667,9.965686275
151,108.2412345,12.90512324,-2.579673048,0.074145167,8.387462293
152,109.1986055,12.10438559,-2.175994376,0.07974925,9.021408371
153,105.6759284,13.08003777,-4.034696594,0.071419917,8.079176094
154,105.1437357,7.520049709,-1.698696592,0.123599,13.98178733
155,103.2103752,8.479871091,-1.989768789,0.107593583,12.17121983
156,103.9179293,16.17772336,-1.479015548,0.056783917,6.423519985
157,104.3363779,8.66125636,-0.521385381,0.106489583,12.04633296
158,104.9105066,9.731833694,-1.844155781,0.095296417,10.78013763
159,101.2317187,11.03981586,-2.600424196,0.081060083,9.169692685
160,100.161395,9.91624788,-3.062266062,0.0892905,10.10073529
161,100.6503186,11.78354296,-1.208247953,0.07550775,8.541600679
162,101.1334217,17.11282185,-2.578930642,0.052242667,5.909803922
163,102.7437394,54.84463974,-9.688971122,0.0165605,1.873359729
164,99.81317099,17.18994529,-0.409147302,0.051329333,5.806485671
165,100.2775648,6.303887228,-1.116266901,0.140620167,15.90725867
166,101.1697222,6.211232409,-1.276929456,0.143987583,16.28818816
167,102.4337554,7.818712353,-2.054702972,0.11581375,13.10110294
168,97.00239199,8.170711051,-1.774682848,0.104948167,11.87196456
169,97.91980029,10.20243371,-2.613767091,0.084843583,9.597690422
170,100.9446855,11.55911324,-3.120960217,0.077198917,8.732909125
171,99.26215005,8.560142752,-2.3456847,0.102507333,11.59585219
172,101.053485,29.92271747,-8.47810037,0.029854,3.377149321
173,99.08055526,38.31489476,-8.408521386,0.022859833,2.585953997
174,101.5378971,9.362089486,-2.139591071,0.0958755,10.8456448
175,103.5669892,6.058696714,-1.74298538,0.151110417,17.09393854
176,100.7700558,6.766897017,-1.799986645,0.131641917,14.89161953
177,101.9160243,0,0,-0.005902333,-0.667684766
178,104.6612828,12.24339404,-1.548267175,0.07556775,8.548388009
179,106.5924774,8.812110436,-0.738515986,0.106929833,12.09613499
180,106.2170974,22.22537545,-4.233166631,0.042247167,4.779091252
181,108.3044052,11.60324649,-4.024752511,0.082512333,9.333974359
182,109.070644,7.178380329,-1.831705616,0.134317833,15.19432504
183,107.1735052,6.411867393,-2.069726341,0.147759417,16.71486614
184,106.8522315,8.444702262,-3.106215766,0.111854,12.65316742
185,110.8382102,9.045031106,-2.89773514,0.10832575,12.25404412
186,113.0422097,12.7059207,-2.296961813,0.078647833,8.896813725
187,109.9184086,17.48889676,-3.049867738,0.05555975,6.285039593
188,109.7747573,9.683011859,-2.326664739,0.100217667,11.33684012
189,110.0118507,7.564765042,-2.616032914,0.128557167,14.54266591
190,112.8576667,10.03283506,-3.160550947,0.099439667,11.24883107
191,111.0105949,16.09757498,-5.0742012,0.060961583,6.896106712
192,110.3413527,19.45695238,-5.639328613,0.050132083,5.671050151
193,108.4540827,9.84249951,-2.265148195,0.097407583,11.01895739
194,109.1490467,7.973870811,-1.584010375,0.121004917,13.68833899
195,110.5414601,8.985423378,-1.837764029,0.108752417,12.30230958
196,109.2676887,11.01447558,-2.236803531,0.087696083,9.920371418
197,108.2000651,17.4297334,-4.745199581,0.054876833,6.207786576
198,108.0709436,8.58186807,-2.966882028,0.111321583,12.59293929
199,109.583377,12.77212937,-4.329386604,0.075846167,8.579883107
200,109.8870585,17.48668888,-4.109504524,0.055550917,6.284040347
201,108.3437837,7.042734328,-0.757975715,0.1359925,15.38376697
202,109.4708536,8.743925949,-0.874072269,0.110673667,12.51964555
203,107.1153358,9.533153806,-1.755305111,0.099327,11.23608597
204,103.4754743,14.74361227,-4.404883743,0.062042,7.018325792
205,111.0630965,22.58027244,-8.119593612,0.043480333,4.918589744
206,112.113125,11.23001862,-2.106450406,0.08825275,9.98334276
207,111.5506614,9.777860726,-1.252427024,0.100851083,11.40849359
208,109.9012714,15.07082998,-3.05770807,0.064464083,7.292317119
209,109.1265989,12.6740243,-3.268040348,0.076114667,8.61025641
210,109.4280881,13.17441096,-5.244472435,0.073426,8.306108597
211,110.4600776,11.50529777,-4.429475455,0.084871083,9.600801282
212,110.9408493,6.320865894,-1.607257746,0.1551555,17.55152715
213,113.0973227,11.91651047,-3.291472726,0.08389875,9.490808824
214,112.5228298,23.00207695,-8.23166468,0.043244,4.891855204
215,111.5141844,17.40944908,-5.931400042,0.056623583,6.40538273
216,110.5656601,7.455883259,-2.106185361,0.131091167,14.8293175
217,109.7273665,5.59202803,-1.397156845,0.173459417,19.62210596
218,110.5668165,8.145422553,-2.442743066,0.119995083,13.57410445
219,113.7114934,22.54814823,-6.758933072,0.044580583,5.043052413
220,111.2436611,14.55815943,-6.237173294,0.067549333,7.6413273
221,108.1840557,7.959543013,-2.163754936,0.120151,13.59174208
222,109.2941324,10.64532711,-5.360871296,0.090759083,10.26686463
223,109.7037303,0,-38.61633876,0.008579583,0.970541101
224,107.1848331,0,-27.45919188,0.0063525,0.718608597
225,107.9351363,6.080484613,-1.463687902,0.1569195,17.75107466
226,107.1796903,5.92455994,-1.299369872,0.159922167,18.09074284
227,106.830843,9.961767095,-2.055536559,0.094800917,10.7240856
228,104.8175801,11.03250989,-2.945778075,0.083987,9.500791855
229,105.1295457,10.94996211,-2.952274774,0.084872,9.600904977
230,106.192324,15.16667595,-5.18691335,0.061894917,7.001687406
231,106.4286213,11.92074636,-5.935803747,0.078923667,8.928016591
232,104.9579231,6.850232588,-2.66290883,0.13544475,15.3218043
233,107.1387101,10.44608184,-4.168645262,0.090666167,10.2563537
234,104.1292781,19.23665545,-7.429342452,0.0478515,5.413065611
235,105.8442634,8.629722586,-2.273703738,0.108423333,12.26508296
236,104.4955842,11.47859593,-3.662186512,0.080475083,9.103516214
237,104.5746488,11.42401542,-3.735868042,0.08092075,9.153930995
238,105.3618391,6.150105701,-1.945931768,0.151444333,17.13171192
239,108.0742098,9.224684888,-2.748488504,0.103567333,11.71576169
240,105.0505986,0,0,-0.01775075,-2.008003394
241,105.1999898,45.10921948,-13.42568001,0.020615917,2.33211727
242,107.9575884,7.832773155,-3.172164089,0.12184,13.78280543
243,107.2923724,7.142186956,-2.464551242,0.1327975,15.02234163
244,105.8703239,7.079564612,-2.575589173,0.1321965,14.9543552
245,102.6864068,10.32794262,-4.385674322,0.087892417,9.942581071
246,101.5816036,19.60672295,-7.359543168,0.045799667,5.180957768
247,102.9420782,10.53002154,-3.215938382,0.086420333,9.776055807
248,101.5378015,9.875428604,-3.648937886,0.090891667,10.28186275
249,103.4762655,9.770166252,-3.553427638,0.093624833,10.59104449
250,100.8909115,7.611402974,-2.689648198,0.11717625,13.2552319
251,102.0040639,15.46032841,-4.698148656,0.0583245,6.597794118
252,104.0526086,18.56875737,-9.222477538,0.049536167,5.603638763
253,101.375006,11.33534096,-4.970064148,0.0790585,8.943269231
254,100.0522482,9.134808775,-2.753175781,0.09682325,10.95285633
255,102.8497469,15.52031618,-6.294754107,0.05858075,6.626781674
256,104.613442,10.85257078,-4.051157524,0.08521325,9.639507919
257,101.5976949,8.711287938,-2.699047383,0.103098833,11.66276395
258,102.0296948,9.127063524,-3.786301102,0.098820667,11.17880845
259,102.2367327,15.35863908,-4.122282903,0.058844583,6.656627074
260,101.2515867,19.74170056,-7.756882746,0.04533875,5.128817873
261,100.7197965,5.113724905,-1.623716607,0.174112417,19.69597474
262,100.189923,18.00758218,-5.918071845,0.049183667,5.563763198
263,98.29663868,0,-34.70708347,0.009752667,1.103242836
264,99.38125537,5.859479373,-2.408364284,0.149933167,16.96076546
265,96.01076928,8.276951887,-3.214121346,0.102542,11.59977376
266,98.32278921,10.38508292,-4.35892358,0.083694417,9.467694193
267,97.04807066,11.22171706,-4.941080262,0.076450417,8.648237179
268,96.49175032,0,0,-0.009667833,-1.093646305
269,96.03899745,30.65157382,-10.80791968,0.027697917,3.133248492
270,98.63278474,7.806633762,-3.482496143,0.111688833,12.63448341
271,96.75012058,5.981917017,-2.101964341,0.142976083,16.17376508
272,96.58885227,5.331166825,-1.848793264,0.160161083,18.11776961
273,95.5997104,6.218629907,-2.965285079,0.135898333,15.37311463
274,93.44075112,0,-78.05353227,0.004503,0.50938914
275,93.12885544,0,0,-0.020903167,-2.364611614
276,96.30103068,5.40083719,-2.759316797,0.157623917,17.8307598
277,98.0212663,10.57391905,-4.039336555,0.081947667,9.270098039
278,95.25668989,16.07835752,-6.644067576,0.052372833,5.924528658
279,97.0957839,8.359266811,-0.894188576,0.102679667,11.61534691
280,98.08828736,12.69711007,-4.210323522,0.068291167,7.725245098
281,96.11953281,6.639136995,-2.222602728,0.127983,14.47771493
282,98.14247807,12.51134639,-3.76981223,0.069343417,7.844277903
283,95.37116115,24.14840142,-7.649542141,0.0349125,3.949377828
284,93.34575899,10.85312302,-4.748122223,0.07603125,8.600820136
285,91.4493429,9.337745351,-3.635604553,0.086574667,9.793514329
286,94.1735629,9.933094386,-4.257945973,0.083810167,9.480788084
287,96.1422668,5.657215572,-2.290064469,0.1502325,16.9946267
288,94.93757299,13.8137042,-7.713927642,0.06075475,6.872709276
289,95.75193723,0,0,-0.00910925,-1.030458145
290,93.99553355,5.170465479,-2.374774183,0.160705167,18.1793175
291,93.77195616,7.442452606,-3.000381671,0.1113805,12.59960407
292,94.07003786,22.09379475,-5.571823539,0.037638583,4.257758296
293,96.82260176,28.39206089,-9.392022284,0.030146167,3.410199849
294,95.90860311,18.36243873,-6.947707596,0.046172083,5.22308635
295,93.55789296,7.654337213,-3.453108314,0.108050083,12.22286011
296,92.08739612,9.175223406,-3.07068541,0.088722917,10.03652903
297,92.72304573,15.74061856,-7.281769391,0.052073667,5.890686275
298,93.18729042,6.391840791,-2.969106783,0.12887925,14.57910068
299,92.10693334,6.869930355,-3.388730824,0.118520167,13.40725867
300,90.03904701,50.71464203,-20.4119153,0.015694583,1.775405354
301,91.48630848,14.09218872,-6.184905865,0.057389167,6.491987179
302,92.30277443,9.057914082,-2.81413,0.090082167,10.19029035
303,92.68730531,10.1365796,-2.427234163,0.080831583,9.143844268
304,91.57482096,6.603805284,-1.97308956,0.122584083,13.86697775
305,92.42390763,10.66630416,-3.844202363,0.076598917,8.665035822
306,93.4219795,25.71080372,-9.959698346,0.03212075,3.633569005
307,93.9011424,15.73078696,-4.714527194,0.05276825,5.96925905
308,90.96601308,9.352227085,-2.50036602,0.08598375,9.726668552
309,91.37446479,5.242289205,-1.717003546,0.1540835,17.43026018
310,91.46921462,9.567577391,-3.957666736,0.084513333,9.560331825
311,93.79654855,19.97225519,-10.27918228,0.041515667,4.696342383
312,94.64340675,13.36410776,-6.038179651,0.062604083,7.081909879
313,91.46308511,17.95408237,-8.672956972,0.045033417,5.094277903
314,91.4822781,7.319658668,-3.154611235,0.11048375,12.49816176
315,93.16147294,7.193349664,-2.766074561,0.114487333,12.95105581
316,93.26490095,14.01466508,-5.968759601,0.0588285,6.654807692
317,92.96399637,17.0768431,-4.996735466,0.04812375,5.443863122
318,93.31841087,13.11324785,-3.702531059,0.0629085,7.116346154
319,92.62239986,7.380154491,-2.309388485,0.11094375,12.55019796
320,94.19113626,9.535612054,-3.821365861,0.08732,9.877828054
321,95.44376943,8.895393893,-2.646893827,0.094849417,10.72957202
322,94.46946928,7.57064917,-2.830549571,0.110308917,12.47838424
323,94.43129453,11.30806469,-6.012827491,0.073821,8.350791855
324,94.46724406,15.4392868,-6.276933599,0.054088667,6.118627451
325,93.80657941,8.634747014,-3.413946371,0.096036417,10.86384804
326,96.32441169,22.45192062,-10.73322224,0.037925833,4.29025264
327,90.51701882,11.59054191,-4.704432139,0.0690365,7.809558824
328,92.31559656,7.295288999,-2.260311626,0.111862583,12.65413839
329,91.94172667,11.99388863,-6.270026293,0.067764917,7.665714555
330,93.41065685,8.837547105,-3.114790737,0.093436583,10.56974925
331,92.87061544,9.469925374,-3.664381496,0.086693,9.806900452
332,95.39836955,24.47093925,-9.061938118,0.034462167,3.898435143
333,95.79264883,12.05848367,-5.493727511,0.070225,7.944004525
334,93.7017569,4.937634245,-2.025657002,0.167757167,18.97705505
335,95.92810505,9.241858592,-4.405439536,0.091756917,10.3797417
336,94.92452911,29.10203187,-12.98083587,0.028834167,3.26178356
337,93.46432197,31.61472936,-13.07261165,0.026134167,2.956353695
338,97.04771074,10.21424101,-4.194361954,0.08399075,9.501216063
339,96.31070109,6.690533822,-2.696191791,0.127252417,14.39506976
340,93.11558872,12.61437844,-3.895942496,0.06525425,7.381702489
341,94.84717378,12.0822539,-5.062136201,0.069395083,7.850122549
342,96.83993842,10.10243343,-4.387718558,0.0847385,9.585803167
343,93.90138149,9.986894645,-3.920056705,0.08311775,9.402460407
344,93.63967934,11.30669934,-3.490337996,0.073211,8.28178733
345,94.13571887,15.3011093,-5.56683556,0.054385583,6.152215309
346,96.01614398,7.565936661,-2.931839473,0.11218475,12.69058258
347,96.18271653,9.134753185,-3.148537445,0.093079167,10.5293175
348,92.32218961,19.20512424,-9.375428058,0.042495333,4.807164404
349,94.23332549,8.473261692,-3.534028761,0.098311917,11.12125754
350,94.60118139,6.993825488,-3.532538138,0.11957325,13.52638575
351,93.08138118,9.495442159,-3.589519691,0.08665625,9.802743213
352,93.93839941,34.0060109,-13.94654738,0.024419667,2.762405732
353,94.11342784,16.39338066,-5.67887007,0.050749917,5.740940799
354,96.42246491,7.347207024,-2.89330646,0.116013417,13.12368967
355,96.29981062,13.81450882,-7.242490206,0.061622917,6.970918175
356,93.76806319,11.7972569,-4.087632681,0.070262917,7.948293741
357,94.19336831,7.454137294,-2.970590426,0.111705667,12.63638763
358,92.48463578,7.803356662,-2.914355507,0.104770833,11.85190422
359,92.04843071,13.07904022,-3.990131599,0.062214667,7.03785822
360,93.22655827,10.43559953,-5.074978027,0.07897225,8.933512443
361,92.63050449,9.221229807,-3.293222055,0.088800917,10.04535256
362,93.88057188,18.57966871,-7.787838654,0.044667333,5.052865762
363,93.7258169,8.580458482,-3.729356721,0.096560833,10.92317119
364,94.48671708,7.223845717,-2.765021388,0.11562575,13.07983597
365,95.27665082,13.2583859,-5.342403624,0.0635255,7.186142534
366,94.29176701,11.65725263,-4.112806215,0.071503917,8.088678356
367,93.81230926,7.760265885,-2.406887596,0.106865,12.0888009
368,93.0511054,7.553280616,-2.732179106,0.108902583,12.31929676
369,95.48907565,14.6270294,-4.249081394,0.057709833,6.528261689
370,93.7742025,24.73670084,-11.48791553,0.0335115,3.790893665
371,92.43914236,15.70969457,-5.530275474,0.052016417,5.88421003
372,93.77589173,13.67818405,-4.244754225,0.060605917,6.855872926
373,93.48684941,7.854923947,-3.782505377,0.105210917,11.90168741
374,94.5367292,9.260039626,-5.695705959,0.0902485,10.20910633
375,93.48753038,19.25059782,-8.18038586,0.042930083,4.856344268
376,92.16943494,10.05393759,-2.839456656,0.081040667,9.167496229
377,93.23763427,7.767648837,-2.542375549,0.106109417,12.00332768
378,94.14240547,6.996708805,-2.11362558,0.118944333,13.45524133
379,93.44361397,9.03458121,-2.042002987,0.091431083,10.34288273
380,93.02512519,27.0987145,-6.668568112,0.030346167,3.432824284
381,95.74663053,10.75873211,-3.694341868,0.078671,8.899434389
382,92.07917104,5.800617527,-1.992518704,0.140326417,15.87402903
383,91.90832028,12.29009572,-4.907911593,0.066107667,7.478242836
384,93.99570881,21.05528013,-10.12548805,0.039463833,4.46423454
385,96.35578137,7.894409795,-1.731281597,0.10789725,12.20557127
386,95.90867379,11.41789147,-3.816687224,0.07425475,8.399858597
387,98.60546345,10.59208734,-3.740679916,0.082294667,9.309351433
388,97.93838685,6.416628319,-3.025873831,0.134926833,15.26321644
389,97.52010253,9.758376011,-3.935775478,0.088342333,9.993476621
390,95.94280417,12.92219681,-4.265937934,0.065633917,7.424651207
391,96.8105855,9.964726354,-2.976116502,0.0858835,9.715328054
392,98.64300201,10.46919003,-4.069628204,0.083292417,9.42221908
393,98.24960718,9.558690631,-4.10911953,0.0908625,10.27856335
394,94.38399422,13.42148604,-5.652833965,0.062165583,7.032305807
395,96.08611149,40.66682642,-16.59416847,0.020886833,2.362763952
396,93.16251832,9.275992903,-4.206962173,0.088783667,10.04340121
397,94.7394765,7.683769807,-2.064465053,0.108995583,12.32981712
398,95.33015275,11.79525047,-3.196894313,0.071445583,8.082079563
399,93.97697011,9.545093482,-3.152721647,0.087034917,9.845578808
400,95.63339658,11.43589141,-4.228022353,0.073925083,8.362565988
401,95.09546664,12.72989271,-4.002779538,0.066037,7.470248869
402,94.442308,8.610258144,-3.079790296,0.09696225,10.96858032
403,94.38088486,15.81008219,-6.260098681,0.052771833,5.969664404
404,93.7625705,9.879380915,-4.291473495,0.083898083,9.490733409
405,90.9275913,6.749233025,-2.483593809,0.119095,13.47228507
406,91.62280085,19.17004443,-8.626188038,0.042250583,4.779477753
407,93.42875233,11.74140747,-3.484300987,0.070341667,7.957202112
408,92.54228216,7.942174671,-2.316705945,0.10300375,11.65200792
409,92.04143729,8.966013575,-4.207626812,0.090747833,10.26559201
410,95.67175654,13.6335193,-5.173758324,0.06203375,7.017392534
411,95.03747604,15.14923794,-6.42259631,0.055457,6.27341629
412,92.18969346,8.22454246,-3.871571563,0.099088417,11.20909691
413,92.94999579,7.170637409,-2.998342021,0.11458925,12.96258484
414,91.8938296,10.63082827,-4.38149965,0.07641375,8.644089367
415,93.92658363,19.44825888,-9.28885938,0.042693333,4.829562594
416,94.68052313,8.518086525,-3.847642066,0.098258667,11.11523379
417,93.74337944,11.31009324,-4.622360441,0.073270083,8.288470965
418,96.531461,12.86497553,-5.04396935,0.066330333,7.503431373
419,95.28629188,9.334296663,-4.440665765,0.090240417,10.20819193
420,93.93176367,12.66524666,-6.354786601,0.065561833,7.416496983
421,93.31702204,12.24171838,-5.417355765,0.067386167,7.622869532
422,94.59255946,8.749398323,-2.712303562,0.095572083,10.81132164
423,90.35386337,7.159863795,-2.364293101,0.111556333,12.61949472
424,90.7735156,14.21814738,-5.621107057,0.056437583,6.384342006
425,91.55968184,9.655068222,-4.032670701,0.083830333,9.483069382
426,91.78179768,9.939515957,-3.035847775,0.081628833,9.23403092
427,91.74758383,8.224206628,-3.096980723,0.09861725,11.15579751
428,94.17337724,21.09017949,-5.58037736,0.039473,4.465271493
429,93.56060255,18.58910438,-8.879832444,0.0444925,5.033088235
430,91.42081203,7.630845726,-2.201262561,0.105907,11.98042986
431,92.91706744,10.35393149,-3.754133742,0.079330917,8.974085596
432,92.35819301,11.3984123,-3.763513395,0.071628083,8.102724359
433,91.50834784,11.21549957,-2.620343738,0.072126417,8.159096908
434,91.63832057,9.41962167,-3.118719905,0.0859995,9.728450226
435,90.17616878,11.94091137,-5.054100496,0.0667585,7.551866516
436,90.88493323,6.997176559,-3.479754364,0.114821,12.9888009
437,90.86013875,11.5070779,-4.725663031,0.069800833,7.89602187
438,90.65452383,14.9074267,-4.953689969,0.0537575,6.081165158
439,89.73579272,7.62424343,-2.637540626,0.104045,11.76979638
440,87.69859785,11.22169688,-5.333049136,0.069085417,7.815092383
441,90.19788484,11.96873733,-7.774671494,0.066619333,7.53612368
442,90.48928645,9.768449344,-4.714267564,0.081888667,9.263423831
443,89.94127928,11.54972158,-6.122069094,0.068839833,7.787311463
444,90.50151178,8.836925366,-4.519273188,0.090533,10.24128959
445,89.61507501,9.527346374,-5.09578562,0.083149833,9.406089744
446,88.6205322,9.220766053,-3.636541237,0.084961,9.610972851
447,89.17766896,9.064891938,-2.668454562,0.08696525,9.837697964
448,88.52230242,17.49360711,-5.829556402,0.04473275,5.060265837
449,88.22137335,6.60319493,-2.939136043,0.118106,13.36040724
450,87.13900271,5.635560402,-1.714386246,0.136687167,15.46234917
451,87.0168713,11.89609318,-4.838313993,0.064662333,7.31474359
452,89.25413824,26.39251991,-11.50090461,0.029895083,3.381796757
453,89.96134266,26.74425558,-8.37087342,0.029735667,3.363763198
454,89.51468472,10.81938267,-2.894090158,0.073138167,8.273548265
455,86.5610597,9.782306971,-3.609134101,0.078222833,8.848736802
456,88.15796917,6.720673756,-2.451988035,0.115958083,13.11743024
457,88.36529507,6.856857524,-2.035298268,0.113922333,12.88714178
458,86.59861988,11.35833348,-2.836469904,0.06739825,7.624236425
459,87.26423068,17.95671062,-6.236710933,0.04295975,4.859700226
460,86.69881502,24.3820593,-8.600334733,0.031433667,3.555844646
461,88.59059507,15.85958175,-7.376561404,0.049379667,5.585935143
462,86.31611207,8.414823213,-3.009042369,0.090677417,10.25762632
463,88.00222111,26.03139742,-9.83775898,0.029884667,3.380618401
464,89.8803964,12.35034074,-3.09695113,0.064333667,7.277564103
465,87.33797855,4.404845459,-1.341448499,0.175276917,19.82770551
466,88.3487779,8.66223731,-3.986155167,0.090161833,10.19930241
467,87.16359236,10.71810224,-4.632210767,0.071890167,8.132371795
468,88.27508904,6.915810233,-2.212964598,0.112835917,12.76424397
469,88.05445475,12.54157768,-3.604832085,0.062065667,7.021003017
470,87.56185339,12.33429306,-3.917939531,0.062755667,7.099057315
471,87.20185476,8.20084501,-2.376574786,0.093998167,10.63327677
472,86.41656678,10.25722812,-3.173499797,0.0744765,8.424943439
473,87.75040295,13.06800588,-4.380562421,0.05935975,6.714903846
474,88.7492855,14.40423903,-7.425156835,0.054466167,6.161331071
475,88.8936005,7.371272588,-3.62335714,0.106605667,12.05946456
476,87.56261883,8.052474964,-3.531204294,0.096126167,10.87400075
477,86.42467115,16.4128617,-6.753979215,0.0465485,5.265667421
478,86.11944208,13.24165531,-4.59094689,0.0574925,6.503676471
479,88.38571769,10.6390095,-3.367385516,0.073440083,8.307701735
480,89.43898402,14.58804845,-6.863846549,0.054197833,6.130976621
481,89.10483804,8.662903446,-2.050795198,0.090926417,10.28579374
482,88.4910265,8.476092266,-3.170850833,0.09229025,10.44007353
483,87.38449626,10.70142708,-4.622711602,0.072184667,8.165686275
484,85.60679147,6.868922156,-3.041272288,0.110172167,12.46291478
485,85.48028959,20.07036136,-9.228616175,0.037649833,4.25903092
486,86.01879705,9.239405664,-3.31458945,0.082300333,9.309992459
487,86.3226413,7.700838688,-2.764897986,0.099092083,11.20951169
488,85.09977604,27.94371329,-11.49551033,0.026921333,3.045399698
489,84.06007429,9.452421097,-1.432321859,0.078613833,8.892967572
490,86.78184676,7.813837798,-2.531353203,0.098178583,11.10617459
491,86.04134791,7.699404013,-3.664855917,0.098787583,11.17506599
492,86.06227445,9.30094907,-3.408612536,0.081797083,9.253063725
493,87.2697218,11.11195784,-4.380878938,0.0694265,7.853676471
494,85.89605056,10.1942933,-4.113164198,0.074484917,8.425895551
495,84.37131505,6.777577095,-3.599711754,0.110045583,12.4485954
496,89.3635726,7.499082583,-4.550170234,0.10534275,11.91660068
497,90.11416789,19.7328258,-7.433523202,0.04036975,4.566713801
498,88.40125392,0,0,-0.010510917,-1.189017722
499,87.85763497,8.928948205,-3.81904262,0.086982417,9.839639894
500,87.76264636,5.292626043,-2.003566485,0.146585417,16.58206071
501,89.15976979,16.60877878,-6.73869912,0.047455167,5.368231523
502,87.87324331,34.66371772,-16.11815619,0.022409583,2.535020739
503,87.13202366,8.460612255,-3.145448278,0.091039167,10.29854827
504,87.19218243,12.67061567,-5.55274697,0.060832,6.881447964
505,85.71963447,15.20790141,-7.660094173,0.049826833,5.636519608
506,86.52710057,6.76415414,-2.655250069,0.113081333,12.79200603
507,86.57985054,9.480856941,-3.803271986,0.0807275,9.132070136
508,86.5644127,11.82844481,-6.230333273,0.064694,7.318325792
509,88.02673019,12.25283794,-5.051000077,0.06350825,7.184191176
510,88.73461037,9.220814907,-4.115127841,0.085069917,9.623293741
511,87.01072435,17.09002001,-8.091696705,0.04500725,5.091317873
512,84.75937618,13.21451454,-5.618853537,0.05670075,6.414111991
513,87.51003222,6.346825835,-2.420064996,0.121885917,13.78799962
514,85.17507924,7.740104601,-3.675601933,0.09727875,11.00438348
515,87.49188936,15.22688992,-7.537823491,0.050793583,5.745880468
516,86.23694337,11.0291993,-4.542627875,0.069119667,7.818966817
517,83.36721676,6.218726055,-2.324877774,0.118507583,13.40583522
518,85.43093444,0,-41.23801861,0.007341667,0.830505279
519,87.34914265,14.18087594,-6.115891666,0.05445125,6.159643665
520,88.51130978,5.006446357,-2.730193518,0.1562865,17.67946833
521,86.10698848,9.125177162,-5.040944517,0.083416,9.436199095
522,86.72768543,9.04394721,-4.255774747,0.084771917,9.589583333
523,86.61081212,10.92217019,-5.054359095,0.070099583,7.929817119
524,85.28523997,23.91946238,-8.654991047,0.031519167,3.565516591
525,86.97193463,23.09000972,-11.85911777,0.033297167,3.766647813
526,87.3374283,7.424496434,-3.07456541,0.103988583,11.7634144
527,84.93735792,6.981217615,-3.725562679,0.107552333,12.16655354
528,86.86389493,8.373770313,-3.462869001,0.09170025,10.37333145
529,87.2282117,8.045065366,-3.151350078,0.09584725,10.8424491
530,87.12788522,0,-36.37223547,0.009496,1.074208145
531,85.40976119,16.59626735,-7.192717679,0.0454935,5.146323529
532,86.0344282,5.425325952,-1.991735437,0.140184083,15.85792798
533,85.96659429,11.21639918,-4.578125507,0.067753,7.664366516
534,85.58116232,11.29073342,-6.308180974,0.067005167,7.579769985
535,88.12535202,7.451118617,-3.674167682,0.104551833,11.82713047
536,88.82626672,17.56846926,-9.173201873,0.044695083,5.056004902
537,87.71410596,10.17436632,-5.874246377,0.076210417,8.621087858
538,86.42341944,10.14756393,-5.50186568,0.075287333,8.516666667
539,85.5093577,25.81921566,-11.33977539,0.02927675,3.311849548
540,83.85712822,9.202866273,-4.072364333,0.080550667,9.112066365
541,85.17077851,7.706224388,-2.373609057,0.0977015,11.05220588
542,85.10503233,9.6984229,-5.496457217,0.07757225,8.775141403
543,85.00474793,10.76505309,-4.130462188,0.069803833,7.896361237
544,85.40866634,8.77506695,-1.011472645,0.086040667,9.733107089
545,85.9138734,16.64285462,-7.323072857,0.045633917,5.162207768
546,85.58713546,10.77485092,-4.918825674,0.070218167,7.943231523
547,87.69924007,6.50046598,-3.138645995,0.119262417,13.4912236
548,84.34720872,13.10979328,-7.653062662,0.05687575,6.433908371
549,85.07808609,13.90071878,-5.98565849,0.054104417,6.120409125
550,85.15288467,10.92748294,-6.887604469,0.068886083,7.792543363
551,84.49154692,18.99346312,-11.65334168,0.039324333,4.448453997
552,86.39681071,19.54073008,-10.31024336,0.039084917,4.421370664
553,84.3133015,13.68041602,-6.441734393,0.0544815,6.163065611
554,87.44637137,8.711738171,-4.741427153,0.088733833,10.03776395
555,87.00284755,7.91962531,-2.337384629,0.097113833,10.98572775
556,86.14976732,6.613228326,-3.068057932,0.115157667,13.02688537
557,84.19904986,5.844504781,-2.185618073,0.12735375,14.40653281
558,84.26874949,15.39900285,-6.911558287,0.048375583,5.472351056
559,83.57118364,9.465646589,-4.947894277,0.078047417,8.828893288
560,81.68858726,11.21160157,-7.327124091,0.064408917,7.286076546
561,84.35359598,10.66733441,-5.701773827,0.069903667,7.9076546
562,85.08101211,6.102176583,-2.567054465,0.12325375,13.9427319
563,84.60746366,8.699313222,-3.1714714,0.08597575,9.725763575
564,83.05159029,25.5212458,-12.84560337,0.02876725,3.254213801
565,82.96140224,30.54981237,-14.99660199,0.024006,2.71561086
566,83.96745787,8.963604183,-2.269073539,0.082809583,9.367599925
567,83.56629564,14.63181213,-5.293241057,0.050487667,5.71127451
568,85.03389618,10.7998555,-3.522461627,0.06960275,7.873614253
569,87.24123008,5.655422097,-2.838757436,0.136366917,15.42612179
570,84.01051426,8.133188304,-3.497471817,0.091311417,10.32934578
571,83.06673461,0,-182.0789873,0.00151,0.17081448
572,84.24469034,14.28629373,-7.12597565,0.0521285,5.89688914
573,85.63719603,6.02432954,-2.211058909,0.125662583,14.21522436
574,85.05826208,7.878907867,-3.183770983,0.095433917,10.79569193
575,82.51699988,18.74992684,-8.327916909,0.038904167,4.400923831
576,83.07907696,15.23266947,-5.596549815,0.048213417,5.45400641
577,82.41865979,8.21068118,-3.652018223,0.08873575,10.03798077
578,84.49390354,8.442983301,-3.996797747,0.088467083,10.00758861
579,82.37831361,7.327428734,-3.958887342,0.099383333,11.24245852
580,84.63700618,8.783166782,-4.379507394,0.085184667,9.63627451
581,85.10408543,13.65335091,-5.295045462,0.0551015,6.233201357
582,85.38313947,23.7843038,-9.069018678,0.031734667,3.589894419
583,86.42450533,0,-42.69353901,0.009456,1.069683258
584,85.21968476,11.90513424,-5.777713368,0.06327875,7.158229638
585,86.20489463,8.492643475,-3.788051613,0.08973075,10.15053733
586,86.55751378,8.279572499,-3.852184101,0.092416417,10.45434578
587,87.84177545,5.478468316,-2.353399644,0.141740583,16.03400264
588,88.15434482,9.064916221,-4.475075949,0.085967083,9.724783183
589,87.4510706,23.34434578,-12.99121593,0.033115833,3.746134992
590,86.49518405,15.47239565,-8.751736232,0.049418167,5.590290347
591,87.20807484,24.59811846,-14.12270012,0.031340583,3.545314857
592,87.80373802,10.65742968,-5.742953742,0.072830417,8.238734917
593,88.63814245,5.766959991,-2.766818261,0.13587075,15.36999434
594,85.8330636,13.13498469,-5.297231308,0.057766667,6.534690799
595,85.03182973,34.9265917,-12.63158289,0.02152175,2.434587104
596,87.06933275,12.04585357,-4.636390384,0.063896917,7.228157994
597,87.92823538,7.104045631,-3.426311502,0.1094145,12.37720588
598,87.5770003,10.57697335,-3.900144468,0.073194917,8.279967949
599,87.13038069,18.78173192,-10.12053646,0.041009667,4.639102564
600,84.98934052,10.592426,-5.059607126,0.070928583,8.0235954
601,86.17365114,7.141953799,-3.842665676,0.106662,12.0658371
602,87.01828785,12.45464882,-7.825270246,0.061763417,6.98681184
603,84.08333389,16.29048176,-6.581047968,0.045627667,5.161500754
604,85.1637913,6.953885396,-1.784078972,0.108262917,12.24693627
605,84.13742961,12.96605192,-4.421199836,0.05736325,6.48905543
606,85.42402269,6.496020949,-2.997223411,0.116247833,13.15020739
607,86.62881383,8.713298262,-4.159340272,0.0878885,9.942138009
608,85.52963323,0,-76.05962801,0.005193917,0.587547134
609,84.94910264,7.259829101,-3.548109393,0.103439083,11.70125377
610,84.67054822,10.32276914,-4.793518253,0.072508417,8.202309578
611,82.83853154,11.55398637,-6.327171558,0.063380083,7.169692685
612,87.07208951,7.966933066,-2.987582668,0.096614,10.92918552
613,85.84982428,11.20094331,-3.431469259,0.067754333,7.664517345
614,85.364547,10.31103564,-4.82145188,0.073185917,8.278949849
615,86.53869433,10.11766961,-6.028812665,0.0756105,8.553223982
616,86.97357755,21.74206215,-12.678773,0.035362167,4.000245098
617,85.459772,11.67148939,-6.496173845,0.064727333,7.322096531
618,83.51353947,7.791055984,-3.90521102,0.094757333,10.71915535
619,84.37355988,14.36290892,-6.290255965,0.05192975,5.874406109
620,85.33729994,7.314507505,-2.740952274,0.103135,11.6668552
621,85.91590084,11.49769548,-4.219208511,0.066056417,7.472445324
622,86.53308903,31.05092629,-12.25600141,0.024635417,2.78681184
623,86.15284714,7.786719877,-3.142159636,0.097806417,11.06407428
624,85.64204218,7.951521775,-3.09829832,0.095211417,10.77052225
625,84.93546972,10.02929172,-2.403873414,0.074863667,8.468740573
626,85.86393049,10.92895894,-3.369736562,0.069451917,7.856551659
627,85.51694729,18.71613912,-8.709944131,0.040391333,4.569155354
628,85.07726169,19.64000757,-7.175075884,0.038293417,4.331834465
629,87.18671512,6.909464046,-4.05161087,0.111547083,12.61844834
630,87.05501341,8.118144981,-5.066470592,0.094795833,10.72351056
631,86.92562144,17.63744888,-7.825665558,0.043567667,4.92846908
632,84.89901489,9.356740715,-4.150211951,0.080210333,9.073567119
633,85.70592599,12.48391347,-5.118283702,0.060689333,6.865309201
634,87.24938937,12.21645078,-4.540204223,0.063134917,7.141958899
635,88.71964548,9.415051863,-3.053446945,0.083300833,9.423171192
636,88.60655607,11.51873936,-3.457522635,0.068000667,7.692383107
637,88.57741781,13.57496552,-4.734573779,0.0576815,6.525056561
638,87.57144633,11.93358387,-6.518912336,0.06487,7.338235294
639,85.48325971,13.75643663,-8.097594967,0.05493225,6.21405543
640,84.4588049,13.65977232,-7.068178818,0.054658,6.183031674
641,87.029986,8.293223604,-4.423938109,0.092767917,10.49410822
642,85.72901947,6.269533842,-2.52911482,0.120877333,13.67390649
643,86.17587352,15.27972177,-5.74825518,0.049856583,5.639884992
644,86.43007977,13.69113733,-6.330668018,0.055805583,6.312848793
645,85.15944507,22.73038438,-10.8376007,0.033119083,3.74650264
646,83.18331341,11.41449032,-3.065800919,0.064421667,7.287518854
647,85.66795708,7.039260297,-2.659852211,0.107583,12.17002262
648,84.99910178,13.33425719,-8.041080115,0.0563505,6.37449095
649,85.71900898,12.35092549,-6.064751271,0.061352167,6.940290347
650,86.81103761,14.5052891,-4.717719146,0.0529055,5.984785068
651,84.20538638,5.717005966,-2.556134436,0.13020375,14.728931
652,82.98476336,6.006085689,-2.583108198,0.122140333,13.81677979
653,83.9096039,13.22553777,-4.912090014,0.0560855,6.344513575
654,85.85138812,18.27218989,-6.392696439,0.0415345,4.698472851
655,83.33633576,31.68663796,-11.86861406,0.023249333,2.630015083
656,85.93609049,23.0316226,-11.70871618,0.032984,3.731221719
657,85.98872689,6.021939147,-2.890389701,0.1262285,14.27924208
658,85.81125746,6.332374633,-2.404377321,0.119792583,13.55119721
659,82.7310264,11.59969294,-3.869810699,0.063048417,7.132173831
660,84.9204335,11.77406357,-5.596529019,0.0637585,7.2125
661,87.09012398,0,0,-0.0108425,-1.226527149
662,86.74490045,22.49237138,-13.47420131,0.034092667,3.856636501
663,85.41748835,5.244185449,-1.946072552,0.14398625,16.28803733
664,86.26405294,10.76284151,-3.544064937,0.0708525,8.014988688
665,87.1355555,20.14734447,-9.663151252,0.03823225,4.324915158
666,86.19294574,7.460218049,-3.124095701,0.1021345,11.55367647
667,84.56827596,12.18004178,-5.315831181,0.06137775,6.943184389
668,84.07584327,12.29499592,-5.473212619,0.060449833,6.83821644
669,85.66069158,8.811013335,-3.772320157,0.0859425,9.722002262
670,85.93108006,26.78969557,-14.13093775,0.028355333,3.207616893
671,86.79080243,62.4543355,-20.49298718,0.012284667,1.389668175
672,86.62670261,5.859238802,-2.404219319,0.130696167,14.78463424
673,85.10228264,6.241573854,-1.922494275,0.120531167,13.63474736
674,88.55669155,0,0,-0.006795583,-0.768731146
675,86.98431455,12.84752232,-5.632433876,0.059851333,6.770512821
676,87.63689483,8.220979302,-3.99606246,0.09423575,10.66015271
677,88.71453148,13.20572791,-5.28978636,0.059386083,6.71788273
678,85.09393855,6.787592527,-2.682313176,0.110824333,12.53668929
679,84.39229346,8.418318459,-4.498002625,0.088619583,10.02483974
680,85.60831521,20.64417223,-11.38411677,0.036658167,4.146851433
681,86.44651926,7.927280837,-2.649264614,0.096399667,10.90493967
682,85.27567559,10.10074306,-2.494709628,0.074631833,8.442515083
683,89.60710852,14.69909424,-7.438288974,0.0538895,6.096097285
684,89.24041395,13.13801518,-5.093151991,0.060046,6.792533937
685,87.8737036,19.05206609,-6.929890866,0.040772667,4.612292609
686,87.78661667,17.47367766,-8.385504982,0.044411583,5.023934766
687,86.318843,32.88702996,-16.90028252,0.023202417,2.624707768
688,87.4022193,8.294353515,-4.029049432,0.093152,10.53755656
689,89.07232585,5.83624091,-3.788443624,0.1349155,15.26193439
690,85.37843153,9.286696898,-5.353142116,0.081271667,9.193627451
691,87.68931528,17.0019677,-9.906545944,0.045593167,5.157598039
692,85.35941548,12.47229942,-7.577878338,0.06050025,6.843919683
693,84.79875204,7.438849948,-4.162956179,0.100771083,11.39944382
694,87.03602055,8.889264329,-4.464460337,0.086553667,9.791138763
695,88.41597687,15.67594185,-6.96978556,0.049859667,5.640233786
696,86.19583295,14.40669243,-7.225872783,0.052890083,5.983041101
697,88.55505764,10.75487461,-4.928164466,0.072788083,8.233946078
698,87.77438687,9.51733816,-4.477905009,0.081527583,9.2225773
699,88.6268486,19.05119496,-8.482926,0.041124,4.652036199
700,89.41505582,16.56285425,-5.365550268,0.047723,5.398529412
701,89.40892622,8.978438203,-4.027747155,0.088030333,9.958182504
702,88.63671514,8.256150233,-2.563956946,0.094904833,10.73584087
703,87.05722718,9.287523743,-2.089016333,0.082862333,9.373567119
704,87.93870835,7.311402624,-3.593270652,0.106324083,12.02761124
705,89.52771,27.55985791,-15.00695723,0.028716583,3.248482278
706,90.97548789,0,0,-0.005774917,-0.653271116
707,91.8769668,8.521556458,-2.90302657,0.095310333,10.78171192
708,89.56763752,11.832946,-4.128583875,0.066913,7.569343891
709,87.99167097,11.23552125,-4.590507416,0.069231,7.831561086
710,88.33237102,11.44289167,-5.073525151,0.068239583,7.719409879
711,88.57043093,12.22287295,-6.127989764,0.064057167,7.246285822
712,87.98512855,8.1766468,-3.265295715,0.095123167,10.76053922
713,90.12875786,8.130286026,-3.904365987,0.097996333,11.08555807
714,89.06783008,10.06064661,-4.163840093,0.078261333,8.853092006
715,87.51444985,14.30057495,-5.162263526,0.054097667,6.119645551
716,88.39068661,17.42850617,-7.126798729,0.044833083,5.071615762
717,89.15724484,9.256798412,-3.975754563,0.085142833,9.631542232
718,90.26973331,9.163133276,-4.397520416,0.087086417,9.8514046
719,90.38434716,13.14701243,-6.4208254,0.060774083,6.874896305
720,89.2244446,10.37686909,-5.620951166,0.076009833,8.598397436
721,89.0261205,9.920960069,-3.092802862,0.079326083,8.973538839
722,88.93563,9.779194025,-3.757581176,0.08039425,9.094372172
723,90.75650357,25.00149295,-9.85408502,0.032089583,3.630043363
724,89.53073082,11.00554242,-3.803660651,0.071913917,8.135058446
725,92.80661632,6.680105593,-2.953936366,0.122814,13.89298643
726,92.09689829,23.21925052,-10.1092735,0.035063,3.966402715
727,89.55625193,22.69109758,-12.38229898,0.034889333,3.946757164
728,89.87846606,12.32442103,-5.748843317,0.064467583,7.292713047
729,90.62519106,0,-53.55526818,0.005497167,0.621851433
730,90.23525025,10.81153575,-3.395726765,0.073780417,8.34620098
731,90.16161063,6.363544438,-2.121533868,0.125249167,14.16845777
732,90.76260295,9.464716976,-3.338473833,0.084771833,9.589573906
733,90.8781524,7.50303294,-3.500819873,0.10707175,12.11218891
734,90.54529115,12.0812243,-4.226310403,0.06625325,7.494711538
735,90.89350807,17.16538102,-4.437063468,0.04680925,5.295164027
736,90.05436101,7.357712236,-3.200752744,0.10819675,12.23945136
737,90.51681255,16.72246638,-7.217423641,0.047849917,5.412886501
738,92.99926684,28.3261137,-12.11878967,0.029023167,3.28316365
739,93.97562511,7.046169225,-3.257409612,0.117900167,13.33712293
740,93.37155398,10.99603498,-5.075721656,0.075063833,8.491383861
741,92.73636091,26.82710661,-11.97285488,0.03055825,3.456815611
742,95.29338159,12.53167023,-4.45849606,0.067221167,7.604204374
743,93.97008484,10.86329765,-1.836088915,0.076468083,8.650235671
744,91.75002278,12.35709369,-4.283558147,0.065636,7.424886878
745,90.79369277,12.59420741,-3.992278887,0.063729,7.209162896
746,94.33175671,11.92742116,-3.751604132,0.069913917,7.908814103
747,93.78771967,11.53840506,-5.462943516,0.07185425,8.128308824
748,92.62374607,11.25493786,-3.399834786,0.07274975,8.229609729
749,93.23354163,13.64447879,-4.373661932,0.06040425,6.833059955
750,93.48028338,13.22056448,-4.959448508,0.062506083,7.070823906
751,92.16805964,6.79775774,-2.567359307,0.119858,13.55859729
752,92.92674715,6.878664287,-1.809753898,0.11942325,13.50941742
753,95.28828433,40.46169538,-14.88912557,0.020818417,2.35502451
754,93.97459847,0,-53.02121989,0.003966333,0.448680241
755,93.72884005,11.74192329,-3.108554286,0.0705645,7.982409502
756,93.11209849,7.744503021,-2.292818599,0.10628325,12.02299208
757,95.02147856,13.74276512,-5.977134388,0.061122333,6.914291101
758,96.92849756,36.16065941,-14.59506451,0.023695583,2.680495852
759,95.76784536,7.297965815,-2.106155345,0.11600325,13.12253959
760,95.83226357,9.899857547,-4.055205734,0.085572667,9.680165913
761,95.50508781,29.40298208,-10.89829257,0.028713583,3.248142911
762,95.18985373,7.709375236,-1.902638394,0.10915,12.34728507
763,95.3756112,10.18753508,-3.542862308,0.08276,9.36199095
764,94.87034158,30.22094248,-9.300752338,0.02775075,3.139225113
765,95.64414195,12.04136125,-2.384683517,0.070215833,7.942967572
766,98.20419953,10.66289741,-2.120024299,0.0814155,9.20989819
767,96.81745597,8.756830175,-2.77650774,0.097737,11.05622172
768,97.09527449,7.951066127,-1.618669587,0.107950583,12.21160445
769,97.45085786,38.96285981,-7.370014109,0.022109917,2.501121795
770,95.14929934,13.68742769,-3.936284936,0.061452,6.95158371
771,95.54899753,7.145920294,-2.454105493,0.11820075,13.37112557
772,94.67693422,13.72223219,-5.390925033,0.060991833,6.899528658
773,94.87804084,11.98924871,-4.020885549,0.069956167,7.913593514
774,97.24069757,8.476119385,-2.140715853,0.10141525,11.47231335
775,95.84686957,9.480126736,-4.191676759,0.089375,10.11029412
776,96.94321248,10.99778946,-4.401574752,0.07792275,8.814790724
777,96.81185244,8.67560655,-2.807538371,0.098646333,11.15908748
778,98.41408658,12.92071074,-3.50171651,0.06733225,7.616770362
779,96.72176264,67.75748274,-17.86010716,0.012618833,1.427469834
780,97.00340064,45.15448771,-12.70372222,0.018990583,2.148256033
781,98.58624098,15.83520476,-5.902300914,0.05503575,6.225763575
782,99.11648617,8.670603152,-3.360926329,0.101052917,11.43132541
783,100.6369156,13.7374314,-1.454237688,0.064759583,7.325744721
784,99.74028896,10.88643488,1.359606577,0.080991083,9.161887255
785,101.2358524,8.996918021,-0.503327048,0.099470167,11.2522813
786,99.0702838,12.89907038,-2.535498486,0.067894917,7.680420437
787,99.24331931,8.258203554,-1.844770517,0.106235083,12.01754336
788,100.5496006,10.05936957,-1.989222897,0.08836125,9.995616516
789,102.1511943,18.0787715,-5.643223239,0.049949,5.650339367
790,102.5207592,13.28963756,-4.033183899,0.06819475,7.714338235
791,101.3943742,9.336967,-0.543314472,0.095997583,10.85945513
792,100.670172,18.20165303,-2.083543146,0.0488925,5.530825792
793,104.1632524,28.79196876,-2.934036292,0.03198125,3.617788462
794,104.7882076,12.45103236,-1.707203502,0.074397667,8.416025641
795,104.326721,12.29505816,-3.928457466,0.075009667,8.48525641
796,102.4430892,11.00716301,-2.034964724,0.082273417,9.306947587
797,104.1811812,10.64571442,-1.075390612,0.086510083,9.786208522
798,103.5905331,15.30404205,-3.317009098,0.0598365,6.768834842
799,101.2548563,13.4511272,-2.120505425,0.066544083,7.527611237
800,101.4256637,9.175849769,0.359059727,0.097713333,11.05354449
801,101.9944887,9.266151412,0.368811361,0.09730375,11.00721154
802,102.6010404,12.84677751,-1.225816298,0.070600833,7.986519608
803,102.6159864,14.91408029,-2.175969779,0.060823417,6.880476998
804,104.112085,12.52899627,-2.95442346,0.073457667,8.309690799
805,105.8942988,10.20705964,-2.599895598,0.091711583,10.3746135
806,104.7907435,10.97178053,-0.020096988,0.08443025,9.550933258
807,105.5479793,15.42638184,-0.26397006,0.060483667,6.842043741
808,105.6524219,11.83378163,-1.991548104,0.078923833,8.928035445
809,104.7560952,12.4361147,1.533691436,0.074464083,8.423538839
810,103.6421503,15.66491695,-1.715598111,0.058487167,6.616195324
811,107.2367786,12.74077508,-3.846826071,0.074404667,8.416817496
812,109.312374,10.2349194,-1.406203668,0.094414167,10.6803356
813,108.1934769,15.06994421,2.428504239,0.063466083,7.179421192
814,108.3946768,11.79838691,2.015376366,0.08121525,9.187245475
815,107.8553314,7.633366015,1.341982688,0.124904417,14.1294589
816,109.9849738,16.99156338,-1.650898894,0.057220583,6.472916667
817,107.4119879,15.33290318,-2.307067879,0.061927083,7.005326169
818,108.8698647,11.96271761,-1.918305324,0.08045075,9.100763575
819,107.7062624,41.70005079,-0.32341049,0.022832667,2.582880845
820,108.7271662,26.48192285,1.845788945,0.0362945,4.10571267
821,107.5917063,10.71737409,-0.080822306,0.08874475,10.03899887
822,107.3611251,9.589729428,0.91755365,0.098967583,11.19542798
823,109.89038,12.03671315,2.066897641,0.080705667,9.129600302
824,109.6270786,13.89368961,1.067569934,0.069751333,7.890422323
825,110.4529109,11.63256684,1.251684637,0.083937083,9.495145173
826,109.6346373,9.358274422,-0.379576751,0.103562917,11.71526207
827,108.8799161,9.823166976,-0.534311361,0.0979825,11.08399321
828,110.9623843,13.87364939,-0.042431625,0.070702917,7.998067496
829,112.4814452,0,28.26009195,0.0056415,0.638178733
830,112.7083071,19.16787663,6.487032105,0.05197975,5.880062217
831,111.683438,6.217040615,1.038669697,0.1588025,17.96408371
832,109.3239592,9.134548367,-0.979937953,0.10579875,11.96818439
833,109.8305558,30.28115388,1.599696408,0.032062917,3.627026772
834,112.9529005,12.42069288,2.492135134,0.080390333,9.09392911
835,112.6471264,8.254663118,1.955379715,0.120634917,13.64648379
836,114.112032,10.62815803,-0.663333677,0.094913,10.73676471
837,109.7669496,11.00621294,-0.028194589,0.088162917,9.973180618
838,111.2794861,9.815292082,0.556290589,0.10022225,11.3373586
839,114.0195577,13.35081183,4.123178401,0.075496,8.540271493
840,112.2854172,21.38539456,9.969485182,0.046415,5.250565611
841,112.327938,12.39777308,8.643211902,0.080093333,9.060331825
842,115.2798177,7.197991124,1.514392699,0.1415775,16.0155543
843,117.5416689,11.14175877,3.388660473,0.093258917,10.54965121
844,116.3141088,21.63126029,7.471782006,0.047533833,5.377130468
845,118.0945695,12.3753174,1.346750608,0.084357917,9.542750754
846,119.2254965,15.41772906,3.395052408,0.068359833,7.733012821
847,117.5402387,21.60094196,9.660503463,0.048102333,5.441440422
848,117.6354095,11.06288137,4.237312642,0.09399875,10.63334276
849,116.5552154,9.290778448,2.813519907,0.110900083,12.5452583
850,116.4292653,10.81776594,4.834561356,0.095143,10.76278281
851,118.4091114,11.15313451,5.286557315,0.093851333,10.61666667
852,120.1889829,15.43056996,3.234049419,0.068854917,7.789017722
853,119.7227481,19.04921692,9.113857332,0.055558667,6.284917044
854,119.5667,16.00212401,8.713225294,0.066051833,7.471926848
855,117.8886886,9.673958126,2.758082876,0.107725917,12.18618967
856,118.4711197,11.08251458,4.74729036,0.094498833,10.68991327
857,118.699016,17.46750625,12.1887918,0.0600715,6.795418552
858,123.5573985,14.79555606,8.952888612,0.073822667,8.350980392
859,121.5922743,10.53840176,4.638394556,0.101996083,11.53801848
860,119.2262907,10.31651799,5.214487759,0.102162417,11.55683446
861,121.0634214,9.935053443,5.982393177,0.107719667,12.18548265
862,118.954567,8.722306567,4.689178695,0.120559667,13.63797134
863,120.9236199,15.31106256,8.576978676,0.0698165,7.897794118
864,120.7397854,19.14736782,10.28889318,0.055743417,6.305816365
865,121.0442777,15.65170491,15.20408739,0.068365167,7.733616139
866,118.9862475,19.70709782,25.49260351,0.053373583,6.037735671
867,119.6477777,7.970502567,7.369285627,0.132700083,15.01132164
868,127.023193,7.338889974,3.931420684,0.15300475,17.30822964
869,124.5906579,14.66613364,10.47541561,0.075096917,8.49512632
870,123.8466983,36.30681622,24.95826154,0.03015425,3.411114253
871,126.2829007,18.09795758,13.59102828,0.06168325,6.977743213
872,126.4408969,7.146449964,7.394752291,0.156404583,17.69282617
873,126.2898432,8.715497527,6.655331023,0.128093917,14.49026207
874,125.5652256,0,0,-0.002625667,-0.297021116
875,127.3128336,12.31111772,9.214666553,0.091417,10.34128959
876,130.5208056,5.861722753,3.247947898,0.196837,22.26662896
877,130.3536103,20.98645309,12.54150653,0.054908083,6.211321644
878,131.3121319,61.55827415,58.88622726,0.018856917,2.13313537
879,130.884582,9.199403453,7.90281296,0.125771167,14.22750754
880,130.4059776,11.51822271,8.705354353,0.100083917,11.32171003
881,128.2843802,13.96636499,11.86609643,0.0811975,9.185237557
882,127.1209016,8.647624924,8.539955173,0.129948833,14.70009427
883,131.0492813,10.90907559,10.16798968,0.10619375,12.01286765
884,132.3996878,13.34531728,17.68760846,0.087702167,9.921059578
885,129.4900517,14.70000779,14.10369666,0.077870167,8.808842383
886,131.5074395,14.21838256,14.86084453,0.081762167,9.249113876
887,133.5229874,12.39665327,12.89894551,0.095214667,10.77088989
888,131.6687211,8.834658205,7.608152264,0.131748333,14.90365762
889,135.6144705,7.40096987,11.32433747,0.161983083,18.32387821
890,133.1007013,11.83263096,14.41701485,0.09943775,11.24861425
891,135.6987995,53.15626301,58.3734338,0.022567,2.552828054
892,138.0893413,29.7965439,36.88268976,0.040968167,4.634407994
893,140.334411,13.04373767,18.32586145,0.095107417,10.75875754
894,140.9588328,10.13225127,12.27742182,0.122981167,13.91189668
895,141.7247342,10.44577122,12.29037498,0.119938167,13.56766591
896,142.3928822,11.18778091,14.68139494,0.112511417,12.72753582
897,140.1948731,13.65055682,14.62213205,0.090789167,10.27026772
898,140.006128,17.26501585,15.46131333,0.071685667,8.109238311
899,143.6615374,12.1503911,13.91015976,0.10452075,11.82361425
900,143.3316143,13.98223475,17.06460607,0.090618667,10.25098039
901,146.4495848,10.18486511,12.44674385,0.127111583,14.37913839
902,145.8024958,9.970558235,15.81646114,0.12927,14.62330317
903,143.2838122,41.01500817,47.35944455,0.030882083,3.493448341
904,148.5222361,19.26082442,18.95392014,0.068166167,7.711104827
905,145.9662925,8.964609774,10.43296414,0.143937333,16.28250377
906,148.0689647,9.356169327,10.57072522,0.139900167,15.82581071
907,147.8867623,13.64517269,14.39734666,0.095808167,10.8380279
908,142.195211,12.41453358,17.23547117,0.10125275,11.453931
909,145.0218953,10.63304587,12.15854554,0.120566917,13.63879148
910,143.5892933,9.427083907,7.658790755,0.134647083,15.23157051
911,145.950049,9.884185881,10.48258558,0.130531583,14.76601621
912,149.7674232,16.53479787,16.35230539,0.080070167,9.057711161
913,149.2103492,14.59603644,20.14378768,0.090368333,10.22266214
914,148.8873323,10.25228181,15.43233511,0.128377667,14.52236048
915,153.6505174,18.41706163,26.10695488,0.073750667,8.342835596
916,154.8576314,27.26024715,26.75087882,0.0502175,5.68071267
917,156.0322356,17.90840771,21.91526458,0.077021083,8.712792232
918,154.4152073,12.33140878,14.33186292,0.110695417,12.52210596
919,158.359042,9.10467055,17.8288394,0.153755583,17.39316554
920,157.8618979,10.58250588,19.02599699,0.1318685,14.91725113
921,156.2208623,12.58350443,23.28897038,0.10974625,12.41473416
922,160.3310992,22.24598484,33.85924888,0.063711583,7.207192685
923,160.593125,16.66205545,22.58607953,0.085202167,9.638254148
924,156.3164676,9.102574583,14.69030328,0.151807333,17.17277526
925,155.7641412,9.938325573,16.36086054,0.13855,15.67307692
926,154.5890003,12.55114672,17.5773168,0.108879833,12.31672323
927,157.9555957,22.79606657,31.45858595,0.061253,6.929072398
928,163.5017369,15.94624133,18.7984087,0.09063925,10.25330882
929,162.4746847,7.448000875,10.66761346,0.1928405,21.8145362
930,162.2314754,11.46064009,17.86988025,0.125134917,14.15553356
931,162.5377746,63.6060394,97.34469999,0.022589583,2.55538273
932,165.2171006,11.6998155,21.76371532,0.124832667,14.12134238
933,167.2662,7.084842548,12.63181272,0.20870375,23.60902149
934,165.6834726,11.37516732,14.7597051,0.128757833,14.56536576
935,165.5551523,16.90688128,19.22339294,0.086562833,9.792175716
936,164.2249181,9.559733349,18.12652019,0.15186075,17.17881787
937,166.1207843,11.71070472,21.68602632,0.12539875,14.18537896
938,165.5557934,13.02943843,20.63060598,0.112323583,12.70628771
939,169.6341859,10.57710971,15.01678982,0.141774667,16.03785822
940,168.4346709,14.96790706,23.19322644,0.099477,11.2530543
941,165.4642516,14.30129216,20.09770172,0.10227775,11.56988122
942,171.8708461,10.66431802,19.21444659,0.142469333,16.11644042
943,173.6091097,13.78785698,24.36290015,0.111308417,12.59144985
944,176.005358,22.90000438,34.68557271,0.067942667,7.685822021
945,176.2019253,15.01790936,18.67288518,0.103717833,11.73278658
946,173.4844636,13.20953382,16.64755127,0.116098167,13.13327677
947,179.3586967,13.30366571,21.30934517,0.11918,13.48190045
948,180.2393975,12.73755446,17.51372092,0.125088083,14.15023567
949,181.1835293,11.83812934,14.57069367,0.135296917,15.30508107
950,176.1446444,10.15260559,15.02768697,0.153371333,17.34969834
951,172.8437827,13.78699422,20.95439904,0.110824667,12.536727
952,175.7091066,16.50619277,27.83658363,0.094102167,10.64504148
953,178.9986113,9.269613386,14.40286061,0.170702667,19.31025641
954,181.8464951,9.288640094,15.92078862,0.173063333,19.57730015
955,180.5068864,16.29928387,28.4492291,0.097898833,11.07452866
956,179.3369924,13.02657013,19.80829295,0.121700417,13.76701546
957,182.0664258,11.73419594,20.94077886,0.137160417,15.51588424
958,184.9411086,13.02147162,25.86191677,0.125552583,14.20278092
959,190.0368248,13.26643645,24.15997141,0.12662975,14.32463235
960,185.8907711,10.91143822,17.67337425,0.150601083,17.03632164
961,183.2938664,12.7494814,17.45536198,0.127088917,14.37657428
962,188.0104376,17.16774514,22.09783572,0.096810167,10.95137632
963,189.0451326,10.25069053,18.81492235,0.163028917,18.44218514
964,189.4542021,9.716426811,21.18288795,0.172365333,19.49834087
965,194.1935177,11.79304084,24.38698178,0.145566417,16.46678922
966,195.1555198,16.35062417,29.62803307,0.10551125,11.93566176
967,194.3157827,13.20431485,23.18832823,0.130090167,14.7160822
968,189.3387183,12.98074269,20.46339634,0.128941333,14.58612368
969,189.1657696,14.34872399,22.56323585,0.11654175,13.18345588
970,195.3853335,10.87339609,19.49105654,0.158847,17.96911765
971,197.8849455,13.37897276,30.02150386,0.130750167,14.79074284
972,196.8803492,11.08598067,21.07776422,0.156993083,17.75939857
973,197.4216266,9.664913814,22.45824511,0.180571417,20.42663084
974,201.8951993,18.05430252,34.39313727,0.09885475,11.18266403
975,203.1492892,13.57653618,22.92569365,0.13227525,14.96326357
976,199.5369599,10.63997052,16.99325879,0.165781167,18.75352564
977,203.7200621,14.02959321,23.19262588,0.128363333,14.52073906
978,207.3538333,14.96154855,25.24814988,0.122514583,13.85911576
979,206.9927448,15.24180783,23.05124624,0.120052417,13.58059012
980,205.1852976,23.90012217,39.56254279,0.075892417,8.585115008
981,203.7665879,14.224319,24.16318001,0.126635,14.32522624
982,207.1357975,7.165262526,14.55514153,0.255549667,28.90833333
983,208.1731926,11.76869999,22.93046187,0.15636825,17.68871606
984,209.3869986,12.87512864,24.3508691,0.143764083,16.26290535
985,211.7586854,9.495893134,16.58339636,0.19713225,22.30002828
986,211.8802935,14.64730585,28.39857482,0.127874833,14.46547888
987,212.7569241,23.33537832,42.25243858,0.080597417,9.117354827
988,214.5797605,17.53208209,37.68204931,0.108195083,12.23926282
989,213.3015007,10.1569134,21.90166932,0.1856455,21.00062217
990,212.3932189,10.18134851,24.61392209,0.184411333,20.86101056
991,212.8403079,11.34652006,24.83396107,0.1658225,18.75820136
992,220.3457417,11.15842411,21.37998882,0.17456375,19.74703054
993,223.3638206,13.67270028,28.93900213,0.1444145,16.3364819
994,219.9023772,9.77588009,20.6137574,0.198850333,22.4943816
995,224.1079818,8.846614598,22.62579753,0.223940417,25.33262632
996,221.9880568,16.74005969,43.76977162,0.11722625,13.26088801
997,223.3601865,69.77395388,184.6759795,0.028298583,3.20119721
998,224.3264669,20.25905691,43.52844352,0.097884417,11.07289781
999,228.3462258,9.981410821,23.47309133,0.202234,22.87714932
1000,226.1684159,10.81754219,25.35745032,0.184822833,20.90756033
1001,222.1394232,11.05743784,22.87400727,0.177592,20.08959276
1002,227.6947239,12.36455237,23.96510597,0.162789667,18.41512066
1003,233.0604763,15.58956544,36.91067914,0.132156,14.94977376
1004,236.2455529,13.09582394,33.24534805,0.1594715,18.03976244
1005,230.3096368,11.60671182,37.3408469,0.175410333,19.84279789
1006,231.0045762,13.75839397,40.6974982,0.148424333,16.79008296
1007,235.7730463,19.33280004,38.30302741,0.107808167,12.19549397
1008,235.9060763,17.1504679,42.34383651,0.121594917,13.75508107
1009,234.9744411,13.88547986,35.25061382,0.14959325,16.92231335
1010,234.8040152,11.63722318,25.07290366,0.1783645,20.17697964
1011,229.3022856,9.893841971,21.82520278,0.204878167,23.1762632
1012,233.4033983,11.14547724,27.89499223,0.185123167,20.94153469
1013,239.3210311,13.09243544,35.86179015,0.161589333,18.27933635
1014,234.0681562,13.63437935,31.25713836,0.151760667,17.16749623
1015,232.8156872,11.83507914,25.01235796,0.1738975,19.6716629
1016,235.2734245,13.90611481,35.11611193,0.149561333,16.91870287
1017,232.2803538,16.58875071,41.89864142,0.123780167,14.0022813
1018,238.1428072,14.44403791,32.78028268,0.1457475,16.48727376
1019,243.764977,11.29535369,29.88068299,0.190776,21.58099548
1020,241.8548689,12.77711654,38.23212651,0.167330167,18.92875189
1021,238.7980702,17.96012686,52.97287045,0.11753675,13.29601244
1022,243.9934313,13.27189505,35.42159884,0.1625165,18.38421946
1023,248.4618567,11.65471448,32.48005565,0.188456167,21.31857089
1024,246.0386502,13.60259046,43.47330904,0.159894667,18.08763198
1025,250.1205715,12.25694386,39.48147142,0.180392917,20.40643854
1026,252.1010932,10.13810598,33.19100924,0.2198215,24.86668552
1027,252.2749722,11.96769288,36.39291978,0.18634425,21.07966629
1028,248.2474157,15.54713887,51.87706497,0.141151833,15.96740196
1029,245.2457109,16.9921524,59.48709143,0.127586667,14.43288084
1030,248.8582745,14.38215979,52.87719856,0.152960833,17.30326169
1031,251.2204727,12.85392047,43.01238006,0.172771333,19.54426848
1032,252.474965,16.04440745,50.84476964,0.139106333,15.73601056
1033,250.8164286,15.94667148,52.6010223,0.1390395,15.72845023
1034,247.9067872,11.07977766,38.45406196,0.197792417,22.37470777
1035,249.6609522,10.44477959,40.77811076,0.211302,23.90294118
1036,255.4843643,11.9057275,50.05411834,0.189697083,21.45894608
1037,259.5766679,13.97558877,48.8085443,0.164190417,18.57357655
1038,255.9944527,17.59612693,60.67079526,0.128607333,14.54834087
1039,252.8801675,13.63894554,49.98852772,0.16390275,18.54103507
1040,252.7165788,13.7943573,51.29525501,0.161951333,18.32028658
1041,247.8881406,13.52958904,50.14717265,0.161965833,18.32192685
1042,243.8831179,11.52766392,47.73197113,0.187022,21.15633484
1043,254.3944493,12.07062484,47.74225537,0.186307417,21.07549962
1044,253.1682837,10.15591236,40.18935311,0.220365,24.92816742
1045,253.8937999,12.96596942,51.83186826,0.173100917,19.58155166
1046,251.0656388,16.71927938,54.75147992,0.132746167,15.01653469
1047,245.6711922,15.51146692,52.98550772,0.14000825,15.83803733
1048,252.6756926,14.24366977,55.79862183,0.15681725,17.73950792
1049,253.0720792,11.27280254,45.31958167,0.198456167,22.44979261
1050,253.6226694,14.11176559,56.49683817,0.15887625,17.97242647
1051,257.3295065,16.58717509,75.83916018,0.137141667,15.5137632
1052,251.4652826,11.83879145,58.60545622,0.187768583,21.24078997
1053,249.83435,10.54802848,53.68098453,0.209379,23.68540724
1054,250.1871733,13.07479292,62.99172445,0.169154083,19.1350773
1055,252.094257,17.10675943,86.34636006,0.130270917,14.73652903
1056,250.0680186,20.57098854,96.22214534,0.107462083,12.15634427
1057,252.1185603,19.44943053,87.3873342,0.114590917,12.96277338
1058,250.9902556,13.14880736,65.32856324,0.168741833,19.08844268
1059,249.3993753,11.36518454,57.54360116,0.193986333,21.94415535
1060,251.3792389,7.989773852,40.74516756,0.278129583,31.46262255
1061,250.3892463,4.625786855,24.46618789,0.478500417,54.12900641
1062,243.7929102,14.53418752,65.98588996,0.14828,16.77375566
1063,240.7784428,0,0,-0.16335425,-18.47898756
1064,245.5734627,19.40051753,105.0463496,0.1118975,12.65808824
1065,245.6503219,11.60615246,68.54140915,0.18710325,21.16552602
1066,239.0804116,11.63551908,63.58498028,0.181639583,20.54746418
1067,243.6277551,11.87170829,66.19852525,0.181411917,20.52171003
1068,246.7940684,15.75115428,96.4240297,0.138507917,15.66831637
1069,240.2707857,15.44000319,80.50139171,0.137564333,15.56157617
1070,238.8027499,16.13249515,81.38330134,0.130854917,14.80259238
1071,243.0741475,14.50763552,94.37722088,0.148113417,16.75491139
1072,247.9266352,17.6696399,103.2046337,0.124036,14.03122172
1073,239.44468,16.99531139,94.16846701,0.124545583,14.08886689
1074,232.1362757,11.28874323,55.57401795,0.1817815,20.5635181
1075,230.9590122,9.089227918,43.43025676,0.224626083,25.41019042
1076,237.1023929,12.06839276,76.29847606,0.173675583,19.6465592
1077,240.8551247,17.83596415,109.8264556,0.1193745,13.50390271
1078,237.1865252,17.55194384,100.9671099,0.1194585,13.51340498
1079,232.9183474,14.37714034,87.40897971,0.143213333,16.20060332
1080,232.3361384,12.33608634,77.29327774,0.166491333,18.83386124
1081,232.4841988,13.42426784,77.94600338,0.153092917,17.31820324
1082,230.9191255,12.77794108,81.3862805,0.159753833,18.0717006
1083,230.9741898,14.35257616,95.02030203,0.142261,16.0928733
1084,222.8532184,14.64940325,90.96203029,0.134478,15.21244344
1085,227.177864,13.89433412,81.68317382,0.1445375,16.35039593
1086,229.2621183,14.97310489,94.45078993,0.1353545,15.31159502
1087,221.6579877,12.96954805,82.56477768,0.151081333,17.09064857
1088,218.515987,15.50280118,92.14518529,0.124602083,14.0952583
1089,220.1867465,14.06480649,95.20993375,0.138391583,15.65515649
1090,226.577601,12.55468372,89.92076164,0.15953775,18.04725679
1091,224.7477173,15.00614493,97.17010142,0.132397083,14.97704563
1092,221.3610246,15.45582789,102.7404726,0.126608,14.32217195
1093,217.3180173,15.72944838,92.92613659,0.122133417,13.81599736
1094,209.8766884,11.62118706,73.15759705,0.159648917,18.0598322
1095,208.7165051,11.77636353,77.20724059,0.156674333,17.72334087
1096,210.5413675,16.77069961,110.6297284,0.110978417,12.55411953
1097,210.1257346,16.55281602,118.4929806,0.11221725,12.69425905
1098,207.5096414,11.92463982,74.07999111,0.1538315,17.40175339
1099,203.6807675,15.44924995,111.52795,0.116545333,13.18386124
1100,201.9621533,13.80525801,114.910867,0.129323583,14.62936463
1101,198.7305307,10.41360574,76.50953253,0.16870025,19.08373869
1102,199.2541932,15.53793116,108.8138457,0.11336175,12.82372738
1103,196.7474549,21.69381647,171.0326947,0.0801725,9.06928733
1104,191.8169408,24.87161536,172.8948989,0.068176583,7.712283183
1105,191.562801,10.26420563,71.47855259,0.164982583,18.66318816
1106,188.5322532,0,0,-0.117095333,-13.24607843
1107,192.2456154,0,963.1152276,0.01351775,1.52915724
1108,186.5002208,2.725046064,18.30700399,0.605003333,68.4392911
1109,178.9489167,6.263805516,44.73440783,0.2525475,28.56872172
1110,179.8525062,0,0,-0.153234333,-17.3342006
1111,178.394946,61.64394355,435.0910955,0.025582583,2.893957391
1112,176.1444331,11.67189072,79.29796527,0.133407417,15.09133673
1113,168.7346828,10.21625843,75.11265891,0.146004,16.51628959
1114,167.2982409,9.580387596,67.30868236,0.154369167,17.46257541
1115,167.5409884,20.31113174,137.0519279,0.07291875,8.248727376
1116,166.6087968,30.39080044,207.6792762,0.04846275,5.482211538
1117,165.0462363,16.6016859,123.6536246,0.087883167,9.941534691
1118,163.6217805,13.4936986,95.15985828,0.107192,12.12579186
1119,161.3642301,13.71304773,96.49218022,0.104022083,11.767204
1120,158.2769526,14.21275009,108.1535414,0.098444583,11.13626508
1121,155.4462305,13.26090474,101.7054926,0.10362375,11.72214367
1122,153.9307637,11.90334679,103.2580131,0.114316417,12.93172134
1123,151.5383862,10.5381312,84.99614078,0.12711925,14.38000566
1124,144.6597329,13.84489756,89.54869253,0.092365583,10.4485954
1125,142.6892355,32.00580658,188.0462424,0.03941075,4.458229638
1126,143.6338,14.56704119,93.0607639,0.087164083,9.860190422
1127,139.1654248,14.83976082,110.1575753,0.082900417,9.377875189
1128,133.6107296,9.990657575,68.03238889,0.118222333,13.37356712
1129,136.3076349,16.08612698,99.68927215,0.07490675,8.473614253
1130,134.9077147,0,0,-0.006258667,-0.707993967
1131,130.6959748,13.51305182,73.33382093,0.085499,9.671832579
1132,129.1197023,10.80411814,65.38216898,0.105646583,11.95097097
1133,126.8232474,29.46703395,154.7366887,0.0380465,4.303902715
1134,120.6462346,11.89125418,60.16738573,0.089688833,10.14579563
1135,118.7479926,7.030280924,38.89085263,0.149315833,16.89093137
1136,120.190117,20.95116336,99.85483395,0.05071225,5.736679864
1137,117.7791115,17.48352703,100.3235062,0.059551333,6.736576169
1138,113.2789952,13.42202969,71.43994949,0.074607667,8.439781297
1139,113.7415129,0,367.6715915,0.012442083,1.40747549
1140,110.7988144,18.88467464,73.3076522,0.051865417,5.867128582
1141,110.8570498,9.444978333,46.01582727,0.103756333,11.73714178
1142,111.4558138,12.322799,56.85748976,0.079955,9.044683258
1143,106.6431027,21.137135,100.820025,0.044600417,5.045296003
1144,101.9095238,19.79169869,83.75862873,0.045518083,5.149104449
1145,98.89233725,17.75853459,63.9509229,0.0492275,5.568721719
1146,95.84315022,15.83313432,51.72699555,0.053511417,6.053327677
1147,94.50432848,17.40702524,51.1629116,0.047993167,5.429091252
1148,92.45899888,32.68522175,102.5036534,0.025006333,2.828770739
1149,91.14480892,11.16168399,32.83718076,0.07218625,8.165865385
1150,87.5020402,12.82348628,31.8211489,0.060320417,6.823576546
1151,86.32338801,13.11650782,29.95289714,0.0581785,6.581278281
1152,86.41275599,11.51379917,26.55712576,0.0663455,7.505147059
1153,84.3405024,0,0,-0.018736417,-2.119504148
1154,83.92991004,35.1879285,82.48190116,0.021085083,2.385190422
1155,82.15593886,14.65215534,28.06744714,0.049566667,5.607088989
1156,78.86370849,47.96499287,90.00988601,0.014534667,1.644193062
1157,77.90175625,13.5772243,26.41971817,0.050721083,5.73767911
1158,77.77707257,14.63459914,29.79156131,0.046981083,5.314602187
1159,74.52346537,39.9579932,84.63113933,0.016487,1.865045249
1160,73.9500563,13.73043292,28.59969983,0.047610917,5.385850302
1161,73.15484507,13.62513886,29.93375922,0.047462917,5.36910822
1162,70.94114715,30.32591674,56.39970421,0.020679333,2.339291101
1163,68.52184941,59.33034417,91.27715397,0.0102095,1.154920814
1164,66.66665503,15.07034127,18.76130142,0.0391055,4.423699095
1165,66.46584872,10.96683247,8.822674285,0.053575917,6.060624057
1166,65.63887282,14.19201516,6.529536949,0.0408855,4.625056561
1167,64.92078927,12.99589434,4.297626934,0.044160083,4.99548454
1168,63.57195773,35.81081314,16.34966815,0.015692917,1.775216817
1169,63.32719453,26.98021108,-2.246436647,0.020749,2.347171946
1170,62.8926197,10.79195138,-6.808635729,0.051517167,5.827733786
1171,61.55885724,11.23358841,-5.967712364,0.04844225,5.479892534
1172,61.15398506,9.627475963,-6.285593896,0.056151917,6.352026772
1173,59.51297792,40.36016301,-30.69695535,0.013035,1.474547511
1174,58.72854252,34.23956884,-19.45713743,0.015162583,1.715224359
1175,58.12604998,8.936274282,-6.334668939,0.057499833,6.504506033
1176,57.87752665,20.8108142,-21.46774367,0.024585167,2.781127451
1177,57.10772949,35.79144232,-38.6007372,0.014104833,1.595569382
1178,56.24404372,15.90942416,-17.04033889,0.03125175,3.535265837
1179,56.75319983,15.00376177,-12.74833645,0.033438167,3.782598039
1180,54.50488366,35.5455706,-24.25412218,0.013555083,1.533380468
1181,54.01735083,57.18209518,-61.30372033,0.00835075,0.944654977
1182,53.54634737,0,0,-0.009300167,-1.052055053
1183,51.30247629,13.20644986,-12.26367684,0.034340333,3.884653092
1184,51.21990829,10.87621279,-7.791469849,0.041630667,4.709351433
1185,50.85789165,20.6234237,-19.44295891,0.021799667,2.466025641
1186,49.95475934,10.42759769,-10.83268651,0.042349167,4.790629713
1187,51.48739584,24.79157793,-34.27580651,0.018359,2.076809955
1188,52.3437827,28.00496522,-31.23351281,0.01652275,1.869089367
1189,51.38905047,0,0,-0.01302975,-1.47395362
1190,49.66866309,0,0,-0.012065583,-1.364884992
1191,48.82979353,5.289105686,-5.349174985,0.081612167,9.232145551
1192,48.98957042,5.082170038,-4.767133157,0.085213167,9.639498492
1193,48.66392566,15.45168602,-14.598706,0.027840917,3.149424962
1194,48.102391,0,0,-0.007950167,-0.899340121
1195,48.24243094,0,0,-0.002731417,-0.308983786
1196,47.49516575,15.34523963,-14.14237633,0.02736075,3.095107466
1197,46.86646677,57.63766921,-49.23356275,0.007188,0.813122172
1198,46.6315468,0,0,-0.03057775,-3.459021493
1199,44.88173637,5.115299301,-6.42049015,0.077562333,8.774019608
1200,45.51697614,3.836623721,-4.014002082,0.104876083,11.86381033
1201,46.2056076,13.44520784,-14.075612,0.030379417,3.436585596
1202,44.46917638,56.56765913,-59.75012756,0.006949333,0.78612368
1203,44.90227004,0,0,-0.035643667,-4.032088989
1204,44.43430653,0,0,-0.057175083,-6.467769608
1205,43.79735419,0,0,-0.052562917,-5.946031297
1206,43.63839892,8.065457658,-9.26908423,0.047829083,5.410529789
1207,44.11280818,5.238350603,-6.917666444,0.07444275,8.421125566
1208,43.35544061,25.96040382,-33.66739051,0.014763333,1.670060332
1209,42.70674041,22.54176401,-25.63279103,0.016747917,1.894560709
1210,42.15142179,10.61619089,-11.66018584,0.035099083,3.97048454
1211,42.59212463,0,0,-0.017577917,-1.988452112
1212,42.0430295,0,0,-0.040068333,-4.532616893
1213,42.16724881,7.930961169,-9.376161184,0.047000417,5.316789216
1214,42.26519905,6.005350128,-8.895006307,0.06221525,7.037924208
1215,42.36428434,0,0,-0.009407833,-1.06423454
1216,41.63875477,27.05938742,-29.58829372,0.013602917,1.538791478
1217,42.19430693,3.49022993,-4.141231355,0.106869083,12.08926282
1218,42.94492681,4.43697098,-4.996970365,0.085561333,9.678883861
1219,41.97968145,0,0,-0.043593417,-4.931381976
1220,41.94163586,0,0,-0.023538333,-2.662707391
1221,41.46267629,6.93807933,-8.784059274,0.05282875,5.976102941
1222,42.51346062,55.77328596,-59.24930114,0.006738333,0.762254902
1223,43.09300357,0,0,-0.047131167,-5.33157994
1224,42.32202321,0,0,-0.017349667,-1.962631976
1225,42.44214932,6.840661113,-8.208532706,0.054846833,6.204392911
1226,42.22757071,6.666290705,-8.932590803,0.055996917,6.334492836
1227,42.87784149,50.8352213,-69.60679315,0.00745625,0.843467195
1228,42.38246368,36.62375161,-43.17708285,0.01023,1.157239819
1229,41.5655061,0,-755.0575895,0.0005605,0.063404977
1230,41.36642542,10.34282511,-11.02690696,0.035355833,3.999528658
1231,41.90562837,3.736212239,-4.050878813,0.099150083,11.21607278
1232,41.31245825,4.128879348,-5.041275126,0.088450667,10.00573152
1233,41.83116558,39.84707571,-51.06978291,0.009280167,1.049792609
1234,41.8347276,0,0,-0.092361,-10.44807692
1235,42.52770838,0,0,-0.05689225,-6.435774887
1236,42.31971362,0,0,-0.002740083,-0.309964178
1237,41.19301372,14.64056534,-17.6280308,0.024872417,2.813621795
1238,41.95606683,19.79954254,-19.64745593,0.018732333,2.119042232
1239,42.11631914,43.48633548,-47.11467519,0.0085615,0.968495475
1240,42.1009601,4.656050683,-4.134601382,0.079933083,9.042203997
1241,43.13593659,8.849355527,-9.011611094,0.043090333,4.874472097
1242,42.78109826,0,0,-0.036617167,-4.142213424
1243,42.34836621,0,0,-0.013596417,-1.538056184
1244,41.49850777,13.83114093,-17.79918438,0.02652325,3.000367647
1245,41.5420713,0,0,-0.023355667,-2.642043741
1246,43.1241072,0,0,-0.030885,-3.493778281
1247,43.7718244,0,-623.3168194,0.000744917,0.084266591
1248,43.07267776,8.646487127,-10.44782019,0.044036667,4.981523379
1249,42.50493265,3.901650814,-4.036630027,0.09630375,10.89408937
1250,41.8494212,40.37861639,-36.87561123,0.009162,1.036425339
1251,42.2185069,0,0,-0.06924275,-7.832890271
1252,41.69578229,0,0,-0.040015,-4.52658371
1253,41.98776353,5.492379898,-6.038929718,0.067579417,7.644730392
1254,41.26716589,2.918466504,-3.518891533,0.12499775,14.14001697
1255,40.34365736,5.745375034,-7.748743709,0.062073917,7.021936275
1256,40.79847094,0,0,-0.013251,-1.4989819
1257,40.87232322,0,0,-0.0176785,-1.999830317
1258,40.56774222,58.25911563,-60.38269184,0.006155583,0.696332956
1259,39.66841559,0,0,-0.00529975,-0.599519231
1260,39.50011828,24.86586957,-27.26455086,0.014042583,1.588527526
1261,39.60696419,10.69733518,-10.04348322,0.032730167,3.702507541
1262,39.14755091,0,-244.2323768,0.0014995,0.169626697
1263,39.11453297,15.54988704,-17.17113636,0.022236333,2.515422323
1264,38.69233413,7.619420562,-7.265986515,0.044890583,5.078120287
1265,38.49562944,0,0,-0.017486917,-1.978157994
1266,37.79080986,0,0,-0.003065333,-0.346757164
1267,37.99985951,4.192839346,-4.540212641,0.08011725,9.06303733
1268,37.69290835,37.70997169,-49.61756665,0.008836,0.999547511
1269,37.99367675,0,0,-0.058302917,-6.595352564
1270,38.0587882,19.11869759,-25.87997235,0.017597417,1.990657994
1271,37.7464414,9.118498698,-13.15110768,0.036593583,4.139545626
1272,37.33187053,15.54584785,-19.1004718,0.021228417,2.4014046
1273,37.52120762,16.80273937,-19.03510273,0.019740083,2.233041101
1274,37.84926757,20.8909382,-24.91387397,0.016015917,1.811755279
1275,37.73039473,8.26371668,-10.02432439,0.040361583,4.56578997
1276,37.96265346,0,0,-0.01076775,-1.218071267
1277,37.41344219,0,0,-0.047341583,-5.35538273
1278,36.62405744,36.68319041,-38.22721479,0.00882575,0.998388009
1279,36.55545902,11.17793095,-14.14734396,0.028909667,3.270324284
1280,37.35765108,10.36282475,-14.4347313,0.031867917,3.604967949
1281,36.84235427,7.939068986,-8.669876444,0.04102325,4.64063914
1282,37.44284087,0,-77.13407932,0.003777833,0.427356712
1283,37.26977207,0,-361.1660171,0.0009695,0.109671946
1284,36.67966322,12.89556449,-11.66186429,0.025144167,2.844362745
1285,37.34160456,37.44219871,-22.32406857,0.00881625,0.997313348
1286,37.60520548,8.676425597,-6.678822277,0.038314167,4.33418175
1287,38.09406446,15.21886045,-18.71195258,0.02212725,2.503082579
1288,37.74194292,0,0,-0.004081333,-0.461689291
1289,37.38591781,0,-171.2011918,0.00266575,0.30155543
1290,37.32327636,0,0,-0.01661825,-1.879892534
1291,37.46563314,22.86963836,-26.10135393,0.014481917,1.638225867
1292,37.60926347,9.458959951,-11.72917986,0.03514825,3.97604638
1293,37.2392987,0,0,-0.0096685,-1.093721719
1294,37.00200141,0,0,-0.002598667,-0.293966817
1295,37.23345616,6.889696186,-10.02124255,0.047773333,5.404223228
1296,37.42728566,11.16330844,-13.95024939,0.029637917,3.352705505
1297,36.79743552,0,0,-0.003393917,-0.383927225
1298,36.58858524,40.54102991,-51.65999366,0.007978167,0.902507541
1299,36.55071143,25.3696835,-29.62520681,0.012736,1.440723982
1300,37.17860647,27.34266898,-32.79276694,0.01202,1.359728507
1301,36.90013574,31.6816783,-40.1384958,0.010296083,1.164715309
1302,35.90958124,36.40583728,-39.19579326,0.0087195,0.986368778
1303,36.77726003,15.03739465,-17.04674044,0.021620167,2.445720211
1304,36.64109393,16.36859784,-22.10605815,0.019788333,2.238499246
1305,35.43117213,8.178239036,-11.23310107,0.038298167,4.332371795
1306,36.0456818,23.69143122,-30.85632118,0.01344975,1.521464932
1307,35.35856325,0,0,-0.010148167,-1.147982655
1308,34.52921454,6.838693743,-7.574598176,0.044634,5.049095023
1309,34.29736824,4.460133651,-5.658835907,0.0679775,7.689762443
1310,34.71297318,14.01087506,-19.07906022,0.02190175,2.477573529
1311,34.77600804,0,0,-0.017179167,-1.943344646
1312,34.74135866,0,0,-0.014865083,-1.681570513
1313,34.53563064,0,0,-0.002737333,-0.309653092
1314,34.68365917,5.403578499,-5.435928455,0.056740833,6.418646305
1315,35.55131168,5.877962557,-5.599050079,0.053466417,6.048237179
1316,36.39395545,0,0,-0.012072917,-1.365714555
1317,35.6440349,0,-102.154184,0.00286275,0.323840498
1318,35.35051246,0,0,-0.0007715,-0.087273756
1319,34.85450134,0,0,-0.044990833,-5.089460784
1320,34.57003615,0,-404.1259372,0.000812667,0.091930618
1321,34.31022534,3.115368297,-4.20218062,0.097356833,11.01321644
1322,34.67236817,8.037527268,-11.5349773,0.038134083,4.313810332
1323,35.58639537,0,0,-0.050917833,-5.759935897
1324,34.81614608,21.45145366,-26.99250111,0.0143475,1.623020362
1325,34.26273496,11.33164433,-10.69949032,0.026728917,3.023633107
1326,34.58651234,17.02057084,-20.21873884,0.01796325,2.032041855
1327,34.44693687,16.21737364,-22.22788464,0.018776833,2.124076169
1328,34.79391614,0,-152.0137078,0.002576833,0.291496983
1329,36.32842405,19.64759829,-20.40352233,0.016345167,1.849000754
1330,36.50979411,42.90844284,-59.25048319,0.00752175,0.850876697
1331,35.5283148,0,0,-0.010504667,-1.188310709
1332,35.19194218,39.80764797,-37.68740075,0.007815,0.884049774
1333,36.1194248,20.76911468,-25.27714517,0.015373583,1.739093137
1334,35.9643854,0,0,-0.004274917,-0.483587858
1335,34.84643023,8.859176994,-9.444241841,0.034771,3.933371041
1336,33.47619132,7.150546337,-8.531540312,0.041385583,4.681627074
1337,33.61518834,0,0,-0.039285167,-4.444023379
1338,33.72431324,0,0,-0.047570667,-5.381297134
1339,33.72274521,5.815674812,-5.814001424,0.051259583,5.7985954
1340,34.83907637,3.634452355,-3.898497535,0.084738333,9.585784314
1341,34.21596309,10.29682089,-13.47462124,0.029375,3.322963801
1342,33.5673908,0,0,-0.013430083,-1.519240196
1343,33.64171054,0,-100.2337878,0.00339375,0.383908371
1344,33.89125717,13.78680278,-16.57424978,0.021730833,2.458239065
1345,35.25274208,0,0,-0.005296667,-0.599170437
1346,35.84840473,0,0,-0.027335417,-3.092241704
1347,36.07943923,0,0,-0.009402083,-1.063584087
1348,36.48163566,12.29788396,-16.49314009,0.026223833,2.966496983
1349,36.4977518,5.141074497,-4.831578385,0.062757333,7.099245852
1350,37.33667882,5.058746678,-4.831184417,0.065244667,7.380618401
1351,37.71509204,0,0,-0.0260835,-2.950622172
1352,36.80346418,0,0,-0.014556333,-1.646644042
1353,35.55747012,4.639745069,-5.201414652,0.067746833,7.663668929
1354,34.90091391,0,0,-0.000140667,-0.015912519
1355,35.03675601,0,0,-0.02963575,-3.352460407
1356,35.48481196,0,0,-0.025179583,-2.848369155
1357,35.27650508,18.98239122,-20.16076221,0.016428083,1.858380468
1358,34.89732848,4.937563495,-6.541558952,0.062478667,7.067722474
1359,34.10112499,31.91339667,-35.29572987,0.009446,1.068552036
1360,33.81221791,21.92393782,-28.00417482,0.0136335,1.542251131
1361,34.18965252,15.11365265,-20.45062202,0.019997583,2.26217006
1362,34.43718498,29.51043366,-38.37016029,0.010315833,1.166949472
1363,34.61972965,0,0,-0.001531667,-0.17326546
1364,34.48601306,0,0,-0.013840083,-1.565620287
1365,34.45794767,17.87712057,-13.41640094,0.017039,1.927488688
1366,34.75085199,0,0,-0.002639833,-0.29862368
1367,34.47699087,14.66112072,-13.16522561,0.020788083,2.351593137
1368,33.12020305,3.929651235,-5.212196161,0.074506,8.428280543
1369,32.89684599,0,0,-0.07311775,-8.271238688
1370,33.45645765,0,0,-0.089165167,-10.08655732
1371,33.13208042,2.903626458,-3.132483925,0.100869583,11.41058635
1372,32.58041551,3.99349519,-4.182532752,0.07212,8.158371041
1373,32.00433482,33.64837248,-31.79360211,0.008408083,0.951140649
1374,32.03870422,12.59567482,-14.01527011,0.022485667,2.543627451
1375,32.67495749,14.64188794,-17.68032877,0.019727417,2.23160822
1376,32.82421998,19.43944426,-22.23576284,0.014926667,1.688536953
1377,32.62069999,0,0,-0.018832583,-2.13038273
1378,32.6441148,23.02804084,-31.61004345,0.012531417,1.417581071
1379,33.65903933,5.385275718,-5.557824662,0.05525175,6.250197964
1380,34.45171082,6.587080622,-6.172537731,0.046234917,5.230194193
1381,34.34553459,13.26899573,-14.34857642,0.0228815,2.588404977
1382,33.46573689,0,0,-0.008518667,-0.963650075
1383,33.3393329,0,0,-0.046749333,-5.288386124
1384,33.66903336,0,0,-0.011222083,-1.26946644
1385,33.63867171,5.894775062,-6.1716334,0.050445667,5.706523379
1386,34.42332338,6.829171221,-7.977814404,0.044559167,5.040629713
1387,34.22215739,0,0,-0.00167775,-0.189790724
1388,33.68608306,0,0,-0.017679667,-1.999962293
1389,33.36267286,61.22713938,-72.83633227,0.004816917,0.544900075
1390,33.54312398,36.69249385,-39.38742551,0.00808125,0.914168552
1391,33.36002991,7.833815116,-7.841937604,0.037644833,4.258465309
1392,33.7239242,10.11200115,-9.98314888,0.02948175,3.335039593
1393,33.27568863,13.32731149,-16.68714489,0.02207175,2.496804299
1394,33.16842146,13.29639805,-16.89177555,0.02205175,2.494541855
1395,33.35612997,0,0,-0.013730333,-1.553205128
1396,32.67101639,0,0,-0.016454,-1.861312217
1397,32.87721366,0,0,-0.001923833,-0.217628205
1398,33.15622142,9.63186943,-8.794715661,0.030430333,3.4423454
1399,32.48666014,8.987476384,-8.666220821,0.031953583,3.614658748
1400,32.58534642,0,0,-0.013463667,-1.523039216
1401,32.94431286,0,0,-0.017463167,-1.975471342
1402,32.57551778,0,0,-0.0064895,-0.734106335
1403,31.69648494,10.12561734,-12.28623668,0.027672083,3.130326169
1404,32.45672293,8.386292525,-11.5780436,0.034212667,3.870211161
1405,32.19430687,0,0,-0.030066667,-3.401206637
1406,31.708921,7.445415434,-8.470263746,0.03764825,4.25885181
1407,31.69053613,3.68690209,-4.160422356,0.075983667,8.595437406
1408,31.29541182,0,0,-0.010435083,-1.180439291
1409,31.6057258,52.14694051,-63.30423832,0.005357833,0.606089744
1410,31.54619519,11.76560482,-13.65585225,0.023702,2.681221719
1411,30.87880821,0,0,-0.010652667,-1.20505279
1412,31.46209648,0,0,-0.038883167,-4.398548265
1413,31.67633156,45.74473497,-41.45967998,0.006121333,0.692458522
1414,32.50766234,7.843505365,-9.236483039,0.036637667,4.144532428
1415,33.10672228,0,0,-0.012522,-1.416515837
1416,33.12095614,5.237139244,-4.689068352,0.055906333,6.324245852
