# MLR,HRR
0.000000000000000000e+00 -4.395591681928294747e+00 0.000000000000000000e+00 -4.129901544423773885e+00
1.000000000000000000e+00 -3.822799372993756606e+00 1.000000000000000000e+00 -4.364630781230516732e+00
2.000000000000000000e+00 -3.242941303813211107e+00 2.000000000000000000e+00 -4.373239668551832438e+00
3.000000000000000000e+00 -2.656413495614970088e+00 3.000000000000000000e+00 -4.312168652060790919e+00
4.000000000000000000e+00 -2.063658841418430256e+00 4.000000000000000000e+00 -4.326556455445825122e+00
5.000000000000000000e+00 -1.465173059949790968e+00 5.000000000000000000e+00 -4.421134101416100748e+00
6.000000000000000000e+00 -8.615101160168592287e-01 6.000000000000000000e+00 -4.504835542640648782e+00
7.000000000000000000e+00 -2.532853895712605663e-01 7.000000000000000000e+00 -4.476298135545221157e+00
8.000000000000000000e+00 3.588235419809961968e-01 8.000000000000000000e+00 -4.361890576372388750e+00
9.000000000000000000e+00 9.740778850535320998e-01 9.000000000000000000e+00 -4.296831031926558353e+00
1.000000000000000000e+01 1.591680646051486292e+00 1.000000000000000000e+01 -4.353037821798352525e+00
1.100000000000000000e+01 2.210780434682135365e+00 1.100000000000000000e+01 -4.447558721411041915e+00
1.200000000000000000e+01 2.830474166820124537e+00 1.200000000000000000e+01 -4.402152978553203866e+00
1.300000000000000000e+01 3.449809353224793540e+00 1.300000000000000000e+01 -4.130067889258498326e+00
1.400000000000000000e+01 4.067787487655891709e+00 1.400000000000000000e+01 -3.925529731117421761e+00
1.500000000000000000e+01 4.683368698384015261e+00 1.500000000000000000e+01 -4.503036359965335578e+00
1.600000000000000000e+01 5.295477377825818621e+00 1.600000000000000000e+01 -5.932923277112422511e+00
1.700000000000000000e+01 5.903009017393856084e+00 1.700000000000000000e+01 -5.519153724890202284e+00
1.800000000000000000e+01 6.504838398979984504e+00 1.800000000000000000e+01 2.814779347827425227e+00
1.900000000000000000e+01 7.099828550032384555e+00 1.900000000000000000e+01 2.397252275381470099e+01
2.000000000000000000e+01 7.686840162568216783e+00 2.000000000000000000e+01 5.595426781792775728e+01
2.100000000000000000e+01 8.264741864662312310e+00 2.100000000000000000e+01 9.218692676999489777e+01
2.200000000000000000e+01 8.832421464470826322e+00 2.200000000000000000e+01 1.267105446624773322e+02
2.300000000000000000e+01 9.388798002927842390e+00 2.300000000000000000e+01 1.558794415772572393e+02
2.400000000000000000e+01 9.932834159154481313e+00 2.400000000000000000e+01 1.787425468800647650e+02
2.500000000000000000e+01 1.046354900666773347e+01 2.500000000000000000e+01 1.965544336948805721e+02
2.600000000000000000e+01 1.098003119941853356e+01 2.600000000000000000e+01 2.108918364148703404e+02
2.700000000000000000e+01 1.148144980739544962e+01 2.700000000000000000e+01 2.228567778985598125e+02
2.800000000000000000e+01 1.196706098707460342e+01 2.800000000000000000e+01 2.331636583202634938e+02
2.900000000000000000e+01 1.243621220708286046e+01 2.900000000000000000e+01 2.415820608520880342e+02
3.000000000000000000e+01 1.288834490286177470e+01 3.000000000000000000e+01 2.474531562522606691e+02
3.100000000000000000e+01 1.332299512469978708e+01 3.100000000000000000e+01 2.508436663544562180e+02
3.200000000000000000e+01 1.373979181263183591e+01 3.200000000000000000e+01 2.525591323054395616e+02
3.300000000000000000e+01 1.413845310680221701e+01 3.300000000000000000e+01 2.532664140272972872e+02
3.400000000000000000e+01 1.451878160330335277e+01 3.400000000000000000e+01 2.536382611654989887e+02
3.500000000000000000e+01 1.488065907605800930e+01 3.500000000000000000e+01 2.542254063106302056e+02
3.600000000000000000e+01 1.522404104985423601e+01 3.600000000000000000e+01 2.552982623696880182e+02
3.700000000000000000e+01 1.554895144880276803e+01 3.700000000000000000e+01 2.567153726435572025e+02
3.800000000000000000e+01 1.585547691110213009e+01 3.800000000000000000e+01 2.578950274072485627e+02
3.900000000000000000e+01 1.614376088129296249e+01 3.900000000000000000e+01 2.584054005125653930e+02
4.000000000000000000e+01 1.641399817511660331e+01 4.000000000000000000e+01 2.585537551052839262e+02
4.100000000000000000e+01 1.666642986457287634e+01 4.100000000000000000e+01 2.586852471742022317e+02
4.200000000000000000e+01 1.690133800554474419e+01 4.200000000000000000e+01 2.589776765278547828e+02
4.300000000000000000e+01 1.711904017643479392e+01 4.300000000000000000e+01 2.589472146041443921e+02
4.400000000000000000e+01 1.731988397441409688e+01 4.400000000000000000e+01 2.580214857766586647e+02
4.500000000000000000e+01 1.750424214061354178e+01 4.500000000000000000e+01 2.565267700281074212e+02
4.600000000000000000e+01 1.767250904066190742e+01 4.600000000000000000e+01 2.551297545784182148e+02
4.700000000000000000e+01 1.782509823724581111e+01 4.700000000000000000e+01 2.545081501997919986e+02
4.800000000000000000e+01 1.796244041145126857e+01 4.800000000000000000e+01 2.549024542178431147e+02
4.900000000000000000e+01 1.808498105249799437e+01 4.900000000000000000e+01 2.558767796520987758e+02
5.000000000000000000e+01 1.819317804864652999e+01 5.000000000000000000e+01 2.566635052133897261e+02
5.100000000000000000e+01 1.828750009630323348e+01 5.100000000000000000e+01 2.568238607645498632e+02
5.200000000000000000e+01 1.836842650884358363e+01 5.200000000000000000e+01 2.565975712214367377e+02
5.300000000000000000e+01 1.843644806371713685e+01 5.300000000000000000e+01 2.564431556981980975e+02
5.400000000000000000e+01 1.849206803006342170e+01 5.400000000000000000e+01 2.565691256432874070e+02
5.500000000000000000e+01 1.853580275469863636e+01 5.500000000000000000e+01 2.567519666223379318e+02
5.600000000000000000e+01 1.856818114843753165e+01 5.600000000000000000e+01 2.568301539644016884e+02
5.700000000000000000e+01 1.858974234207261134e+01 5.700000000000000000e+01 2.565666931731029763e+02
5.800000000000000000e+01 1.860103125225583653e+01 5.800000000000000000e+01 2.561316757034874172e+02
5.900000000000000000e+01 1.860259295981541072e+01 5.900000000000000000e+01 2.561360254482606251e+02
6.000000000000000000e+01 1.859496791595103105e+01 6.000000000000000000e+01 2.565864471145978314e+02
6.100000000000000000e+01 1.857868888118093764e+01 6.100000000000000000e+01 2.569847351602584240e+02
6.200000000000000000e+01 1.855427855347966215e+01 6.200000000000000000e+01 2.566891761169172241e+02
6.300000000000000000e+01 1.852224699772972372e+01 6.300000000000000000e+01 2.550849272212071810e+02
6.400000000000000000e+01 1.848308925464044705e+01 6.400000000000000000e+01 2.524488443507289048e+02
6.500000000000000000e+01 1.843728389371250387e+01 6.500000000000000000e+01 2.496028126624005381e+02
6.600000000000000000e+01 1.838529274370773692e+01 6.600000000000000000e+01 2.469867919293537852e+02
6.700000000000000000e+01 1.832756149955412184e+01 6.700000000000000000e+01 2.446814074345456902e+02
6.800000000000000000e+01 1.826452072263646187e+01 6.800000000000000000e+01 2.427657224091672106e+02
6.900000000000000000e+01 1.819658681320981941e+01 6.900000000000000000e+01 2.413063409161841264e+02
7.000000000000000000e+01 1.812416252563809849e+01 7.000000000000000000e+01 2.401625270518125035e+02
7.100000000000000000e+01 1.804763656226185731e+01 7.100000000000000000e+01 2.387444473057985306e+02
7.200000000000000000e+01 1.796738250536731130e+01 7.200000000000000000e+01 2.362723054651141865e+02
7.300000000000000000e+01 1.788375830550228329e+01 7.300000000000000000e+01 2.331715434838697547e+02
7.400000000000000000e+01 1.779710671323346105e+01 7.400000000000000000e+01 2.307468614624376642e+02
7.500000000000000000e+01 1.770775571855705266e+01 7.500000000000000000e+01 2.293119716124347178e+02
7.600000000000000000e+01 1.761601850054688612e+01 7.600000000000000000e+01 2.280540658466197783e+02
7.700000000000000000e+01 1.752219355400978884e+01 7.700000000000000000e+01 2.270434471580665559e+02
7.800000000000000000e+01 1.742656543566982918e+01 7.800000000000000000e+01 2.269907802258676384e+02
7.900000000000000000e+01 1.732940572996403716e+01 7.900000000000000000e+01 2.273633077237755060e+02
8.000000000000000000e+01 1.723097421835274190e+01 8.000000000000000000e+01 2.268005107200297061e+02
8.100000000000000000e+01 1.713152055674402163e+01 8.100000000000000000e+01 2.252154916419021902e+02
8.200000000000000000e+01 1.703128619355959472e+01 8.200000000000000000e+01 2.237999974113554345e+02
8.300000000000000000e+01 1.693050615871754871e+01 8.300000000000000000e+01 2.233867617560244980e+02
8.400000000000000000e+01 1.682941044677136233e+01 8.400000000000000000e+01 2.238808706909694592e+02
8.500000000000000000e+01 1.672822457072436464e+01 8.500000000000000000e+01 2.245334095823782263e+02
8.600000000000000000e+01 1.662716928805025418e+01 8.600000000000000000e+01 2.246087774004408857e+02
8.700000000000000000e+01 1.652645970149336563e+01 8.700000000000000000e+01 2.238647868191037560e+02
8.800000000000000000e+01 1.642630379044823030e+01 8.800000000000000000e+01 2.222361888822779292e+02
8.900000000000000000e+01 1.632690074083842546e+01 8.900000000000000000e+01 2.193230328300924157e+02
9.000000000000000000e+01 1.622843938983817225e+01 9.000000000000000000e+01 2.153010669069262804e+02
9.100000000000000000e+01 1.613109665144736482e+01 9.100000000000000000e+01 2.116636319991230266e+02
9.200000000000000000e+01 1.603503588689125081e+01 9.200000000000000000e+01 2.094808421954876394e+02
9.300000000000000000e+01 1.594040516341897273e+01 9.300000000000000000e+01 2.081902126738496008e+02
9.400000000000000000e+01 1.584733548043544715e+01 9.400000000000000000e+01 2.066679782265055110e+02
9.500000000000000000e+01 1.575593956469305112e+01 9.500000000000000000e+01 2.046895138515537838e+02
9.600000000000000000e+01 1.566631182142947409e+01 9.600000000000000000e+01 2.027252259485467221e+02
9.700000000000000000e+01 1.557852918037895051e+01 9.700000000000000000e+01 2.014764325152282254e+02
9.800000000000000000e+01 1.549265234469191910e+01 9.800000000000000000e+01 2.012401044378348161e+02
9.900000000000000000e+01 1.540872741569779691e+01 9.900000000000000000e+01 2.012909680454104091e+02
1.000000000000000000e+02 1.532678729947394913e+01 1.000000000000000000e+02 2.008062734599079704e+02
1.010000000000000000e+02 1.524685181129774492e+01 1.010000000000000000e+02 1.998901771290875331e+02
1.020000000000000000e+02 1.516892692676867682e+01 1.020000000000000000e+02 1.990507755153885228e+02
1.030000000000000000e+02 1.509300439209232536e+01 1.030000000000000000e+02 1.982088699489031569e+02
1.040000000000000000e+02 1.501906166795657782e+01 1.040000000000000000e+02 1.971450227528366668e+02
1.050000000000000000e+02 1.494706183790412979e+01 1.050000000000000000e+02 1.961724656023834541e+02
1.060000000000000000e+02 1.487695388643408023e+01 1.060000000000000000e+02 1.958301231717341579e+02
1.070000000000000000e+02 1.480867393685764455e+01 1.070000000000000000e+02 1.958320704982361349e+02
1.080000000000000000e+02 1.474214713862482995e+01 1.080000000000000000e+02 1.953086157497600652e+02
1.090000000000000000e+02 1.467728970912327213e+01 1.090000000000000000e+02 1.939883767417522904e+02
1.100000000000000000e+02 1.461401126429905162e+01 1.100000000000000000e+02 1.923057858001084242e+02
1.110000000000000000e+02 1.455221768083964662e+01 1.110000000000000000e+02 1.907359574025904294e+02
1.120000000000000000e+02 1.449181406842137676e+01 1.120000000000000000e+02 1.897448525795371097e+02
1.130000000000000000e+02 1.443270752238652221e+01 1.130000000000000000e+02 1.892832729182846379e+02
1.140000000000000000e+02 1.437480997332482957e+01 1.140000000000000000e+02 1.886684824864933034e+02
1.150000000000000000e+02 1.431804089030475780e+01 1.150000000000000000e+02 1.874632700262300204e+02
1.160000000000000000e+02 1.426232902956948578e+01 1.160000000000000000e+02 1.859994114421351696e+02
1.170000000000000000e+02 1.420761318635970838e+01 1.170000000000000000e+02 1.850865568753652042e+02
1.180000000000000000e+02 1.415384250667793253e+01 1.180000000000000000e+02 1.850439402245647216e+02
1.190000000000000000e+02 1.410097622833816899e+01 1.190000000000000000e+02 1.853026004511630163e+02
1.200000000000000000e+02 1.404898270508243741e+01 1.200000000000000000e+02 1.850798390358759207e+02
1.210000000000000000e+02 1.399783820134277335e+01 1.210000000000000000e+02 1.843374315611963539e+02
1.220000000000000000e+02 1.394752574232822440e+01 1.220000000000000000e+02 1.835644472407730063e+02
1.230000000000000000e+02 1.389803397673867380e+01 1.230000000000000000e+02 1.832065426688386651e+02
1.240000000000000000e+02 1.384935606188298607e+01 1.240000000000000000e+02 1.833303327228895796e+02
1.250000000000000000e+02 1.380148884154769462e+01 1.250000000000000000e+02 1.836942430179478833e+02
1.260000000000000000e+02 1.375443245687981175e+01 1.260000000000000000e+02 1.836748869393704808e+02
1.270000000000000000e+02 1.370819023002721337e+01 1.270000000000000000e+02 1.829163407165178796e+02
1.280000000000000000e+02 1.366276909368113479e+01 1.280000000000000000e+02 1.816986755826437729e+02
1.290000000000000000e+02 1.361818068936827331e+01 1.290000000000000000e+02 1.805211818107563886e+02
1.300000000000000000e+02 1.357444218834092453e+01 1.300000000000000000e+02 1.795802105609145656e+02
1.310000000000000000e+02 1.353157619749381979e+01 1.310000000000000000e+02 1.789598407936100557e+02
1.320000000000000000e+02 1.348961029850434556e+01 1.320000000000000000e+02 1.786046732485083339e+02
1.330000000000000000e+02 1.344857662253147623e+01 1.330000000000000000e+02 1.780260166750085773e+02
1.340000000000000000e+02 1.340851134888239926e+01 1.340000000000000000e+02 1.767772438388128649e+02
1.350000000000000000e+02 1.336945399453807681e+01 1.350000000000000000e+02 1.748657769883793662e+02
1.360000000000000000e+02 1.333144625757165613e+01 1.360000000000000000e+02 1.724721972373372409e+02
1.370000000000000000e+02 1.329453042895525527e+01 1.370000000000000000e+02 1.702125754715161747e+02
1.380000000000000000e+02 1.325874761211994723e+01 1.380000000000000000e+02 1.686371655172042665e+02
1.390000000000000000e+02 1.322413585640794054e+01 1.390000000000000000e+02 1.677978418680868344e+02
1.400000000000000000e+02 1.319072818789783241e+01 1.400000000000000000e+02 1.672009836028228165e+02
1.410000000000000000e+02 1.315855064817483822e+01 1.410000000000000000e+02 1.665084592598796007e+02
1.420000000000000000e+02 1.312762090507149537e+01 1.420000000000000000e+02 1.658622880231123418e+02
1.430000000000000000e+02 1.309794778104162560e+01 1.430000000000000000e+02 1.655388516923849238e+02
1.440000000000000000e+02 1.306953159207222370e+01 1.440000000000000000e+02 1.651953942864784040e+02
1.450000000000000000e+02 1.304236520128469579e+01 1.450000000000000000e+02 1.642459979267296148e+02
1.460000000000000000e+02 1.301643540741216043e+01 1.460000000000000000e+02 1.630682131058856612e+02
1.470000000000000000e+02 1.299172392536036114e+01 1.470000000000000000e+02 1.625526593280665111e+02
1.480000000000000000e+02 1.296820807878228266e+01 1.480000000000000000e+02 1.627350385868776357e+02
1.490000000000000000e+02 1.294586187832311452e+01 1.490000000000000000e+02 1.628539345561730443e+02
1.500000000000000000e+02 1.292465726063531406e+01 1.500000000000000000e+02 1.626213339549867669e+02
1.510000000000000000e+02 1.290456478319055122e+01 1.510000000000000000e+02 1.624573147003684426e+02
1.520000000000000000e+02 1.288555355460979968e+01 1.520000000000000000e+02 1.625525520318333292e+02
1.530000000000000000e+02 1.286759086206120628e+01 1.530000000000000000e+02 1.626802272592758527e+02
1.540000000000000000e+02 1.285064181643591041e+01 1.540000000000000000e+02 1.626332617518492043e+02
1.550000000000000000e+02 1.283466907522110034e+01 1.550000000000000000e+02 1.622896678128599888e+02
1.560000000000000000e+02 1.281963287719385391e+01 1.560000000000000000e+02 1.619427909155056113e+02
1.570000000000000000e+02 1.280549168024219853e+01 1.570000000000000000e+02 1.618992140092814225e+02
1.580000000000000000e+02 1.279220336442503481e+01 1.580000000000000000e+02 1.620206830580646056e+02
1.590000000000000000e+02 1.277972648895023156e+01 1.590000000000000000e+02 1.621170277756755240e+02
1.600000000000000000e+02 1.276802108108586253e+01 1.600000000000000000e+02 1.622402514185669133e+02
1.610000000000000000e+02 1.275704886853051789e+01 1.610000000000000000e+02 1.624655774651910178e+02
1.620000000000000000e+02 1.274677288440601330e+01 1.620000000000000000e+02 1.624796752164038480e+02
1.630000000000000000e+02 1.273715655783689726e+01 1.630000000000000000e+02 1.620169046429364244e+02
1.640000000000000000e+02 1.272816288828127540e+01 1.640000000000000000e+02 1.613651473098143470e+02
1.650000000000000000e+02 1.271975378152556857e+01 1.650000000000000000e+02 1.609395481070969254e+02
1.660000000000000000e+02 1.271188942162496005e+01 1.660000000000000000e+02 1.608106803163245786e+02
1.670000000000000000e+02 1.270452782578725248e+01 1.670000000000000000e+02 1.608677715931407874e+02
1.680000000000000000e+02 1.269762471179241459e+01 1.680000000000000000e+02 1.608426351586676901e+02
1.690000000000000000e+02 1.269113364844750436e+01 1.690000000000000000e+02 1.604516873505490366e+02
1.700000000000000000e+02 1.268500647968458850e+01 1.700000000000000000e+02 1.597747170988004655e+02
1.710000000000000000e+02 1.267919400338693947e+01 1.710000000000000000e+02 1.593406668050301960e+02
1.720000000000000000e+02 1.267364651226897365e+01 1.720000000000000000e+02 1.594086799947399413e+02
1.730000000000000000e+02 1.266831392528906264e+01 1.730000000000000000e+02 1.598777425752996351e+02
1.740000000000000000e+02 1.266314577737875879e+01 1.740000000000000000e+02 1.604281160151076620e+02
1.750000000000000000e+02 1.265809141068719867e+01 1.750000000000000000e+02 1.606296769259060966e+02
1.760000000000000000e+02 1.265310048289509837e+01 1.760000000000000000e+02 1.604153028123182594e+02
1.770000000000000000e+02 1.264812361352079506e+01 1.770000000000000000e+02 1.600323377918539336e+02
1.780000000000000000e+02 1.264311312538469423e+01 1.780000000000000000e+02 1.598349833396205213e+02
1.790000000000000000e+02 1.263802376230124480e+01 1.790000000000000000e+02 1.598301114835776389e+02
1.800000000000000000e+02 1.263281287922125529e+01 1.800000000000000000e+02 1.597964808382093906e+02
1.810000000000000000e+02 1.262744016948836645e+01 1.810000000000000000e+02 1.595888064950122498e+02
1.820000000000000000e+02 1.262186752003244550e+01 1.820000000000000000e+02 1.593606601861829404e+02
1.830000000000000000e+02 1.261605918463025944e+01 1.830000000000000000e+02 1.593455470867047552e+02
1.840000000000000000e+02 1.260998191257128553e+01 1.840000000000000000e+02 1.593021621576917823e+02
1.850000000000000000e+02 1.260360513119381665e+01 1.850000000000000000e+02 1.589883825634460663e+02
1.860000000000000000e+02 1.259690178039343422e+01 1.860000000000000000e+02 1.586435813382850029e+02
1.870000000000000000e+02 1.258984967375962327e+01 1.870000000000000000e+02 1.583570793903927552e+02
1.880000000000000000e+02 1.258243271132783647e+01 1.880000000000000000e+02 1.582192952755867736e+02
1.890000000000000000e+02 1.257464157497221180e+01 1.890000000000000000e+02 1.584822374002833385e+02
1.900000000000000000e+02 1.256647375130226862e+01 1.900000000000000000e+02 1.591738579841039609e+02
1.910000000000000000e+02 1.255793273665620902e+01 1.910000000000000000e+02 1.596979231409786735e+02
1.920000000000000000e+02 1.254902644189230898e+01 1.920000000000000000e+02 1.593259217340091709e+02
1.930000000000000000e+02 1.253976540031468545e+01 1.930000000000000000e+02 1.581189494517893763e+02
1.940000000000000000e+02 1.253016161024754815e+01 1.940000000000000000e+02 1.571626586849743035e+02
1.950000000000000000e+02 1.252022827719945752e+01 1.950000000000000000e+02 1.572804329231730662e+02
1.960000000000000000e+02 1.250998012932528880e+01 1.960000000000000000e+02 1.578144607782014646e+02
1.970000000000000000e+02 1.249943392540319742e+01 1.970000000000000000e+02 1.577269839950167807e+02
1.980000000000000000e+02 1.248860904529539440e+01 1.980000000000000000e+02 1.569400968269765144e+02
1.990000000000000000e+02 1.247752798228083115e+01 1.990000000000000000e+02 1.561393890977342380e+02
2.000000000000000000e+02 1.246621655825541275e+01 2.000000000000000000e+02 1.557021636257122736e+02
2.010000000000000000e+02 1.245470381115257297e+01 2.010000000000000000e+02 1.554352790290140547e+02
2.020000000000000000e+02 1.244302156487212230e+01 2.020000000000000000e+02 1.551547296842472861e+02
2.030000000000000000e+02 1.243120372609809010e+01 2.030000000000000000e+02 1.548629369269328890e+02
2.040000000000000000e+02 1.241928549464351761e+01 2.040000000000000000e+02 1.547169253323809244e+02
2.050000000000000000e+02 1.240730285542965561e+01 2.050000000000000000e+02 1.546161605658271583e+02
2.060000000000000000e+02 1.239529226607124812e+01 2.060000000000000000e+02 1.542609816712356405e+02
2.070000000000000000e+02 1.238329019820072929e+01 2.070000000000000000e+02 1.537956233709410299e+02
2.080000000000000000e+02 1.237133244397779208e+01 2.080000000000000000e+02 1.535982973823265638e+02
2.090000000000000000e+02 1.235945336435279529e+01 2.090000000000000000e+02 1.536881519197340822e+02
2.100000000000000000e+02 1.234768549241302082e+01 2.100000000000000000e+02 1.538777355445927242e+02
2.110000000000000000e+02 1.233605976061778620e+01 2.110000000000000000e+02 1.539843622991320444e+02
2.120000000000000000e+02 1.232460624988283371e+01 2.120000000000000000e+02 1.539495574468164705e+02
2.130000000000000000e+02 1.231335503868353953e+01 2.130000000000000000e+02 1.538080096628400497e+02
2.140000000000000000e+02 1.230233685236493812e+01 2.140000000000000000e+02 1.536056648197700270e+02
2.150000000000000000e+02 1.229158370134198464e+01 2.150000000000000000e+02 1.533570453559950693e+02
2.160000000000000000e+02 1.228112938960575917e+01 2.160000000000000000e+02 1.532206998086185195e+02
2.170000000000000000e+02 1.227100946515654556e+01 2.170000000000000000e+02 1.533354533187084598e+02
2.180000000000000000e+02 1.226126072674389889e+01 2.180000000000000000e+02 1.535053267757612048e+02
2.190000000000000000e+02 1.225192070369944020e+01 2.190000000000000000e+02 1.535010366040223744e+02
2.200000000000000000e+02 1.224302731181406045e+01 2.200000000000000000e+02 1.533510047586751170e+02
2.210000000000000000e+02 1.223461815564013477e+01 2.210000000000000000e+02 1.531248433650034713e+02
2.220000000000000000e+02 1.222672898012341136e+01 2.220000000000000000e+02 1.528971015094139148e+02
2.230000000000000000e+02 1.221939202474983688e+01 2.230000000000000000e+02 1.528022979910019785e+02
2.240000000000000000e+02 1.221263514493833213e+01 2.240000000000000000e+02 1.529021499018126633e+02
2.250000000000000000e+02 1.220648175961031257e+01 2.250000000000000000e+02 1.529376039800845319e+02
2.260000000000000000e+02 1.220095135102150152e+01 2.260000000000000000e+02 1.526101446323882556e+02
2.270000000000000000e+02 1.219606001912015358e+01 2.270000000000000000e+02 1.521441208688338520e+02
2.280000000000000000e+02 1.219182050301691334e+01 2.280000000000000000e+02 1.518375761344068451e+02
2.290000000000000000e+02 1.218824162794415145e+01 2.290000000000000000e+02 1.516416171086020768e+02
2.300000000000000000e+02 1.218532774477908731e+01 2.300000000000000000e+02 1.515065780155709945e+02
2.310000000000000000e+02 1.218307853668846974e+01 2.310000000000000000e+02 1.515550968660536455e+02
2.320000000000000000e+02 1.218148913984936144e+01 2.320000000000000000e+02 1.517664879380026832e+02
2.330000000000000000e+02 1.218055042566005852e+01 2.330000000000000000e+02 1.518239853659324581e+02
2.340000000000000000e+02 1.218024942940354549e+01 2.340000000000000000e+02 1.516378232825372834e+02
2.350000000000000000e+02 1.218056991078472606e+01 2.350000000000000000e+02 1.514585306708468124e+02
2.360000000000000000e+02 1.218149285981603214e+01 2.360000000000000000e+02 1.513563976731238654e+02
2.370000000000000000e+02 1.218299662985366183e+01 2.370000000000000000e+02 1.510791161014785757e+02
2.380000000000000000e+02 1.218505700314133833e+01 2.380000000000000000e+02 1.506725785990201985e+02
2.390000000000000000e+02 1.218764795081202124e+01 2.390000000000000000e+02 1.505056278618576471e+02
2.400000000000000000e+02 1.219074318903813037e+01 2.400000000000000000e+02 1.507620041040645447e+02
2.410000000000000000e+02 1.219431786668209838e+01 2.410000000000000000e+02 1.509344276107731275e+02
2.420000000000000000e+02 1.219834931205932094e+01 2.420000000000000000e+02 1.503454507596179610e+02
2.430000000000000000e+02 1.220281640172227355e+01 2.430000000000000000e+02 1.491753308524494059e+02
2.440000000000000000e+02 1.220769792040326251e+01 2.440000000000000000e+02 1.481864600637345575e+02
2.450000000000000000e+02 1.221297072541021578e+01 2.450000000000000000e+02 1.478486389657118707e+02
2.460000000000000000e+02 1.221860856793320238e+01 2.460000000000000000e+02 1.482476732487120898e+02
2.470000000000000000e+02 1.222458141741802251e+01 2.470000000000000000e+02 1.490172532543729176e+02
2.480000000000000000e+02 1.223085481724903900e+01 2.480000000000000000e+02 1.495546469600485580e+02
2.490000000000000000e+02 1.223738962701877142e+01 2.490000000000000000e+02 1.496862000383298437e+02
2.500000000000000000e+02 1.224414231347608961e+01 2.500000000000000000e+02 1.495947333496878855e+02
2.510000000000000000e+02 1.225106534890542775e+01 2.510000000000000000e+02 1.492170645501173567e+02
2.520000000000000000e+02 1.225810768343950485e+01 2.520000000000000000e+02 1.485578276047635882e+02
2.530000000000000000e+02 1.226521546906911908e+01 2.530000000000000000e+02 1.480546027335767576e+02
2.540000000000000000e+02 1.227233295480479569e+01 2.540000000000000000e+02 1.481727131916923099e+02
2.550000000000000000e+02 1.227940340312758849e+01 2.550000000000000000e+02 1.486982122036388319e+02
2.560000000000000000e+02 1.228636961066840172e+01 2.560000000000000000e+02 1.489123275471210945e+02
2.570000000000000000e+02 1.229317389820079143e+01 2.570000000000000000e+02 1.485583245759262354e+02
2.580000000000000000e+02 1.229975809055156333e+01 2.580000000000000000e+02 1.480410259067139123e+02
2.590000000000000000e+02 1.230606391035487945e+01 2.590000000000000000e+02 1.479252325894995010e+02
2.600000000000000000e+02 1.231203369656878976e+01 2.600000000000000000e+02 1.481974188170534035e+02
2.610000000000000000e+02 1.231761120994508474e+01 2.610000000000000000e+02 1.484206848357935087e+02
2.620000000000000000e+02 1.232274250690500139e+01 2.620000000000000000e+02 1.483821480562692159e+02
2.630000000000000000e+02 1.232737701289374854e+01 2.630000000000000000e+02 1.480293977629844449e+02
2.640000000000000000e+02 1.233146881690137775e+01 2.640000000000000000e+02 1.476560593760514166e+02
2.650000000000000000e+02 1.233497775703855837e+01 2.650000000000000000e+02 1.475391685862268787e+02
2.660000000000000000e+02 1.233786985476152154e+01 2.660000000000000000e+02 1.474797611845242500e+02
2.670000000000000000e+02 1.234011726152979804e+01 2.670000000000000000e+02 1.471866520390321966e+02
2.680000000000000000e+02 1.234169816862328162e+01 2.680000000000000000e+02 1.468107729430230393e+02
2.690000000000000000e+02 1.234259707956994134e+01 2.690000000000000000e+02 1.467790657016412297e+02
2.700000000000000000e+02 1.234280537288708501e+01 2.700000000000000000e+02 1.471483587989860098e+02
2.710000000000000000e+02 1.234232169635328091e+01 2.710000000000000000e+02 1.474887894208077341e+02
2.720000000000000000e+02 1.234115212282617335e+01 2.720000000000000000e+02 1.473274738670661463e+02
2.730000000000000000e+02 1.233930988277671759e+01 2.730000000000000000e+02 1.467499245004146360e+02
2.740000000000000000e+02 1.233681424342753985e+01 2.740000000000000000e+02 1.463199299806765339e+02
2.750000000000000000e+02 1.233368899907273430e+01 2.750000000000000000e+02 1.462510510947686271e+02
2.760000000000000000e+02 1.232996129878256397e+01 2.760000000000000000e+02 1.463512436978380720e+02
2.770000000000000000e+02 1.232566041803255530e+01 2.770000000000000000e+02 1.464011746652031434e+02
2.780000000000000000e+02 1.232081592743821830e+01 2.780000000000000000e+02 1.460985260141969775e+02
2.790000000000000000e+02 1.231545561324705318e+01 2.790000000000000000e+02 1.455267093382517487e+02
2.800000000000000000e+02 1.230960386642033200e+01 2.800000000000000000e+02 1.452773368094985926e+02
2.810000000000000000e+02 1.230328058942185976e+01 2.810000000000000000e+02 1.455033003754615493e+02
2.820000000000000000e+02 1.229650036676488867e+01 2.820000000000000000e+02 1.456761288052584860e+02
2.830000000000000000e+02 1.228927208205897159e+01 2.830000000000000000e+02 1.454576148172318426e+02
2.840000000000000000e+02 1.228159909598466015e+01 2.840000000000000000e+02 1.453083280470627869e+02
2.850000000000000000e+02 1.227347987737863377e+01 2.850000000000000000e+02 1.454604537321665703e+02
2.860000000000000000e+02 1.226490909329905321e+01 2.860000000000000000e+02 1.456466975562898369e+02
2.870000000000000000e+02 1.225587913156007858e+01 2.870000000000000000e+02 1.458140565804878861e+02
2.880000000000000000e+02 1.224638170675260085e+01 2.880000000000000000e+02 1.460588977276056539e+02
2.890000000000000000e+02 1.223640930678217842e+01 2.890000000000000000e+02 1.463166588828280510e+02
2.900000000000000000e+02 1.222595660946549856e+01 2.900000000000000000e+02 1.464313078964732995e+02
2.910000000000000000e+02 1.221502181702729217e+01 2.910000000000000000e+02 1.462486545373176341e+02
2.920000000000000000e+02 1.220360789316609385e+01 2.920000000000000000e+02 1.458356148972598021e+02
2.930000000000000000e+02 1.219172368923429417e+01 2.930000000000000000e+02 1.453509318331125542e+02
2.940000000000000000e+02 1.217938472228391333e+01 2.940000000000000000e+02 1.449389963401263230e+02
2.950000000000000000e+02 1.216661356686742579e+01 2.950000000000000000e+02 1.448090355258245836e+02
2.960000000000000000e+02 1.215343980160201909e+01 2.960000000000000000e+02 1.450648599459454999e+02
2.970000000000000000e+02 1.213989943514602032e+01 2.970000000000000000e+02 1.455356742469011806e+02
2.980000000000000000e+02 1.212603412972561046e+01 2.980000000000000000e+02 1.459997592528161476e+02
2.990000000000000000e+02 1.211189069436838395e+01 2.990000000000000000e+02 1.462978993123397231e+02
3.000000000000000000e+02 1.209752107003603783e+01 3.000000000000000000e+02 1.464697917860321468e+02
3.010000000000000000e+02 1.208298256154253636e+01 3.010000000000000000e+02 1.465774061437259661e+02
3.020000000000000000e+02 1.206833790566383868e+01 3.020000000000000000e+02 1.466830987488647224e+02
3.030000000000000000e+02 1.205365546327999482e+01 3.030000000000000000e+02 1.468379604433284840e+02
3.040000000000000000e+02 1.203900991495356720e+01 3.040000000000000000e+02 1.469558884498692350e+02
3.050000000000000000e+02 1.202448324787837919e+01 3.050000000000000000e+02 1.466808082686184207e+02
3.060000000000000000e+02 1.201016597707723577e+01 3.060000000000000000e+02 1.459614979493926512e+02
3.070000000000000000e+02 1.199615868119767015e+01 3.070000000000000000e+02 1.454675137703015935e+02
3.080000000000000000e+02 1.198257342942287096e+01 3.080000000000000000e+02 1.455499057503475342e+02
3.090000000000000000e+02 1.196953426198749071e+01 3.090000000000000000e+02 1.457855937702115625e+02
3.100000000000000000e+02 1.195717588811785959e+01 3.100000000000000000e+02 1.457848836800258141e+02
3.110000000000000000e+02 1.194564035533423407e+01 3.110000000000000000e+02 1.457932952898408985e+02
3.120000000000000000e+02 1.193507225942752825e+01 3.120000000000000000e+02 1.461168075160821900e+02
3.130000000000000000e+02 1.192561361384792917e+01 3.130000000000000000e+02 1.463519003230467206e+02
3.140000000000000000e+02 1.191739950650580226e+01 3.140000000000000000e+02 1.461940059758780990e+02
3.150000000000000000e+02 1.191055494981191032e+01 3.150000000000000000e+02 1.459608080488542328e+02
3.160000000000000000e+02 1.190519275182242609e+01 3.160000000000000000e+02 1.457705046951014083e+02
3.170000000000000000e+02 1.190141207572659710e+01 3.170000000000000000e+02 1.452923980549967382e+02
3.180000000000000000e+02 1.189929741642887961e+01 3.180000000000000000e+02 1.446175824888341594e+02
3.190000000000000000e+02 1.189891790792285065e+01 3.190000000000000000e+02 1.442242159452580381e+02
3.200000000000000000e+02 1.190032715483886250e+01 3.200000000000000000e+02 1.442220047854498262e+02
3.210000000000000000e+02 1.190356344513796216e+01 3.210000000000000000e+02 1.446420285644853720e+02
3.220000000000000000e+02 1.190864997530911751e+01 3.220000000000000000e+02 1.454973525533569045e+02
3.230000000000000000e+02 1.191559533871068766e+01 3.230000000000000000e+02 1.460695404480502475e+02
3.240000000000000000e+02 1.192439436528218266e+01 3.240000000000000000e+02 1.456648362914638710e+02
3.250000000000000000e+02 1.193502873468273151e+01 3.250000000000000000e+02 1.445361800426835543e+02
3.260000000000000000e+02 1.194746733762892177e+01 3.260000000000000000e+02 1.434350025027015363e+02
3.270000000000000000e+02 1.196166704945369474e+01 3.270000000000000000e+02 1.427988531930168392e+02
3.280000000000000000e+02 1.197757408266951984e+01 3.280000000000000000e+02 1.425665404388346360e+02
3.290000000000000000e+02 1.199512564118884939e+01 3.290000000000000000e+02 1.425021840115005034e+02
3.300000000000000000e+02 1.201425170182858437e+01 3.300000000000000000e+02 1.424388913037873863e+02
3.310000000000000000e+02 1.203487657742141437e+01 3.310000000000000000e+02 1.424744267991009110e+02
3.320000000000000000e+02 1.205691994875365936e+01 3.320000000000000000e+02 1.426662213540403172e+02
3.330000000000000000e+02 1.208029748878402643e+01 3.330000000000000000e+02 1.428541486085559882e+02
3.340000000000000000e+02 1.210492111440285612e+01 3.340000000000000000e+02 1.428261292619645246e+02
3.350000000000000000e+02 1.213069908248036199e+01 3.350000000000000000e+02 1.424703202708988101e+02
3.360000000000000000e+02 1.215753640917958478e+01 3.360000000000000000e+02 1.418110124701070163e+02
3.370000000000000000e+02 1.218533573695009409e+01 3.370000000000000000e+02 1.412625703030571458e+02
3.380000000000000000e+02 1.221399816209537903e+01 3.380000000000000000e+02 1.411420562962775875e+02
3.390000000000000000e+02 1.224342376618670869e+01 3.390000000000000000e+02 1.413817835274639947e+02
3.400000000000000000e+02 1.227351203729446638e+01 3.400000000000000000e+02 1.419076427090258221e+02
3.410000000000000000e+02 1.230416218158137553e+01 3.410000000000000000e+02 1.424719631861535163e+02
3.420000000000000000e+02 1.233527358009914110e+01 3.420000000000000000e+02 1.428868724244821351e+02
3.430000000000000000e+02 1.236674679305357927e+01 3.430000000000000000e+02 1.430584382227534661e+02
3.440000000000000000e+02 1.239848480036269507e+01 3.440000000000000000e+02 1.428130741921413573e+02
3.450000000000000000e+02 1.243039394862449853e+01 3.450000000000000000e+02 1.422983972036454361e+02
3.460000000000000000e+02 1.246238463654839279e+01 3.460000000000000000e+02 1.417418386034987634e+02
3.470000000000000000e+02 1.249437192547244990e+01 3.470000000000000000e+02 1.412792597512452630e+02
3.480000000000000000e+02 1.252627623499569154e+01 3.480000000000000000e+02 1.408142208566569025e+02
3.490000000000000000e+02 1.255802410439881101e+01 3.490000000000000000e+02 1.402186003864699160e+02
3.500000000000000000e+02 1.258954869547008570e+01 3.500000000000000000e+02 1.396573905978511903e+02
3.510000000000000000e+02 1.262078989594114375e+01 3.510000000000000000e+02 1.392896813290208229e+02
3.520000000000000000e+02 1.265169440575569126e+01 3.520000000000000000e+02 1.392308265354804462e+02
3.530000000000000000e+02 1.268221598777095949e+01 3.530000000000000000e+02 1.395769198413399863e+02
3.540000000000000000e+02 1.271231566841800031e+01 3.540000000000000000e+02 1.400575415710773086e+02
3.550000000000000000e+02 1.274196192641305458e+01 3.550000000000000000e+02 1.402862276152518461e+02
3.560000000000000000e+02 1.277113120506494681e+01 3.560000000000000000e+02 1.403768405621012789e+02
3.570000000000000000e+02 1.279980885304566129e+01 3.570000000000000000e+02 1.407220883204281563e+02
3.580000000000000000e+02 1.282799019255683959e+01 3.580000000000000000e+02 1.414134637378665502e+02
3.590000000000000000e+02 1.285568115362029573e+01 3.590000000000000000e+02 1.420994579034158960e+02
3.600000000000000000e+02 1.288289813826166608e+01 3.600000000000000000e+02 1.425407710021972889e+02
3.610000000000000000e+02 1.290966721865410705e+01 3.610000000000000000e+02 1.429911170126651996e+02
3.620000000000000000e+02 1.293602259840972124e+01 3.620000000000000000e+02 1.436415707525884500e+02
3.630000000000000000e+02 1.296200436098742159e+01 3.630000000000000000e+02 1.442508111614079098e+02
3.640000000000000000e+02 1.298765578908340501e+01 3.640000000000000000e+02 1.447530695761815878e+02
3.650000000000000000e+02 1.301302066147373182e+01 3.650000000000000000e+02 1.452161344127525808e+02
3.660000000000000000e+02 1.303814083975792926e+01 3.660000000000000000e+02 1.454361138405220117e+02
3.670000000000000000e+02 1.306305392969932200e+01 3.670000000000000000e+02 1.453640386686456623e+02
3.680000000000000000e+02 1.308779111504104264e+01 3.680000000000000000e+02 1.450603855183653650e+02
3.690000000000000000e+02 1.311237585937175254e+01 3.690000000000000000e+02 1.447240118460686062e+02
3.700000000000000000e+02 1.313682367232568993e+01 3.700000000000000000e+02 1.448178755535773234e+02
3.710000000000000000e+02 1.316114259371779838e+01 3.710000000000000000e+02 1.454107192775336443e+02
3.720000000000000000e+02 1.318533391166641877e+01 3.720000000000000000e+02 1.461232177646597847e+02
3.730000000000000000e+02 1.320939272334486247e+01 3.730000000000000000e+02 1.465626977822030312e+02
3.740000000000000000e+02 1.323330852394212798e+01 3.740000000000000000e+02 1.466850805865251459e+02
3.750000000000000000e+02 1.325706593495785057e+01 3.750000000000000000e+02 1.467593753263790859e+02
3.760000000000000000e+02 1.328064543933611219e+01 3.760000000000000000e+02 1.469274866320847650e+02
3.770000000000000000e+02 1.330402436720322612e+01 3.770000000000000000e+02 1.468772953814550419e+02
3.780000000000000000e+02 1.332717799006817927e+01 3.780000000000000000e+02 1.465552418425722863e+02
3.790000000000000000e+02 1.335008042002809248e+01 3.790000000000000000e+02 1.461442726725217653e+02
3.800000000000000000e+02 1.337270524779900427e+01 3.800000000000000000e+02 1.460154154540941818e+02
3.810000000000000000e+02 1.339502581839248307e+01 3.810000000000000000e+02 1.466085087575993384e+02
3.820000000000000000e+02 1.341701543876591529e+01 3.820000000000000000e+02 1.479287101344234543e+02
3.830000000000000000e+02 1.343864784406891033e+01 3.830000000000000000e+02 1.490002536538013374e+02
3.840000000000000000e+02 1.345989805265554651e+01 3.840000000000000000e+02 1.490583981362578925e+02
3.850000000000000000e+02 1.348074361375810781e+01 3.850000000000000000e+02 1.485745979790444835e+02
3.860000000000000000e+02 1.350116588360174319e+01 3.860000000000000000e+02 1.485071075597661547e+02
3.870000000000000000e+02 1.352115101485223647e+01 3.870000000000000000e+02 1.493446779613368562e+02
3.880000000000000000e+02 1.354069064203086725e+01 3.880000000000000000e+02 1.508929615500892396e+02
3.890000000000000000e+02 1.355978224227409612e+01 3.890000000000000000e+02 1.522851895419335051e+02
3.900000000000000000e+02 1.357842896290469525e+01 3.900000000000000000e+02 1.525302272955414082e+02
3.910000000000000000e+02 1.359663873471261297e+01 3.910000000000000000e+02 1.518255346930345695e+02
3.920000000000000000e+02 1.361442296780222705e+01 3.920000000000000000e+02 1.513488397019536933e+02
3.930000000000000000e+02 1.363179517958111830e+01 3.930000000000000000e+02 1.514863058461596665e+02
3.940000000000000000e+02 1.364876941545675493e+01 3.940000000000000000e+02 1.518477837006848858e+02
3.950000000000000000e+02 1.366535879776330376e+01 3.950000000000000000e+02 1.520913041047388106e+02
3.960000000000000000e+02 1.368157499048827219e+01 3.960000000000000000e+02 1.520417877362178842e+02
3.970000000000000000e+02 1.369742856880374404e+01 3.970000000000000000e+02 1.519182992294499854e+02
3.980000000000000000e+02 1.371292983970739954e+01 3.980000000000000000e+02 1.523000906404085981e+02
3.990000000000000000e+02 1.372808985659149528e+01 3.990000000000000000e+02 1.532714201736598625e+02
4.000000000000000000e+02 1.374292120261382877e+01 4.000000000000000000e+02 1.542406803256308194e+02
4.010000000000000000e+02 1.375743815327642494e+01 4.010000000000000000e+02 1.547824125614497461e+02
4.020000000000000000e+02 1.377165647742576482e+01 4.020000000000000000e+02 1.548244404469805886e+02
4.030000000000000000e+02 1.378559315249363237e+01 4.030000000000000000e+02 1.542940623730610241e+02
4.040000000000000000e+02 1.379926598198690613e+01 4.040000000000000000e+02 1.536259889279535855e+02
4.050000000000000000e+02 1.381269328593032242e+01 4.050000000000000000e+02 1.534374806650157552e+02
4.060000000000000000e+02 1.382589375642957918e+01 4.060000000000000000e+02 1.537300756011318299e+02
4.070000000000000000e+02 1.383888643400244689e+01 4.070000000000000000e+02 1.541520654442792875e+02
4.080000000000000000e+02 1.385169086810580552e+01 4.080000000000000000e+02 1.546647625082841842e+02
4.090000000000000000e+02 1.386432732727476491e+01 4.090000000000000000e+02 1.549699389972083736e+02
4.100000000000000000e+02 1.387681695351892586e+01 4.100000000000000000e+02 1.546893450286370353e+02
4.110000000000000000e+02 1.388918179187433566e+01 4.110000000000000000e+02 1.543005097218483570e+02
4.120000000000000000e+02 1.390144465252973305e+01 4.120000000000000000e+02 1.544339000451582251e+02
4.130000000000000000e+02 1.391362907808775162e+01 4.130000000000000000e+02 1.548197597606631462e+02
4.140000000000000000e+02 1.392575970842614197e+01 4.140000000000000000e+02 1.550125845231959829e+02
4.150000000000000000e+02 1.393786327705325334e+01 4.150000000000000000e+02 1.553349597486667335e+02
4.160000000000000000e+02 1.394996996556935187e+01 4.160000000000000000e+02 1.560387132092146203e+02
4.170000000000000000e+02 1.396211436091920177e+01 4.170000000000000000e+02 1.564940302738832543e+02
4.180000000000000000e+02 1.397433561595460105e+01 4.180000000000000000e+02 1.562518583434284665e+02
4.190000000000000000e+02 1.398667715798927702e+01 4.190000000000000000e+02 1.558856834661273751e+02
4.200000000000000000e+02 1.399918638575607588e+01 4.200000000000000000e+02 1.560667397502256790e+02
4.210000000000000000e+02 1.401191426083258307e+01 4.210000000000000000e+02 1.566340644593437901e+02
4.220000000000000000e+02 1.402491444623620964e+01 4.220000000000000000e+02 1.570137739721831167e+02
4.230000000000000000e+02 1.403824213726491621e+01 4.230000000000000000e+02 1.571613417382031912e+02
4.240000000000000000e+02 1.405195317538166933e+01 4.240000000000000000e+02 1.573273633797653019e+02
4.250000000000000000e+02 1.406610339229621331e+01 4.250000000000000000e+02 1.572653965681965929e+02
4.260000000000000000e+02 1.408074794050605760e+01 4.260000000000000000e+02 1.570524419216671959e+02
4.270000000000000000e+02 1.409594074432777688e+01 4.270000000000000000e+02 1.571580569760990329e+02
4.280000000000000000e+02 1.411173392769387647e+01 4.280000000000000000e+02 1.576943271398049546e+02
4.290000000000000000e+02 1.412817706972796827e+01 4.290000000000000000e+02 1.584164163540845038e+02
4.300000000000000000e+02 1.414531619482414726e+01 4.300000000000000000e+02 1.588325079566129716e+02
4.310000000000000000e+02 1.416319272822491371e+01 4.310000000000000000e+02 1.586949771537110792e+02
4.320000000000000000e+02 1.418184306091784208e+01 4.320000000000000000e+02 1.584069111112985411e+02
4.330000000000000000e+02 1.420129873518679631e+01 4.330000000000000000e+02 1.586061030013370328e+02
4.340000000000000000e+02 1.422158663535357448e+01 4.340000000000000000e+02 1.593146975663257763e+02
4.350000000000000000e+02 1.424272869472463299e+01 4.350000000000000000e+02 1.598537258659780491e+02
4.360000000000000000e+02 1.426474124334336580e+01 4.360000000000000000e+02 1.596085930502449628e+02
4.370000000000000000e+02 1.428763439873246455e+01 4.370000000000000000e+02 1.588194292360640247e+02
4.380000000000000000e+02 1.431141131496728747e+01 4.380000000000000000e+02 1.584098558157493244e+02
4.390000000000000000e+02 1.433606733613991935e+01 4.390000000000000000e+02 1.587516178984005819e+02
4.400000000000000000e+02 1.436158988722611696e+01 4.400000000000000000e+02 1.593302859159521176e+02
4.410000000000000000e+02 1.438795925445944590e+01 4.410000000000000000e+02 1.597883270144448034e+02
4.420000000000000000e+02 1.441514930717778498e+01 4.420000000000000000e+02 1.602618993478718039e+02
4.430000000000000000e+02 1.444312774447942616e+01 4.430000000000000000e+02 1.609754295450657082e+02
4.440000000000000000e+02 1.447185624065913601e+01 4.440000000000000000e+02 1.617189676018315367e+02
4.450000000000000000e+02 1.450129059650738839e+01 4.450000000000000000e+02 1.619514098121617280e+02
4.460000000000000000e+02 1.453138106026160870e+01 4.460000000000000000e+02 1.618060571588866878e+02
4.470000000000000000e+02 1.456207286030762305e+01 4.470000000000000000e+02 1.615935372829517291e+02
4.480000000000000000e+02 1.459330690499560035e+01 4.480000000000000000e+02 1.613992459267465165e+02
4.490000000000000000e+02 1.462502073975085182e+01 4.490000000000000000e+02 1.616028251715579245e+02
4.500000000000000000e+02 1.465714935408919928e+01 4.500000000000000000e+02 1.622849470097025915e+02
4.510000000000000000e+02 1.468962568195220797e+01 4.510000000000000000e+02 1.630076848711505590e+02
4.520000000000000000e+02 1.472238122663114268e+01 4.520000000000000000e+02 1.636178560435109830e+02
4.530000000000000000e+02 1.475534687614259610e+01 4.530000000000000000e+02 1.641833123974138289e+02
4.540000000000000000e+02 1.478845368180603259e+01 4.540000000000000000e+02 1.646363763085064420e+02
4.550000000000000000e+02 1.482163348163744843e+01 4.550000000000000000e+02 1.652247685935690242e+02
4.560000000000000000e+02 1.485481962701243219e+01 4.560000000000000000e+02 1.662898497735895944e+02
4.570000000000000000e+02 1.488794820553161458e+01 4.570000000000000000e+02 1.674864844645526318e+02
4.580000000000000000e+02 1.492095955440855448e+01 4.580000000000000000e+02 1.679313905228736985e+02
4.590000000000000000e+02 1.495379965273095024e+01 4.590000000000000000e+02 1.675117998272107798e+02
4.600000000000000000e+02 1.498642125128314717e+01 4.600000000000000000e+02 1.668951229207959841e+02
4.610000000000000000e+02 1.501878445623938774e+01 4.610000000000000000e+02 1.664721340096730273e+02
4.620000000000000000e+02 1.505085663352448933e+01 4.620000000000000000e+02 1.664071686703500745e+02
4.630000000000000000e+02 1.508261199729886926e+01 4.630000000000000000e+02 1.668493530276409729e+02
4.640000000000000000e+02 1.511403118528987477e+01 4.640000000000000000e+02 1.678597343935998651e+02
4.650000000000000000e+02 1.514510084198194306e+01 4.650000000000000000e+02 1.691113162915908106e+02
4.660000000000000000e+02 1.517581311664956445e+01 4.660000000000000000e+02 1.698451805348013295e+02
4.670000000000000000e+02 1.520616511240334034e+01 4.670000000000000000e+02 1.700012535882451630e+02
4.680000000000000000e+02 1.523615833923614105e+01 4.680000000000000000e+02 1.700956792368842798e+02
4.690000000000000000e+02 1.526579800112259022e+01 4.690000000000000000e+02 1.703113308601941753e+02
4.700000000000000000e+02 1.529509231889373666e+01 4.700000000000000000e+02 1.702938377639375176e+02
4.710000000000000000e+02 1.532405221774266124e+01 4.710000000000000000e+02 1.702569160231132628e+02
4.720000000000000000e+02 1.535269115855902555e+01 4.720000000000000000e+02 1.705054070848973424e+02
4.730000000000000000e+02 1.538102489658135141e+01 4.730000000000000000e+02 1.709403387282745825e+02
4.740000000000000000e+02 1.540907127196722115e+01 4.740000000000000000e+02 1.714012843046075432e+02
4.750000000000000000e+02 1.543685001498668896e+01 4.750000000000000000e+02 1.715269664588304295e+02
4.760000000000000000e+02 1.546438248356621159e+01 4.760000000000000000e+02 1.714339815248877130e+02
4.770000000000000000e+02 1.549169147963037574e+01 4.770000000000000000e+02 1.715726903102677170e+02
4.780000000000000000e+02 1.551880122057976052e+01 4.780000000000000000e+02 1.721862893529814755e+02
4.790000000000000000e+02 1.554573738228766899e+01 4.790000000000000000e+02 1.730529957698672661e+02
4.800000000000000000e+02 1.557252693303288993e+01 4.800000000000000000e+02 1.737428486655990127e+02
4.810000000000000000e+02 1.559919760539193589e+01 4.810000000000000000e+02 1.741078894985876104e+02
4.820000000000000000e+02 1.562577724457565864e+01 4.820000000000000000e+02 1.743547006411354232e+02
4.830000000000000000e+02 1.565229345690553941e+01 4.830000000000000000e+02 1.744861918864444306e+02
4.840000000000000000e+02 1.567877370159484940e+01 4.840000000000000000e+02 1.742200372457264166e+02
4.850000000000000000e+02 1.570524555172335113e+01 4.850000000000000000e+02 1.738149586896361143e+02
4.860000000000000000e+02 1.573173660011045172e+01 4.860000000000000000e+02 1.742263107749677147e+02
4.870000000000000000e+02 1.575827389261989708e+01 4.870000000000000000e+02 1.756969401683527394e+02
4.880000000000000000e+02 1.578488365468246002e+01 4.880000000000000000e+02 1.772387554078522953e+02
4.890000000000000000e+02 1.581159165487515850e+01 4.890000000000000000e+02 1.778694921110800351e+02
4.900000000000000000e+02 1.583842365892400039e+01 4.900000000000000000e+02 1.773746873448981205e+02
4.910000000000000000e+02 1.586540549166248582e+01 4.910000000000000000e+02 1.764291134525119560e+02
4.920000000000000000e+02 1.589256219521246294e+01 4.920000000000000000e+02 1.760274875189788872e+02
4.930000000000000000e+02 1.591991650605129394e+01 4.930000000000000000e+02 1.765638859652099200e+02
4.940000000000000000e+02 1.594748798105288756e+01 4.940000000000000000e+02 1.775863486664093216e+02
4.950000000000000000e+02 1.597529306946120187e+01 4.950000000000000000e+02 1.780888131962419720e+02
4.960000000000000000e+02 1.600334497080989138e+01 4.960000000000000000e+02 1.777700819018573384e+02
4.970000000000000000e+02 1.603165286548312451e+01 4.970000000000000000e+02 1.774479599585029064e+02
4.980000000000000000e+02 1.606022137628875157e+01 4.980000000000000000e+02 1.777689276647724910e+02
4.990000000000000000e+02 1.608905075269471752e+01 4.990000000000000000e+02 1.785742984424578026e+02
5.000000000000000000e+02 1.611813763540773436e+01 5.000000000000000000e+02 1.791573693682585144e+02
5.010000000000000000e+02 1.614747609504567549e+01 5.010000000000000000e+02 1.794199866618728265e+02
5.020000000000000000e+02 1.617705856935239694e+01 5.020000000000000000e+02 1.794981325697008288e+02
5.030000000000000000e+02 1.620687676136584798e+01 5.030000000000000000e+02 1.794756682971201371e+02
5.040000000000000000e+02 1.623692248012066841e+01 5.040000000000000000e+02 1.795543500983621925e+02
5.050000000000000000e+02 1.626718792690067517e+01 5.050000000000000000e+02 1.797732217007869622e+02
5.060000000000000000e+02 1.629766531117005002e+01 5.060000000000000000e+02 1.801314721009111963e+02
5.070000000000000000e+02 1.632834605958846907e+01 5.070000000000000000e+02 1.806624829730717465e+02
5.080000000000000000e+02 1.635922005240566079e+01 5.080000000000000000e+02 1.812291780891682720e+02
5.090000000000000000e+02 1.639027513455680207e+01 5.090000000000000000e+02 1.817133186497085262e+02
5.100000000000000000e+02 1.642149695659217912e+01 5.100000000000000000e+02 1.821284548944386188e+02
5.110000000000000000e+02 1.645286928337078791e+01 5.110000000000000000e+02 1.825533018030109815e+02
5.120000000000000000e+02 1.648437441851035601e+01 5.120000000000000000e+02 1.831419066141534131e+02
5.130000000000000000e+02 1.651599327158751862e+01 5.130000000000000000e+02 1.841434540433838265e+02
5.140000000000000000e+02 1.654770531148547263e+01 5.140000000000000000e+02 1.855682646626664791e+02
5.150000000000000000e+02 1.657948886567992020e+01 5.150000000000000000e+02 1.868737449306208873e+02
5.160000000000000000e+02 1.661132162104568977e+01 5.160000000000000000e+02 1.876315569219877943e+02
5.170000000000000000e+02 1.664318096210129738e+01 5.170000000000000000e+02 1.879156368608819321e+02
5.180000000000000000e+02 1.667504403525755663e+01 5.180000000000000000e+02 1.881096628401137423e+02
5.190000000000000000e+02 1.670688729635065783e+01 5.190000000000000000e+02 1.885064696800254751e+02
5.200000000000000000e+02 1.673868572966566148e+01 5.200000000000000000e+02 1.892774348109523999e+02
5.210000000000000000e+02 1.677041243745084387e+01 5.210000000000000000e+02 1.904189916502509732e+02
5.220000000000000000e+02 1.680203879925488764e+01 5.220000000000000000e+02 1.916095178917894373e+02
5.230000000000000000e+02 1.683353503864954348e+01 5.230000000000000000e+02 1.923472840006579645e+02
5.240000000000000000e+02 1.686487116323866076e+01 5.240000000000000000e+02 1.927373883726686472e+02
5.250000000000000000e+02 1.689601796416660306e+01 5.250000000000000000e+02 1.929037491704511922e+02
5.260000000000000000e+02 1.692694752697642002e+01 5.260000000000000000e+02 1.927196031950734323e+02
5.270000000000000000e+02 1.695763292627241015e+01 5.270000000000000000e+02 1.924701721245946828e+02
5.280000000000000000e+02 1.698804735953723366e+01 5.280000000000000000e+02 1.925974817881797208e+02
5.290000000000000000e+02 1.701816342772549717e+01 5.290000000000000000e+02 1.931016650783712976e+02
5.300000000000000000e+02 1.704795298468317810e+01 5.300000000000000000e+02 1.935038907134585315e+02
5.310000000000000000e+02 1.707738755832127708e+01 5.310000000000000000e+02 1.936343467744445661e+02
5.320000000000000000e+02 1.710643895394215974e+01 5.320000000000000000e+02 1.939459366452792892e+02
5.330000000000000000e+02 1.713507967264833098e+01 5.330000000000000000e+02 1.947536537775449688e+02
5.340000000000000000e+02 1.716328305753864925e+01 5.340000000000000000e+02 1.955543679328111466e+02
5.350000000000000000e+02 1.719102323341211047e+01 5.350000000000000000e+02 1.958136730261467164e+02
5.360000000000000000e+02 1.721827502615663263e+01 5.360000000000000000e+02 1.956454624268080806e+02
5.370000000000000000e+02 1.724501394811549915e+01 5.370000000000000000e+02 1.956704692974599311e+02
5.380000000000000000e+02 1.727121611546132840e+01 5.380000000000000000e+02 1.960937106932251481e+02
5.390000000000000000e+02 1.729685813144200779e+01 5.390000000000000000e+02 1.965275884162838338e+02
5.400000000000000000e+02 1.732191734736775857e+01 5.400000000000000000e+02 1.967804221038459218e+02
5.410000000000000000e+02 1.734637242366048326e+01 5.410000000000000000e+02 1.974514309582446003e+02
5.420000000000000000e+02 1.737020363974936288e+01 5.420000000000000000e+02 1.989328369099021074e+02
5.430000000000000000e+02 1.739339303252936020e+01 5.430000000000000000e+02 2.005286263757370762e+02
5.440000000000000000e+02 1.741592491697693390e+01 5.440000000000000000e+02 2.012088033795153024e+02
5.450000000000000000e+02 1.743778670555246890e+01 5.450000000000000000e+02 2.008461666317016352e+02
5.460000000000000000e+02 1.745896938018482558e+01 5.460000000000000000e+02 2.004690407676898758e+02
5.470000000000000000e+02 1.747946750644049985e+01 5.470000000000000000e+02 2.010061598786705872e+02
5.480000000000000000e+02 1.749927887458129305e+01 5.480000000000000000e+02 2.017740385757497279e+02
5.490000000000000000e+02 1.751840368128439707e+01 5.490000000000000000e+02 2.016567120886029443e+02
5.500000000000000000e+02 1.753684361433141703e+01 5.500000000000000000e+02 2.007746448736616003e+02
5.510000000000000000e+02 1.755460106394789932e+01 5.510000000000000000e+02 1.998790578109292255e+02
5.520000000000000000e+02 1.757167802108796906e+01 5.520000000000000000e+02 1.995764430076487770e+02
5.530000000000000000e+02 1.758807470315642263e+01 5.530000000000000000e+02 2.000010880073823500e+02
5.540000000000000000e+02 1.760378850975248355e+01 5.540000000000000000e+02 2.008075960823698551e+02
5.550000000000000000e+02 1.761881332932858157e+01 5.550000000000000000e+02 2.014961050834936032e+02
5.560000000000000000e+02 1.763313916710604445e+01 5.560000000000000000e+02 2.019559852076054085e+02
5.570000000000000000e+02 1.764675226837854893e+01 5.570000000000000000e+02 2.023560829506495793e+02
5.580000000000000000e+02 1.765963554137994862e+01 5.580000000000000000e+02 2.027876607618418348e+02
5.590000000000000000e+02 1.767176903020956757e+01 5.590000000000000000e+02 2.030237389793146576e+02
5.600000000000000000e+02 1.768313058589786380e+01 5.600000000000000000e+02 2.029911611261359212e+02
5.610000000000000000e+02 1.769369669983035465e+01 5.610000000000000000e+02 2.030187067693696008e+02
5.620000000000000000e+02 1.770344320271183136e+01 5.620000000000000000e+02 2.033562260936596431e+02
5.630000000000000000e+02 1.771234568333336767e+01 5.630000000000000000e+02 2.036235377082139166e+02
5.640000000000000000e+02 1.772037969312120964e+01 5.640000000000000000e+02 2.037440313115621393e+02
5.650000000000000000e+02 1.772752080379176221e+01 5.650000000000000000e+02 2.039414003993606457e+02
5.660000000000000000e+02 1.773374433606210232e+01 5.660000000000000000e+02 2.045697137272600230e+02
5.670000000000000000e+02 1.773902493816176928e+01 5.670000000000000000e+02 2.054078733442584053e+02
5.680000000000000000e+02 1.774333655517256858e+01 5.680000000000000000e+02 2.057187717428569158e+02
5.690000000000000000e+02 1.774665281614961998e+01 5.690000000000000000e+02 2.054589336156404897e+02
5.700000000000000000e+02 1.774894730548534483e+01 5.700000000000000000e+02 2.051540976368887641e+02
5.710000000000000000e+02 1.775019371331362805e+01 5.710000000000000000e+02 2.050899685939602932e+02
5.720000000000000000e+02 1.775036604583482358e+01 5.720000000000000000e+02 2.050992523318454914e+02
5.730000000000000000e+02 1.774943859286752001e+01 5.730000000000000000e+02 2.047688817693851888e+02
5.740000000000000000e+02 1.774738545712402527e+01 5.740000000000000000e+02 2.040317750562535366e+02
5.750000000000000000e+02 1.774417960757450885e+01 5.750000000000000000e+02 2.034382751102166367e+02
5.760000000000000000e+02 1.773979162652209141e+01 5.760000000000000000e+02 2.034451487308251671e+02
5.770000000000000000e+02 1.773418894449811489e+01 5.770000000000000000e+02 2.038949189033883158e+02
5.780000000000000000e+02 1.772733612377483325e+01 5.780000000000000000e+02 2.043665076921097352e+02
5.790000000000000000e+02 1.771919587934725371e+01 5.790000000000000000e+02 2.045879343024207628e+02
5.800000000000000000e+02 1.770973009585894431e+01 5.800000000000000000e+02 2.044107793314979062e+02
5.810000000000000000e+02 1.769890037942859351e+01 5.810000000000000000e+02 2.039409243508998770e+02
5.820000000000000000e+02 1.768666820437836407e+01 5.820000000000000000e+02 2.032343809916565078e+02
5.830000000000000000e+02 1.767299496404577042e+01 5.830000000000000000e+02 2.027204262074228609e+02
5.840000000000000000e+02 1.765784206765242459e+01 5.840000000000000000e+02 2.029569905754760839e+02
5.850000000000000000e+02 1.764117091937222881e+01 5.850000000000000000e+02 2.035885764488048153e+02
5.860000000000000000e+02 1.762294274033922648e+01 5.860000000000000000e+02 2.041432064836481004e+02
5.870000000000000000e+02 1.760311837374945299e+01 5.870000000000000000e+02 2.044706435629777843e+02
5.880000000000000000e+02 1.758165801663048455e+01 5.880000000000000000e+02 2.045629864338479820e+02
5.890000000000000000e+02 1.755852092370658113e+01 5.890000000000000000e+02 2.045587049235473387e+02
5.900000000000000000e+02 1.753366544088193280e+01 5.900000000000000000e+02 2.046372691652504727e+02
5.910000000000000000e+02 1.750704944281783071e+01 5.910000000000000000e+02 2.046606674931972520e+02
5.920000000000000000e+02 1.747863071109620137e+01 5.920000000000000000e+02 2.043853056657972047e+02
5.930000000000000000e+02 1.744836669883983404e+01 5.930000000000000000e+02 2.039982280327967601e+02
5.940000000000000000e+02 1.741621383659342825e+01 5.940000000000000000e+02 2.039850448802608298e+02
5.950000000000000000e+02 1.738212702409960286e+01 5.950000000000000000e+02 2.044558093385712709e+02
5.960000000000000000e+02 1.734605980616797183e+01 5.960000000000000000e+02 2.053114426819811342e+02
5.970000000000000000e+02 1.730796504408152714e+01 5.970000000000000000e+02 2.060976227840437787e+02
5.980000000000000000e+02 1.726779564594261274e+01 5.980000000000000000e+02 2.064172654565336416e+02
5.990000000000000000e+02 1.722550522050302391e+01 5.990000000000000000e+02 2.062589948381646536e+02
6.000000000000000000e+02 1.718104844360176742e+01 6.000000000000000000e+02 2.058553991183725884e+02
6.010000000000000000e+02 1.713438092659667689e+01 6.010000000000000000e+02 2.054622162126179319e+02
6.020000000000000000e+02 1.708545865566983935e+01 6.020000000000000000e+02 2.049006318273022771e+02
6.030000000000000000e+02 1.703423735013316787e+01 6.030000000000000000e+02 2.042957531012652908e+02
6.040000000000000000e+02 1.698067209123604471e+01 6.040000000000000000e+02 2.040785923780640587e+02
6.050000000000000000e+02 1.692471736069759913e+01 6.050000000000000000e+02 2.043791143620619550e+02
6.060000000000000000e+02 1.686632714662485455e+01 6.060000000000000000e+02 2.050533291281462880e+02
6.070000000000000000e+02 1.680545477831086032e+01 6.070000000000000000e+02 2.056650017089705216e+02
6.080000000000000000e+02 1.674205283704907288e+01 6.080000000000000000e+02 2.059245399980718503e+02
6.090000000000000000e+02 1.667607339197570582e+01 6.090000000000000000e+02 2.060143166230554925e+02
6.100000000000000000e+02 1.660746834168128316e+01 6.100000000000000000e+02 2.062445447262434755e+02
6.110000000000000000e+02 1.653618977301161408e+01 6.110000000000000000e+02 2.066110630437615328e+02
6.120000000000000000e+02 1.646219040182128879e+01 6.120000000000000000e+02 2.064931156791280955e+02
6.130000000000000000e+02 1.638542410160749796e+01 6.130000000000000000e+02 2.053121485857991502e+02
6.140000000000000000e+02 1.630584659154530414e+01 6.140000000000000000e+02 2.035611241910082754e+02
6.150000000000000000e+02 1.622341619671399826e+01 6.150000000000000000e+02 2.022495337347791065e+02
6.160000000000000000e+02 1.613809438619983894e+01 6.160000000000000000e+02 2.016698312100779731e+02
6.170000000000000000e+02 1.604984602258670634e+01 6.170000000000000000e+02 2.012455556735512801e+02
6.180000000000000000e+02 1.595863930914202911e+01 6.180000000000000000e+02 2.006215128840121906e+02
6.190000000000000000e+02 1.586444546284070611e+01 6.190000000000000000e+02 2.000295372740074527e+02
6.200000000000000000e+02 1.576723824301870991e+01 6.200000000000000000e+02 1.993054487280896865e+02
6.210000000000000000e+02 1.566699371849566091e+01 6.210000000000000000e+02 1.979547187424905133e+02
6.220000000000000000e+02 1.556369062423542005e+01 6.220000000000000000e+02 1.962659400079865009e+02
6.230000000000000000e+02 1.545731109239048351e+01 6.230000000000000000e+02 1.946673255470232107e+02
6.240000000000000000e+02 1.534784153748378799e+01 6.240000000000000000e+02 1.932009175880812109e+02
6.250000000000000000e+02 1.523527355245533954e+01 6.250000000000000000e+02 1.920117614655900979e+02
6.260000000000000000e+02 1.511960458932210827e+01 6.260000000000000000e+02 1.914074170890089590e+02
6.270000000000000000e+02 1.500083840362515275e+01 6.270000000000000000e+02 1.912399698327499209e+02
6.280000000000000000e+02 1.487898563780404970e+01 6.280000000000000000e+02 1.909050396458769683e+02
6.290000000000000000e+02 1.475406464686790287e+01 6.290000000000000000e+02 1.894218306685506832e+02
6.300000000000000000e+02 1.462610183979717249e+01 6.300000000000000000e+02 1.865004900218045805e+02
6.310000000000000000e+02 1.449513114222042987e+01 6.310000000000000000e+02 1.833322149773157435e+02
6.320000000000000000e+02 1.436119301154252526e+01 6.320000000000000000e+02 1.808420229402836412e+02
6.330000000000000000e+02 1.422433350336368107e+01 6.330000000000000000e+02 1.785506147140113171e+02
6.340000000000000000e+02 1.408460349719194937e+01 6.340000000000000000e+02 1.757185721820569597e+02
6.350000000000000000e+02 1.394205781671331579e+01 6.350000000000000000e+02 1.726394318020466017e+02
6.360000000000000000e+02 1.379675404978235065e+01 6.360000000000000000e+02 1.700219409495621221e+02
6.370000000000000000e+02 1.364875108373283297e+01 6.370000000000000000e+02 1.680719390023004962e+02
6.380000000000000000e+02 1.349810760905810980e+01 6.380000000000000000e+02 1.664863351944804890e+02
6.390000000000000000e+02 1.334488099278314621e+01 6.390000000000000000e+02 1.649140370338209323e+02
6.400000000000000000e+02 1.318912686147535851e+01 6.400000000000000000e+02 1.634083949313862831e+02
6.410000000000000000e+02 1.303089962822753023e+01 6.410000000000000000e+02 1.619846182287001284e+02
6.420000000000000000e+02 1.287025377769805345e+01 6.420000000000000000e+02 1.601793398638037615e+02
6.430000000000000000e+02 1.270724516425167394e+01 6.430000000000000000e+02 1.577287050336090033e+02
6.440000000000000000e+02 1.254193179606346575e+01 6.440000000000000000e+02 1.550106570929565351e+02
6.450000000000000000e+02 1.237437439688721952e+01 6.450000000000000000e+02 1.526261340331329848e+02
6.460000000000000000e+02 1.220463694270412702e+01 6.460000000000000000e+02 1.507100175365849282e+02
6.470000000000000000e+02 1.203278696204327503e+01 6.470000000000000000e+02 1.487181733081524726e+02
6.480000000000000000e+02 1.185889581248596869e+01 6.480000000000000000e+02 1.463358667411303031e+02
6.490000000000000000e+02 1.168303907801052333e+01 6.490000000000000000e+02 1.437776811425865162e+02
6.500000000000000000e+02 1.150529703370224865e+01 6.500000000000000000e+02 1.414576414112925704e+02
6.510000000000000000e+02 1.132575504821051027e+01 6.510000000000000000e+02 1.394236560096505855e+02
6.520000000000000000e+02 1.114450368790244283e+01 6.520000000000000000e+02 1.373618469599932723e+02
6.530000000000000000e+02 1.096163879998886159e+01 6.530000000000000000e+02 1.351431272963782249e+02
6.540000000000000000e+02 1.077726172705934005e+01 6.540000000000000000e+02 1.329352742961036711e+02
6.550000000000000000e+02 1.059147936610506235e+01 6.550000000000000000e+02 1.308416937088586565e+02
6.560000000000000000e+02 1.040440404460042600e+01 6.560000000000000000e+02 1.288975574287733252e+02
6.570000000000000000e+02 1.021615328061020023e+01 6.570000000000000000e+02 1.269901301010004318e+02
6.580000000000000000e+02 1.002684926200714699e+01 6.580000000000000000e+02 1.248592904155448196e+02
6.590000000000000000e+02 9.836618042237404325e+00 6.590000000000000000e+02 1.221457070448013837e+02
6.600000000000000000e+02 9.645588775485350652e+00 6.600000000000000000e+02 1.188596134343133599e+02
6.610000000000000000e+02 9.453893091747204380e+00 6.610000000000000000e+02 1.155743836408328207e+02
6.620000000000000000e+02 9.261664453046535073e+00 6.620000000000000000e+02 1.129332722591825586e+02
6.630000000000000000e+02 9.069037591282267385e+00 6.630000000000000000e+02 1.110311716361911749e+02
6.640000000000000000e+02 8.876147915505839592e+00 6.640000000000000000e+02 1.093934410407164251e+02
6.650000000000000000e+02 8.683130664368462703e+00 6.650000000000000000e+02 1.076109021831434802e+02
6.660000000000000000e+02 8.490120145917956052e+00 6.660000000000000000e+02 1.056717263695582005e+02
6.670000000000000000e+02 8.297249468648203674e+00 6.670000000000000000e+02 1.038187737515163462e+02
6.680000000000000000e+02 8.104650787004629819e+00 6.680000000000000000e+02 1.020826232379376961e+02
6.690000000000000000e+02 7.912455740865823373e+00 6.690000000000000000e+02 1.003144078480499957e+02
6.700000000000000000e+02 7.720795936222828004e+00 6.700000000000000000e+02 9.850390555504418444e+01
6.710000000000000000e+02 7.529803558660603358e+00 6.710000000000000000e+02 9.674296917532410589e+01
6.720000000000000000e+02 7.339612109997801781e+00 6.720000000000000000e+02 9.514992138327033899e+01
6.730000000000000000e+02 7.150357287501378778e+00 6.730000000000000000e+02 9.362608474783519341e+01
6.740000000000000000e+02 6.962178035498766349e+00 6.740000000000000000e+02 9.182620898275672516e+01
6.750000000000000000e+02 6.775217493727609508e+00 6.750000000000000000e+02 8.951002701027755393e+01
6.760000000000000000e+02 6.589623625662682116e+00 6.760000000000000000e+02 8.665276374062159448e+01
6.770000000000000000e+02 6.405549592657791891e+00 6.770000000000000000e+02 8.353349654198791541e+01
6.780000000000000000e+02 6.223153864925961898e+00 6.780000000000000000e+02 8.039950250791662256e+01
6.790000000000000000e+02 6.042599864922010511e+00 6.790000000000000000e+02 7.725168296705669491e+01
6.800000000000000000e+02 5.864054818515910483e+00 6.800000000000000000e+02 7.408472197817900451e+01
6.810000000000000000e+02 5.687687992048495289e+00 6.810000000000000000e+02 7.093988367259589722e+01
6.820000000000000000e+02 5.513668835575913363e+00 6.820000000000000000e+02 6.793277290783953504e+01
6.830000000000000000e+02 5.342165171515205202e+00 6.830000000000000000e+02 6.517479031264883815e+01
6.840000000000000000e+02 5.173341596339184889e+00 6.840000000000000000e+02 6.270639166492765071e+01
6.850000000000000000e+02 5.007358439365305003e+00 6.850000000000000000e+02 6.067120238936331589e+01
6.860000000000000000e+02 4.844371420436289100e+00 6.860000000000000000e+02 5.916815970933021163e+01
6.870000000000000000e+02 4.684532259578134017e+00 6.870000000000000000e+02 5.799118540562267299e+01
6.880000000000000000e+02 4.527990326051622105e+00 6.880000000000000000e+02 5.672743632631318178e+01
6.890000000000000000e+02 4.374894302898553633e+00 6.890000000000000000e+02 5.521714404889280559e+01
6.900000000000000000e+02 4.225392983304686823e+00 6.900000000000000000e+02 5.372114738406162360e+01
6.910000000000000000e+02 4.079635237688819416e+00 6.910000000000000000e+02 5.251541128314784146e+01
6.920000000000000000e+02 3.937769055643002503e+00 6.920000000000000000e+02 5.157191359556236421e+01
6.930000000000000000e+02 3.799940144594756930e+00 6.930000000000000000e+02 5.067772131829769933e+01
6.940000000000000000e+02 3.666291008488940406e+00 6.940000000000000000e+02 4.972365320462631644e+01
6.950000000000000000e+02 3.536960390929777986e+00 6.950000000000000000e+02 4.890521575560342171e+01
6.960000000000000000e+02 3.412082793783497436e+00 6.960000000000000000e+02 4.832782699186645914e+01
6.970000000000000000e+02 3.291788387060819332e+00 6.970000000000000000e+02 4.771844520421291236e+01
6.980000000000000000e+02 3.176203080602078899e+00 6.980000000000000000e+02 4.697911967259278754e+01
6.990000000000000000e+02 3.065447718781342701e+00 6.990000000000000000e+02 4.627985802986950148e+01
7.000000000000000000e+02 2.959636187860269274e+00 7.000000000000000000e+02 4.566220903843714041e+01
7.010000000000000000e+02 2.858873004419024255e+00 7.010000000000000000e+02 4.498967056795299868e+01
7.020000000000000000e+02 2.763250494889462061e+00 7.020000000000000000e+02 4.433127207649522461e+01
7.030000000000000000e+02 2.672845731053655527e+00 7.030000000000000000e+02 4.391918448792057461e+01
7.040000000000000000e+02 2.587717539808750189e+00 7.040000000000000000e+02 4.368881026575036230e+01
7.050000000000000000e+02 2.507904002387988385e+00 7.050000000000000000e+02 4.344766894809799851e+01
7.060000000000000000e+02 2.433420714973010490e+00 7.060000000000000000e+02 4.306506143282240373e+01
7.070000000000000000e+02 2.364259755334330748e+00 7.070000000000000000e+02 4.251631553940569574e+01
7.080000000000000000e+02 2.300389103132317814e+00 7.080000000000000000e+02 4.193300933369027916e+01
7.090000000000000000e+02 2.241752230914926258e+00 7.090000000000000000e+02 4.148368504957034020e+01
7.100000000000000000e+02 2.188268102107713275e+00 7.100000000000000000e+02 4.123619977920589008e+01
7.110000000000000000e+02 2.139831735763152665e+00 7.110000000000000000e+02 4.107953279635830768e+01
7.120000000000000000e+02 2.096314923256954899e+00 7.120000000000000000e+02 4.083099080910733392e+01
7.130000000000000000e+02 2.057567019487862581e+00 7.130000000000000000e+02 4.053365900586049975e+01
7.140000000000000000e+02 2.023416192293552740e+00 7.140000000000000000e+02 4.020291721623561898e+01
7.150000000000000000e+02 1.993671085425660294e+00 7.150000000000000000e+02 3.975772804157895735e+01
7.160000000000000000e+02 1.968122596619309661e+00 7.160000000000000000e+02 3.936268140830179618e+01
7.170000000000000000e+02 1.946545986956436991e+00 7.170000000000000000e+02 3.913892560384192620e+01
7.180000000000000000e+02 1.928703539113371335e+00 7.180000000000000000e+02 3.907576341451931512e+01
7.190000000000000000e+02 1.914347182767642153e+00 7.190000000000000000e+02 3.916765957806455845e+01
7.200000000000000000e+02 1.903220775041631896e+00 7.200000000000000000e+02 3.942903211944394570e+01
7.210000000000000000e+02 1.895062318657494416e+00 7.210000000000000000e+02 3.979199217336645233e+01
7.220000000000000000e+02 1.889606234688528730e+00 7.220000000000000000e+02 4.008234293444184004e+01
7.230000000000000000e+02 1.886585830506362527e+00 7.230000000000000000e+02 4.005995167231958476e+01
7.240000000000000000e+02 1.885736019650892104e+00 7.240000000000000000e+02 3.965126024364508339e+01
7.250000000000000000e+02 1.886795647846554402e+00 7.250000000000000000e+02 3.903306084750147420e+01
7.260000000000000000e+02 1.889508790293405127e+00 7.260000000000000000e+02 3.847779113781507476e+01
7.270000000000000000e+02 1.893625542927452443e+00 7.270000000000000000e+02 3.814259463778216741e+01
7.280000000000000000e+02 1.898902968496713584e+00 7.280000000000000000e+02 3.800262930649842019e+01
7.290000000000000000e+02 1.905106212355292428e+00 7.290000000000000000e+02 3.785616415917320410e+01
7.300000000000000000e+02 1.912009869491328118e+00 7.300000000000000000e+02 3.756799556747137103e+01
7.310000000000000000e+02 1.919399665383366482e+00 7.310000000000000000e+02 3.715352622391947079e+01
7.320000000000000000e+02 1.927074035101554728e+00 7.320000000000000000e+02 3.682022874834365211e+01
7.330000000000000000e+02 1.934845285867936582e+00 7.330000000000000000e+02 3.682201896694459720e+01
7.340000000000000000e+02 1.942540565305534983e+00 7.340000000000000000e+02 3.708317447475201334e+01
7.350000000000000000e+02 1.950002610606645703e+00 7.350000000000000000e+02 3.719896212509411271e+01
7.360000000000000000e+02 1.957090135116970941e+00 7.360000000000000000e+02 3.694451679019402945e+01
7.370000000000000000e+02 1.963678366981582712e+00 7.370000000000000000e+02 3.654116168838663725e+01
7.380000000000000000e+02 1.969659634581148566e+00 7.380000000000000000e+02 3.630138010859081987e+01
7.390000000000000000e+02 1.974943197078687263e+00 7.390000000000000000e+02 3.635266281177609926e+01
7.400000000000000000e+02 1.979454433868681917e+00 7.400000000000000000e+02 3.661364670108741848e+01
7.410000000000000000e+02 1.983133869467110344e+00 7.410000000000000000e+02 3.693807925061264541e+01
7.420000000000000000e+02 1.985935977386134255e+00 7.420000000000000000e+02 3.726046972977201222e+01
7.430000000000000000e+02 1.987827269166587030e+00 7.430000000000000000e+02 3.750838754831784172e+01
7.440000000000000000e+02 1.988783585507235330e+00 7.440000000000000000e+02 3.764141204593033763e+01
7.450000000000000000e+02 1.988786944911964838e+00 7.450000000000000000e+02 3.772074303431872977e+01
7.460000000000000000e+02 1.987822613942853422e+00 7.460000000000000000e+02 3.782172822645225096e+01
7.470000000000000000e+02 1.985877113521667070e+00 7.470000000000000000e+02 3.795266732344316551e+01
7.480000000000000000e+02 1.982937036266321229e+00 7.480000000000000000e+02 3.818101741941791261e+01
7.490000000000000000e+02 1.978988475409153125e+00 7.490000000000000000e+02 3.849722029676195234e+01
7.500000000000000000e+02 1.974017245626441763e+00 7.500000000000000000e+02 3.876630076156288851e+01
7.510000000000000000e+02 1.968009968997250780e+00 7.510000000000000000e+02 3.898459684702902450e+01
7.520000000000000000e+02 1.960955772046872880e+00 7.520000000000000000e+02 3.923055222854236490e+01
7.530000000000000000e+02 1.952848125219361464e+00 7.530000000000000000e+02 3.945848739790017135e+01
7.540000000000000000e+02 1.943686533076686374e+00 7.540000000000000000e+02 3.956854398361974745e+01
7.550000000000000000e+02 1.933478081112980362e+00 7.550000000000000000e+02 3.955482103430404095e+01
7.560000000000000000e+02 1.922238796638453096e+00 7.560000000000000000e+02 3.953052656649015262e+01
7.570000000000000000e+02 1.909994505372367257e+00 7.570000000000000000e+02 3.953591782507282915e+01
7.580000000000000000e+02 1.896781069477981418e+00 7.580000000000000000e+02 3.936572556253304356e+01
7.590000000000000000e+02 1.882643946409757518e+00 7.590000000000000000e+02 3.892651298189230147e+01
7.600000000000000000e+02 1.867636767700844302e+00 7.600000000000000000e+02 3.851415382826962741e+01
7.610000000000000000e+02 1.851819284581779357e+00 7.610000000000000000e+02 3.845421295182677568e+01
7.620000000000000000e+02 1.835255048894225638e+00 7.620000000000000000e+02 3.874925252204411663e+01
7.630000000000000000e+02 1.818008623370246823e+00 7.630000000000000000e+02 3.910743630530123482e+01
7.640000000000000000e+02 1.800142512764239200e+00 7.640000000000000000e+02 3.915614698702120222e+01
7.650000000000000000e+02 1.781714753280823516e+00 7.650000000000000000e+02 3.881904082416804158e+01
7.660000000000000000e+02 1.762777826506237489e+00 7.660000000000000000e+02 3.845253240101374104e+01
7.670000000000000000e+02 1.743378223155900741e+00 7.670000000000000000e+02 3.823570012471463997e+01
7.680000000000000000e+02 1.723556277545355897e+00 7.680000000000000000e+02 3.798588189947986393e+01
7.690000000000000000e+02 1.703346756163739428e+00 7.690000000000000000e+02 3.766168564719191636e+01
7.700000000000000000e+02 1.682780197979127479e+00 7.700000000000000000e+02 3.736696470738388598e+01
7.710000000000000000e+02 1.661884938325556504e+00 7.710000000000000000e+02 3.713873302024876466e+01
7.720000000000000000e+02 1.640689697841764882e+00 7.720000000000000000e+02 3.684032978145842208e+01
7.730000000000000000e+02 1.619226297294233063e+00 7.730000000000000000e+02 3.645618210361863021e+01
7.740000000000000000e+02 1.597531880995688880e+00 7.740000000000000000e+02 3.614252977006981382e+01
7.750000000000000000e+02 1.575650384592336195e+00 7.750000000000000000e+02 3.590666699426219566e+01
7.760000000000000000e+02 1.553633872421869455e+00 7.760000000000000000e+02 3.562024894377827877e+01
7.770000000000000000e+02 1.531544027638233274e+00 7.770000000000000000e+02 3.524847348621551646e+01
7.780000000000000000e+02 1.509452888342366350e+00 7.780000000000000000e+02 3.484291593053785618e+01
7.790000000000000000e+02 1.487441631939816489e+00 7.790000000000000000e+02 3.433019517973662005e+01
7.800000000000000000e+02 1.465597863693290037e+00 7.800000000000000000e+02 3.378764147607580526e+01
7.810000000000000000e+02 1.444013206059139520e+00 7.810000000000000000e+02 3.342021207180368947e+01
7.820000000000000000e+02 1.422781500838880220e+00 7.820000000000000000e+02 3.321889429304064834e+01
7.830000000000000000e+02 1.401997064872887222e+00 7.830000000000000000e+02 3.289525848839184619e+01
7.840000000000000000e+02 1.381752806172357850e+00 7.840000000000000000e+02 3.240340195897806552e+01
7.850000000000000000e+02 1.362138337530780063e+00 7.850000000000000000e+02 3.208928587519403663e+01
7.860000000000000000e+02 1.343238081929200689e+00 7.860000000000000000e+02 3.212576231905404711e+01
7.870000000000000000e+02 1.325128757907918953e+00 7.870000000000000000e+02 3.234511567501976970e+01
7.880000000000000000e+02 1.307876668991212910e+00 7.880000000000000000e+02 3.251862710026762215e+01
7.890000000000000000e+02 1.291535933213936005e+00 7.890000000000000000e+02 3.256202176188890007e+01
7.900000000000000000e+02 1.276147857204506408e+00 7.900000000000000000e+02 3.251407688584004063e+01
7.910000000000000000e+02 1.261740798181278933e+00 7.910000000000000000e+02 3.250675244615740667e+01
7.920000000000000000e+02 1.248330062622102332e+00 7.920000000000000000e+02 3.260999779683334054e+01
7.930000000000000000e+02 1.235918032075829842e+00 7.930000000000000000e+02 3.273139716241712449e+01
7.940000000000000000e+02 1.224494629868956963e+00 7.940000000000000000e+02 3.271889925584218872e+01
7.950000000000000000e+02 1.214038388065944218e+00 7.950000000000000000e+02 3.257125649834142678e+01
7.960000000000000000e+02 1.204518252188506722e+00 7.960000000000000000e+02 3.250240218722592545e+01
7.970000000000000000e+02 1.195895851614238836e+00 7.970000000000000000e+02 3.264056981308340255e+01
7.980000000000000000e+02 1.188127738900845998e+00 7.980000000000000000e+02 3.290595465329124636e+01
7.990000000000000000e+02 1.181167255613729594e+00 7.990000000000000000e+02 3.309061090246495951e+01
8.000000000000000000e+02 1.174965684075630179e+00 8.000000000000000000e+02 3.301771043187363830e+01
8.010000000000000000e+02 1.169472457192682668e+00 8.010000000000000000e+02 3.268241592223193948e+01
8.020000000000000000e+02 1.164635156675984717e+00 8.020000000000000000e+02 3.228871305055508856e+01
8.030000000000000000e+02 1.160400058489074127e+00 8.030000000000000000e+02 3.213194823600861127e+01
8.040000000000000000e+02 1.156713126911881773e+00 8.040000000000000000e+02 3.219373256807193684e+01
8.050000000000000000e+02 1.153521044563774467e+00 8.050000000000000000e+02 3.221763450964681397e+01
8.060000000000000000e+02 1.150772465850252502e+00 8.060000000000000000e+02 3.208772995819163043e+01
8.070000000000000000e+02 1.148419474597005774e+00 8.070000000000000000e+02 3.192214610457995150e+01
8.080000000000000000e+02 1.146418482390629379e+00 8.080000000000000000e+02 3.183672913800182869e+01
8.090000000000000000e+02 1.144730121582398397e+00 8.090000000000000000e+02 3.189094929730890726e+01
8.100000000000000000e+02 1.143318728831815179e+00 8.100000000000000000e+02 3.202454663735079521e+01
8.110000000000000000e+02 1.142152202035418895e+00 8.110000000000000000e+02 3.209121067855812726e+01
8.120000000000000000e+02 1.141201825527531355e+00 8.120000000000000000e+02 3.199102357184892753e+01
8.130000000000000000e+02 1.140441675483970130e+00 8.130000000000000000e+02 3.170973723114002496e+01
8.140000000000000000e+02 1.139847916470387190e+00 8.140000000000000000e+02 3.139189362450633780e+01
8.150000000000000000e+02 1.139398199125054134e+00 8.150000000000000000e+02 3.129097960810395307e+01
8.160000000000000000e+02 1.139071347805952428e+00 8.160000000000000000e+02 3.139038069024536526e+01
8.170000000000000000e+02 1.138847086726229918e+00 8.170000000000000000e+02 3.137860742364136968e+01
8.180000000000000000e+02 1.138705554959358324e+00 8.180000000000000000e+02 3.112931142080196878e+01
8.190000000000000000e+02 1.138626999867710765e+00 8.190000000000000000e+02 3.082656166586093605e+01
8.200000000000000000e+02 1.138591940711989992e+00 8.200000000000000000e+02 3.070551854985751561e+01
8.210000000000000000e+02 1.138581284867854038e+00 8.210000000000000000e+02 3.080975056582610705e+01
8.220000000000000000e+02 1.138575703839478592e+00 8.220000000000000000e+02 3.094782530275915633e+01
8.230000000000000000e+02 1.138554834636892110e+00 8.230000000000000000e+02 3.079226623835347709e+01
8.240000000000000000e+02 1.138497029475956879e+00 8.240000000000000000e+02 3.027045939583695144e+01
8.250000000000000000e+02 1.138379212012068820e+00 8.250000000000000000e+02 2.976515560939515126e+01
8.260000000000000000e+02 1.138176518546003990e+00 8.260000000000000000e+02 2.963315916771898628e+01
8.270000000000000000e+02 1.137862131797334087e+00 8.270000000000000000e+02 2.986329419243702432e+01
8.280000000000000000e+02 1.137407631257872254e+00 8.280000000000000000e+02 3.016053063712388393e+01
8.290000000000000000e+02 1.136783680917460515e+00 8.290000000000000000e+02 3.022463899379363284e+01
8.300000000000000000e+02 1.135960723128675909e+00 8.300000000000000000e+02 3.005717523755811271e+01
8.310000000000000000e+02 1.134909517787548339e+00 8.310000000000000000e+02 2.992993829108672799e+01
8.320000000000000000e+02 1.133601604170564769e+00 8.320000000000000000e+02 3.003358109824694111e+01
8.330000000000000000e+02 1.132009827070305619e+00 8.330000000000000000e+02 3.029373626648884965e+01
8.340000000000000000e+02 1.130108662427772970e+00 8.340000000000000000e+02 3.050211794525966980e+01
8.350000000000000000e+02 1.127874274162309121e+00 8.350000000000000000e+02 3.048677171742747305e+01
8.360000000000000000e+02 1.125284781344475959e+00 8.360000000000000000e+02 3.031172276159850298e+01
8.370000000000000000e+02 1.122320943016916317e+00 8.370000000000000000e+02 3.014125410075212130e+01
8.380000000000000000e+02 1.118967033491969687e+00 8.380000000000000000e+02 3.010807462814045721e+01
8.390000000000000000e+02 1.115211528407826336e+00 8.390000000000000000e+02 3.026018723789093201e+01
8.400000000000000000e+02 1.111047561625554181e+00 8.400000000000000000e+02 3.048173024403877207e+01
8.410000000000000000e+02 1.106473332465924386e+00 8.410000000000000000e+02 3.055812952107953606e+01
8.420000000000000000e+02 1.101492183990103513e+00 8.420000000000000000e+02 3.042439375612957519e+01
8.430000000000000000e+02 1.096112027218225649e+00 8.430000000000000000e+02 3.030055351650116791e+01
8.440000000000000000e+02 1.090344168759315835e+00 8.440000000000000000e+02 3.035727397969094454e+01
8.450000000000000000e+02 1.084201971450511337e+00 8.450000000000000000e+02 3.057224675567886152e+01
8.460000000000000000e+02 1.077699881589040842e+00 8.460000000000000000e+02 3.085788210500686546e+01
8.470000000000000000e+02 1.070853152890492765e+00 8.470000000000000000e+02 3.110027191848894290e+01
8.480000000000000000e+02 1.063677994615488842e+00 8.480000000000000000e+02 3.123813927686569514e+01
8.490000000000000000e+02 1.056191628414808292e+00 8.490000000000000000e+02 3.130864255647247774e+01
8.500000000000000000e+02 1.048412069983328365e+00 8.500000000000000000e+02 3.138448985612558317e+01
8.510000000000000000e+02 1.040357544316208305e+00 8.510000000000000000e+02 3.151637678488623351e+01
8.520000000000000000e+02 1.032045875976962179e+00 8.520000000000000000e+02 3.168964623047395435e+01
