Time,Mass,Temp1,HRR,Thickness,Temp2
 0.0000000E+000, 1.2656410E+001, 2.0000000E+001, 0.0000000E+000, 5.0000000E-002, 2.0000000E+001
 1.5000000E+000, 1.2656406E+001, 5.2647793E+001, 0.0000000E+000, 4.9999995E-002, 2.6107563E+001
 2.5000000E+000, 1.2656341E+001, 1.0648300E+002, 0.0000000E+000, 4.9999931E-002, 5.3981162E+001
 3.6825451E+000, 1.2655490E+001, 1.2925074E+002, 0.0000000E+000, 4.9999080E-002, 7.5183126E+001
 4.8564064E+000, 1.2652146E+001, 1.4197788E+002, 1.3665696E-007, 4.9995740E-002, 9.0016342E+001
 6.0315753E+000, 1.2646650E+001, 1.5271755E+002, 1.4142901E-006, 4.9990244E-002, 1.0105196E+002
 7.2459367E+000, 1.2640500E+001, 1.6515430E+002, 5.5292083E-006, 4.9984089E-002, 1.1110381E+002
 8.4088330E+000, 1.2634446E+001, 1.7760564E+002, 2.0303063E-005, 4.9978034E-002, 1.2094731E+002
 9.6222873E+000, 1.2628475E+001, 1.8928386E+002, 6.2873152E-005, 4.9972061E-002, 1.3097432E+002
 1.0802747E+001, 1.2622624E+001, 2.0035955E+002, 1.7497470E-004, 4.9966214E-002, 1.4141338E+002
 1.2040299E+001, 1.2616820E+001, 2.1089741E+002, 4.4018462E-004, 4.9960414E-002, 1.5212447E+002
 1.3242053E+001, 1.2611111E+001, 2.2095862E+002, 1.0232232E-003, 4.9954707E-002, 1.6243919E+002
 1.4435688E+001, 1.2605598E+001, 2.3048929E+002, 2.1524131E-003, 4.9949196E-002, 1.7216034E+002
 1.5661858E+001, 1.2600158E+001, 2.3965575E+002, 4.2687341E-003, 4.9943752E-002, 1.8152834E+002
 1.6807885E+001, 1.2594938E+001, 2.4815818E+002, 7.9337974E-003, 4.9938524E-002, 1.9029395E+002
 1.8003230E+001, 1.2589896E+001, 2.5596787E+002, 1.4091948E-002, 4.9933470E-002, 1.9856836E+002
 1.9228679E+001, 1.2584813E+001, 2.6307162E+002, 2.4242125E-002, 4.9928374E-002, 2.0637284E+002
 2.0424038E+001, 1.2579774E+001, 2.7058462E+002, 3.9714832E-002, 4.9923331E-002, 2.1398717E+002
 2.1615856E+001, 1.2574912E+001, 2.7740937E+002, 6.3958961E-002, 4.9918472E-002, 2.2131446E+002
 2.2847358E+001, 1.2570054E+001, 2.8384413E+002, 9.8250178E-002, 4.9913621E-002, 2.2824778E+002
 2.4027396E+001, 1.2565312E+001, 2.9068765E+002, 1.4718699E-001, 4.9908889E-002, 2.3501327E+002
 2.5270113E+001, 1.2560622E+001, 2.9736192E+002, 2.1837192E-001, 4.9904213E-002, 2.4186966E+002
 2.6405763E+001, 1.2556084E+001, 3.0280903E+002, 3.1505607E-001, 4.9899689E-002, 2.4811078E+002
 2.7617579E+001, 1.2551661E+001, 3.0842412E+002, 4.3201241E-001, 4.9895278E-002, 2.5392454E+002
 2.8803646E+001, 1.2547212E+001, 3.1358237E+002, 6.0194855E-001, 4.9890847E-002, 2.5970789E+002
 3.0041728E+001, 1.2542762E+001, 3.1900775E+002, 8.1245480E-001, 4.9886424E-002, 2.6524955E+002
 3.1237309E+001, 1.2538368E+001, 3.2441409E+002, 1.1028848E+000, 4.9882067E-002, 2.7092068E+002
 3.2418271E+001, 1.2534127E+001, 3.2972469E+002, 1.4383114E+000, 4.9877872E-002, 2.7625072E+002
 3.3619899E+001, 1.2529889E+001, 3.3420469E+002, 1.8686920E+000, 4.9873695E-002, 2.8144606E+002
 3.4842366E+001, 1.2525618E+001, 3.3870556E+002, 2.3799853E+000, 4.9869501E-002, 2.8627693E+002
 3.6022716E+001, 1.2521434E+001, 3.4305154E+002, 3.0528716E+000, 4.9865412E-002, 2.9104138E+002
 3.7242691E+001, 1.2517279E+001, 3.4812859E+002, 3.8748380E+000, 4.9861377E-002, 2.9582890E+002
 3.8462675E+001, 1.2513055E+001, 3.5201915E+002, 4.7922489E+000, 4.9857309E-002, 3.0052948E+002
 3.9601819E+001, 1.2508980E+001, 3.5566660E+002, 5.9277109E+000, 4.9853420E-002, 3.0464261E+002
 4.0829719E+001, 1.2504897E+001, 3.6007379E+002, 7.3269293E+000, 4.9849567E-002, 3.0877988E+002
 4.2029321E+001, 1.2500708E+001, 3.6553231E+002, 8.8466313E+000, 4.9845666E-002, 3.1366427E+002
 4.3241463E+001, 1.2496508E+001, 3.6980883E+002, 1.0854658E+001, 4.9841817E-002, 3.1830724E+002
 4.4441425E+001, 1.2492278E+001, 3.7320543E+002, 1.3019773E+001, 4.9838010E-002, 3.2238456E+002
 4.5624124E+001, 1.2488073E+001, 3.7627369E+002, 1.5533461E+001, 4.9834300E-002, 3.2609413E+002
 4.6833152E+001, 1.2483783E+001, 3.8109636E+002, 1.8314021E+001, 4.9830599E-002, 3.2995352E+002
 4.8018335E+001, 1.2479417E+001, 3.8508581E+002, 2.1634707E+001, 4.9826927E-002, 3.3436650E+002
 4.9218113E+001, 1.2474971E+001, 3.8894295E+002, 2.5373860E+001, 4.9823297E-002, 3.3803949E+002
 5.0412911E+001, 1.2470394E+001, 3.9248669E+002, 2.9524106E+001, 4.9819681E-002, 3.4198077E+002
 5.1636613E+001, 1.2465663E+001, 3.9647256E+002, 3.4487489E+001, 4.9816072E-002, 3.4545970E+002
 5.2834418E+001, 1.2460777E+001, 4.0305398E+002, 3.9384940E+001, 4.9812483E-002, 3.5036647E+002
 5.4004643E+001, 1.2455840E+001, 4.0721625E+002, 4.4427061E+001, 4.9808991E-002, 3.5472366E+002
 5.5217310E+001, 1.2450733E+001, 4.1235639E+002, 5.1305440E+001, 4.9805528E-002, 3.5914570E+002
 5.6419869E+001, 1.2445309E+001, 4.1488343E+002, 5.8270558E+001, 4.9802021E-002, 3.6290225E+002
 5.7601839E+001, 1.2439729E+001, 4.1793365E+002, 6.6729378E+001, 4.9798592E-002, 3.6613834E+002
 5.8831100E+001, 1.2433807E+001, 4.2242288E+002, 7.4718510E+001, 4.9795140E-002, 3.6907765E+002
 6.0014257E+001, 1.2427644E+001, 4.2901667E+002, 8.3291835E+001, 4.9791711E-002, 3.7412786E+002
 6.1212293E+001, 1.2421255E+001, 4.3313893E+002, 9.3232993E+001, 4.9788344E-002, 3.7838203E+002
 6.2427007E+001, 1.2414446E+001, 4.3901510E+002, 1.0339603E+002, 4.9784952E-002, 3.8219973E+002
 6.3602115E+001, 1.2407361E+001, 4.4212822E+002, 1.1422167E+002, 4.9781612E-002, 3.8649227E+002
 6.4801211E+001, 1.2399998E+001, 4.4786819E+002, 1.2436485E+002, 4.9778312E-002, 3.8970227E+002
 6.6003804E+001, 1.2392207E+001, 4.5591040E+002, 1.3453841E+002, 4.9774987E-002, 3.9594337E+002
 6.7224978E+001, 1.2384049E+001, 4.5353730E+002, 1.4229381E+002, 4.9771649E-002, 3.9737908E+002
 6.8401107E+001, 1.2375717E+001, 4.5860847E+002, 1.5180149E+002, 4.9768365E-002, 4.0054837E+002
 6.9606191E+001, 1.2367072E+001, 4.5758935E+002, 1.6336074E+002, 4.9765113E-002, 4.0235342E+002
 7.0820684E+001, 1.2358005E+001, 4.6426119E+002, 1.7090212E+002, 4.9761823E-002, 4.0424973E+002
 7.2028474E+001, 1.2348633E+001, 4.6615892E+002, 1.7919834E+002, 4.9758536E-002, 4.0816526E+002
 7.3202937E+001, 1.2339286E+001, 4.7604877E+002, 1.8273341E+002, 4.9755323E-002, 4.1186767E+002
 7.4418958E+001, 1.2329613E+001, 4.8787101E+002, 1.9476875E+002, 4.9752108E-002, 4.1836031E+002
 7.5605895E+001, 1.2319654E+001, 4.9194672E+002, 2.0127285E+002, 4.9748897E-002, 4.2414690E+002
 7.6808558E+001, 1.2309485E+001, 4.8692302E+002, 2.0336646E+002, 4.9745707E-002, 4.2613246E+002
 7.8020811E+001, 1.2299265E+001, 4.8671572E+002, 2.0661356E+002, 4.9742496E-002, 4.2545907E+002
 7.9213973E+001, 1.2288888E+001, 4.8723889E+002, 2.1329070E+002, 4.9739311E-002, 4.2762261E+002
 8.0417905E+001, 1.2278340E+001, 4.8970593E+002, 2.2177209E+002, 4.9736144E-002, 4.2789718E+002
 8.1617784E+001, 1.2267498E+001, 4.9892054E+002, 2.3171547E+002, 4.9732979E-002, 4.3201130E+002
 8.2808926E+001, 1.2256315E+001, 5.0595518E+002, 2.4260762E+002, 4.9729831E-002, 4.3676582E+002
 8.4008036E+001, 1.2244781E+001, 5.2328925E+002, 2.5480189E+002, 4.9726693E-002, 4.4551730E+002
 8.5215789E+001, 1.2232953E+001, 5.2152411E+002, 2.6006517E+002, 4.9723537E-002, 4.4928346E+002
 8.6418324E+001, 1.2220785E+001, 5.2608190E+002, 2.7432630E+002, 4.9720383E-002, 4.5407415E+002
 8.7608081E+001, 1.2208297E+001, 5.1934463E+002, 2.8708472E+002, 4.9717262E-002, 4.5518713E+002
 8.8817285E+001, 1.2195316E+001, 5.1927927E+002, 2.9912648E+002, 4.9714134E-002, 4.5362673E+002
 9.0018975E+001, 1.2181957E+001, 5.2200587E+002, 3.0304127E+002, 4.9710988E-002, 4.5728804E+002
 9.1215005E+001, 1.2168735E+001, 5.1664882E+002, 3.0112726E+002, 4.9707862E-002, 4.5642575E+002
 9.2407122E+001, 1.2155614E+001, 5.2287114E+002, 3.0064741E+002, 4.9704749E-002, 4.5818220E+002
 9.3613183E+001, 1.2142552E+001, 5.2748215E+002, 2.8895512E+002, 4.9701618E-002, 4.6144698E+002
 9.4812804E+001, 1.2129516E+001, 5.3737292E+002, 3.0687709E+002, 4.9698484E-002, 4.6644696E+002
 9.6003680E+001, 1.2115827E+001, 5.3966518E+002, 3.2310765E+002, 4.9695359E-002, 4.7226708E+002
 9.7216555E+001, 1.2101583E+001, 5.3291837E+002, 3.4531998E+002, 4.9692216E-002, 4.7059981E+002
 9.8408543E+001, 1.2086944E+001, 5.5235275E+002, 3.5720332E+002, 4.9689066E-002, 4.7776677E+002
 9.9607064E+001, 1.2071938E+001, 5.6343200E+002, 3.6214223E+002, 4.9685931E-002, 4.8541820E+002
 1.0080159E+002, 1.2056645E+001, 5.7426801E+002, 3.7620142E+002, 4.9682787E-002, 4.9599962E+002
 1.0200987E+002, 1.2041141E+001, 5.6806374E+002, 3.7689021E+002, 4.9679627E-002, 4.9810256E+002
 1.0320381E+002, 1.2025569E+001, 5.6631455E+002, 3.7816207E+002, 4.9676443E-002, 4.9844448E+002
 1.0440217E+002, 1.2009999E+001, 5.5195679E+002, 3.7218100E+002, 4.9673248E-002, 4.9496336E+002
 1.0561644E+002, 1.1994756E+001, 5.4217191E+002, 3.5184234E+002, 4.9670029E-002, 4.8970162E+002
 1.0680239E+002, 1.1980119E+001, 5.3835335E+002, 3.4501390E+002, 4.9666831E-002, 4.8646212E+002
 1.0800858E+002, 1.1965828E+001, 5.4746165E+002, 3.3560763E+002, 4.9663634E-002, 4.8749632E+002
 1.0920047E+002, 1.1951669E+001, 5.3976436E+002, 3.3181523E+002, 4.9660423E-002, 4.8907724E+002
 1.1040945E+002, 1.1937749E+001, 5.5227926E+002, 3.2189403E+002, 4.9657193E-002, 4.8968200E+002
 1.1161360E+002, 1.1923800E+001, 5.5192210E+002, 3.2300449E+002, 4.9653937E-002, 4.9577040E+002
 1.1280030E+002, 1.1909985E+001, 5.4961368E+002, 3.2352130E+002, 4.9650696E-002, 4.9558183E+002
 1.1400004E+002, 1.1896371E+001, 5.5805674E+002, 3.1209171E+002, 4.9647450E-002, 4.9844617E+002
 1.1521896E+002, 1.1882550E+001, 5.6513310E+002, 3.1960482E+002, 4.9644150E-002, 5.0370948E+002
 1.1641642E+002, 1.1868769E+001, 5.6227047E+002, 3.1193921E+002, 4.9640841E-002, 5.0570677E+002
 1.1760189E+002, 1.1855125E+001, 5.6348316E+002, 3.2591758E+002, 4.9637570E-002, 5.0769378E+002
 1.1881087E+002, 1.1841389E+001, 5.5461828E+002, 3.1867601E+002, 4.9634268E-002, 5.0444673E+002
 1.2000706E+002, 1.1827665E+001, 5.5847773E+002, 3.1530427E+002, 4.9630945E-002, 5.0544356E+002
 1.2122102E+002, 1.1814088E+001, 5.5580225E+002, 3.0531722E+002, 4.9627604E-002, 5.0536142E+002
 1.2240421E+002, 1.1800704E+001, 5.6484084E+002, 3.0974661E+002, 4.9624278E-002, 5.0970384E+002
 1.2360890E+002, 1.1787244E+001, 5.7179298E+002, 3.1154129E+002, 4.9620955E-002, 5.1249012E+002
 1.2480793E+002, 1.1773600E+001, 5.7381225E+002, 3.1679860E+002, 4.9617604E-002, 5.1744520E+002
 1.2602320E+002, 1.1759862E+001, 5.7336594E+002, 3.0852589E+002, 4.9614235E-002, 5.1967541E+002
 1.2720617E+002, 1.1746479E+001, 5.7739430E+002, 2.9628492E+002, 4.9610886E-002, 5.2160229E+002
 1.2840805E+002, 1.1733398E+001, 5.8950574E+002, 3.0276831E+002, 4.9607554E-002, 5.2867143E+002
 1.2961650E+002, 1.1720256E+001, 5.8256000E+002, 2.8939101E+002, 4.9604187E-002, 5.2866267E+002
 1.3080537E+002, 1.1707342E+001, 5.8681379E+002, 2.8895042E+002, 4.9600838E-002, 5.3191228E+002
 1.3200790E+002, 1.1694389E+001, 5.8518395E+002, 2.9455444E+002, 4.9597500E-002, 5.3187588E+002
 1.3320722E+002, 1.1681463E+001, 5.7781575E+002, 2.8573542E+002, 4.9594156E-002, 5.2986984E+002
 1.3442268E+002, 1.1668440E+001, 5.9386341E+002, 2.9571129E+002, 4.9590796E-002, 5.3578820E+002
 1.3560853E+002, 1.1655422E+001, 5.8934215E+002, 3.0328511E+002, 4.9587466E-002, 5.3644364E+002
 1.3681263E+002, 1.1642404E+001, 5.9034962E+002, 2.9834681E+002, 4.9584160E-002, 5.3811053E+002
 1.3802396E+002, 1.1629216E+001, 5.9264534E+002, 2.9698993E+002, 4.9580829E-002, 5.4108415E+002
 1.3920959E+002, 1.1616202E+001, 5.7503770E+002, 2.9140735E+002, 4.9577535E-002, 5.3508107E+002
 1.4040744E+002, 1.1603577E+001, 5.6790085E+002, 2.8232161E+002, 4.9574279E-002, 5.2844978E+002
 1.4160314E+002, 1.1591065E+001, 5.7313897E+002, 2.8048841E+002, 4.9571027E-002, 5.2740970E+002
 1.4281470E+002, 1.1578494E+001, 5.9247065E+002, 2.8675347E+002, 4.9567773E-002, 5.3639150E+002
 1.4401322E+002, 1.1565995E+001, 5.9010645E+002, 2.7951290E+002, 4.9564535E-002, 5.4086070E+002
 1.4521190E+002, 1.1553646E+001, 5.8879114E+002, 2.7829902E+002, 4.9561338E-002, 5.4074130E+002
 1.4640449E+002, 1.1541351E+001, 5.8538919E+002, 2.7969722E+002, 4.9558173E-002, 5.4134932E+002
 1.4760322E+002, 1.1529039E+001, 5.9113277E+002, 2.8340134E+002, 4.9555033E-002, 5.4142386E+002
 1.4880031E+002, 1.1516756E+001, 5.9855360E+002, 2.7975624E+002, 4.9551918E-002, 5.4600526E+002
 1.5000665E+002, 1.1504493E+001, 5.9997619E+002, 2.7805192E+002, 4.9548818E-002, 5.5042225E+002
 1.5121589E+002, 1.1492229E+001, 5.8986424E+002, 2.7830647E+002, 4.9545738E-002, 5.4824108E+002
 1.5240969E+002, 1.1480108E+001, 5.7992369E+002, 2.7648467E+002, 4.9542709E-002, 5.4181497E+002
 1.5361611E+002, 1.1468057E+001, 5.7561802E+002, 2.7401851E+002, 4.9539720E-002, 5.3722475E+002
 1.5481777E+002, 1.1456013E+001, 5.7492195E+002, 2.7634784E+002, 4.9536760E-002, 5.3564038E+002
 1.5600013E+002, 1.1444145E+001, 5.7308307E+002, 2.7455060E+002, 4.9533871E-002, 5.3462777E+002
 1.5721424E+002, 1.1432316E+001, 5.7559651E+002, 2.7481981E+002, 4.9531014E-002, 5.3523561E+002
 1.5840511E+002, 1.1420459E+001, 5.7633016E+002, 2.7721948E+002, 4.9528191E-002, 5.3516703E+002
 1.5961041E+002, 1.1408664E+001, 5.9355661E+002, 2.7320494E+002, 4.9525429E-002, 5.4270904E+002
 1.6080513E+002, 1.1396968E+001, 5.9560607E+002, 2.7019329E+002, 4.9522715E-002, 5.4801295E+002
 1.6201642E+002, 1.1385419E+001, 5.9822478E+002, 2.7201916E+002, 4.9520053E-002, 5.5153993E+002
 1.6320631E+002, 1.1373981E+001, 5.9252847E+002, 2.7230393E+002, 4.9517458E-002, 5.5062105E+002
 1.6440990E+002, 1.1362558E+001, 5.8738948E+002, 2.7194580E+002, 4.9514934E-002, 5.4884698E+002
 1.6560435E+002, 1.1351238E+001, 5.8719838E+002, 2.6968689E+002, 4.9512479E-002, 5.4691072E+002
 1.6681463E+002, 1.1339918E+001, 5.8816098E+002, 2.7583186E+002, 4.9510090E-002, 5.4613925E+002
 1.6800428E+002, 1.1328653E+001, 5.8378159E+002, 2.7393142E+002, 4.9507787E-002, 5.4636691E+002
 1.6920946E+002, 1.1317524E+001, 5.8346180E+002, 2.7320110E+002, 4.9505575E-002, 5.4414875E+002
 1.7040892E+002, 1.1306486E+001, 5.8478974E+002, 2.7214969E+002, 4.9503449E-002, 5.4523334E+002
 1.7160112E+002, 1.1295568E+001, 5.8657865E+002, 2.7504615E+002, 4.9501435E-002, 5.4630992E+002
 1.7281273E+002, 1.1284612E+001, 5.8101166E+002, 2.7641418E+002, 4.9499519E-002, 5.4556169E+002
 1.7400052E+002, 1.1273738E+001, 5.7460178E+002, 2.7746066E+002, 4.9497727E-002, 5.4115742E+002
 1.7521365E+002, 1.1262915E+001, 5.7298777E+002, 2.7876708E+002, 4.9496056E-002, 5.3845605E+002
 1.7640705E+002, 1.1252301E+001, 5.8088448E+002, 2.7653853E+002, 4.9494522E-002, 5.4028382E+002
 1.7761042E+002, 1.1241952E+001, 5.9395388E+002, 2.7238570E+002, 4.9493137E-002, 5.4870745E+002
 1.7881770E+002, 1.1231801E+001, 5.8609360E+002, 2.6848889E+002, 4.9491896E-002, 5.4896454E+002
 1.8000329E+002, 1.1221985E+001, 5.9604904E+002, 2.6596905E+002, 4.9490822E-002, 5.5057933E+002
 1.8121396E+002, 1.1212378E+001, 6.0207403E+002, 2.6361640E+002, 4.9489907E-002, 5.5819937E+002
 1.8241032E+002, 1.1202987E+001, 5.9056746E+002, 2.6156573E+002, 4.9489151E-002, 5.5478914E+002
 1.8361100E+002, 1.1193902E+001, 5.9324120E+002, 2.5881774E+002, 4.9488553E-002, 5.5367174E+002
 1.8480427E+002, 1.1184964E+001, 5.9168457E+002, 2.5890051E+002, 4.9488097E-002, 5.5413289E+002
 1.8602079E+002, 1.1176097E+001, 5.8878588E+002, 2.5857088E+002, 4.9487764E-002, 5.5152346E+002
 1.8721932E+002, 1.1167370E+001, 5.9805225E+002, 2.5296933E+002, 4.9487535E-002, 5.5588987E+002
 1.8840510E+002, 1.1158886E+001, 6.0633598E+002, 2.5613714E+002, 4.9487387E-002, 5.6123175E+002
 1.8960811E+002, 1.1150472E+001, 6.1146582E+002, 2.5249757E+002, 4.9487296E-002, 5.6520897E+002
 1.9080819E+002, 1.1142117E+001, 6.0713676E+002, 2.5187738E+002, 4.9487242E-002, 5.6804615E+002
 1.9201419E+002, 1.1133785E+001, 6.0376128E+002, 2.5482959E+002, 4.9487212E-002, 5.6498099E+002
 1.9320145E+002, 1.1125467E+001, 6.0849666E+002, 2.5505633E+002, 4.9487196E-002, 5.6638950E+002
 1.9441470E+002, 1.1117050E+001, 6.1114561E+002, 2.5975689E+002, 4.9487188E-002, 5.7004116E+002
 1.9562190E+002, 1.1108478E+001, 6.0755215E+002, 2.5951127E+002, 4.9487184E-002, 5.6808407E+002
 1.9682180E+002, 1.1099908E+001, 6.0922622E+002, 2.6171564E+002, 4.9487181E-002, 5.6765842E+002
 1.9801694E+002, 1.1091344E+001, 6.1379463E+002, 2.5972625E+002, 4.9487180E-002, 5.7381744E+002
 1.9920619E+002, 1.1082814E+001, 6.2129319E+002, 2.6477952E+002, 4.9487180E-002, 5.7517032E+002
 2.0040930E+002, 1.1074228E+001, 6.1532704E+002, 2.6446131E+002, 4.9487180E-002, 5.7644171E+002
 2.0160647E+002, 1.1065568E+001, 6.1959411E+002, 2.6654679E+002, 4.9487180E-002, 5.7695663E+002
 2.0281993E+002, 1.1056820E+001, 6.1654193E+002, 2.6340031E+002, 4.9487180E-002, 5.7726523E+002
 2.0401819E+002, 1.1048035E+001, 6.2203952E+002, 2.6271594E+002, 4.9487180E-002, 5.7909385E+002
 2.0520961E+002, 1.1039370E+001, 6.1947695E+002, 2.6391263E+002, 4.9487180E-002, 5.8067482E+002
 2.0641823E+002, 1.1030659E+001, 6.3179531E+002, 2.6349633E+002, 4.9487179E-002, 5.8508237E+002
 2.0760010E+002, 1.1021998E+001, 6.2776183E+002, 2.6562315E+002, 4.9487179E-002, 5.8635208E+002
 2.0880948E+002, 1.1013321E+001, 6.1348519E+002, 2.6655424E+002, 4.9487179E-002, 5.8117071E+002
 2.1001454E+002, 1.1004510E+001, 6.1136985E+002, 2.6767765E+002, 4.9487179E-002, 5.7790751E+002
 2.1122246E+002, 1.0995650E+001, 6.1110957E+002, 2.6890879E+002, 4.9487179E-002, 5.7687517E+002
 2.1242126E+002, 1.0986767E+001, 6.1844675E+002, 2.7394458E+002, 4.9487179E-002, 5.7720333E+002
 2.1360904E+002, 1.0977908E+001, 6.2302260E+002, 2.7188358E+002, 4.9487179E-002, 5.8301431E+002
 2.1480534E+002, 1.0969019E+001, 6.0579924E+002, 2.7342475E+002, 4.9487179E-002, 5.7722522E+002
 2.1602087E+002, 1.0960000E+001, 6.0757628E+002, 2.7250174E+002, 4.9487179E-002, 5.7386189E+002
 2.1720827E+002, 1.0950999E+001, 6.0451072E+002, 2.7237093E+002, 4.9487179E-002, 5.7280721E+002
 2.1841300E+002, 1.0942025E+001, 6.0918073E+002, 2.7542511E+002, 4.9487179E-002, 5.7264459E+002
 2.1960034E+002, 1.0933010E+001, 6.0813809E+002, 2.7722927E+002, 4.9487179E-002, 5.7447697E+002
 2.2080998E+002, 1.0923979E+001, 6.1451199E+002, 2.7151050E+002, 4.9487179E-002, 5.7627252E+002
 2.2202019E+002, 1.0914908E+001, 6.2314148E+002, 2.7330214E+002, 4.9487179E-002, 5.8037942E+002
 2.2320162E+002, 1.0905923E+001, 6.2149192E+002, 2.7688862E+002, 4.9487179E-002, 5.8578223E+002
 2.2441490E+002, 1.0896869E+001, 6.2092433E+002, 2.7944343E+002, 4.9487179E-002, 5.8275624E+002
 2.2561509E+002, 1.0887631E+001, 6.3473655E+002, 2.8070861E+002, 4.9487179E-002, 5.8988399E+002
 2.2682244E+002, 1.0878305E+001, 6.3155917E+002, 2.8463662E+002, 4.9487179E-002, 5.9278565E+002
 2.2800689E+002, 1.0868966E+001, 6.2079055E+002, 2.8600275E+002, 4.9487179E-002, 5.9011474E+002
 2.2920363E+002, 1.0859594E+001, 6.2069724E+002, 2.8120824E+002, 4.9487179E-002, 5.8587608E+002
 2.3040742E+002, 1.0850131E+001, 6.3246681E+002, 2.9336148E+002, 4.9487179E-002, 5.9037931E+002
 2.3160067E+002, 1.0840599E+001, 6.2280821E+002, 2.9161889E+002, 4.9487179E-002, 5.9148461E+002
 2.3282003E+002, 1.0830935E+001, 6.2668685E+002, 2.9200271E+002, 4.9487179E-002, 5.9027355E+002
 2.3400556E+002, 1.0821217E+001, 6.2506127E+002, 2.9847984E+002, 4.9487179E-002, 5.9034824E+002
 2.3521385E+002, 1.0811486E+001, 6.2489424E+002, 2.9886856E+002, 4.9487179E-002, 5.8908985E+002
 2.3640567E+002, 1.0801655E+001, 6.1744807E+002, 2.9932685E+002, 4.9487179E-002, 5.8870696E+002
 2.3760834E+002, 1.0791792E+001, 6.2192771E+002, 3.0126726E+002, 4.9487179E-002, 5.8676380E+002
 2.3881553E+002, 1.0781827E+001, 6.1247467E+002, 3.0141348E+002, 4.9487179E-002, 5.8535853E+002
 2.4000508E+002, 1.0771863E+001, 6.1093799E+002, 3.0443858E+002, 4.9487179E-002, 5.8137161E+002
 2.4121510E+002, 1.0761852E+001, 6.0756021E+002, 3.0644074E+002, 4.9487179E-002, 5.8023259E+002
 2.4240883E+002, 1.0751762E+001, 6.1154974E+002, 3.0230667E+002, 4.9487179E-002, 5.7818091E+002
 2.4361641E+002, 1.0741628E+001, 6.2642487E+002, 3.1385507E+002, 4.9487179E-002, 5.8846771E+002
 2.4481432E+002, 1.0731396E+001, 6.2380924E+002, 3.1328417E+002, 4.9487179E-002, 5.8789676E+002
 2.4601974E+002, 1.0721078E+001, 6.2381298E+002, 3.1250454E+002, 4.9487179E-002, 5.9166897E+002
 2.4721182E+002, 1.0710679E+001, 6.2985924E+002, 3.2066025E+002, 4.9487179E-002, 5.9125445E+002
 2.4841659E+002, 1.0700156E+001, 6.3255229E+002, 3.2330329E+002, 4.9487179E-002, 5.9721206E+002
 2.4961059E+002, 1.0689503E+001, 6.1972042E+002, 3.2175683E+002, 4.9487179E-002, 5.9197025E+002
 2.5080751E+002, 1.0678796E+001, 6.1626566E+002, 3.2811592E+002, 4.9487179E-002, 5.8797972E+002
 2.5201384E+002, 1.0667976E+001, 6.1545278E+002, 3.2573159E+002, 4.9487179E-002, 5.8604992E+002
 2.5321603E+002, 1.0657132E+001, 6.1158238E+002, 3.2314282E+002, 4.9487179E-002, 5.8490267E+002
 2.5442010E+002, 1.0646288E+001, 6.1393126E+002, 3.2721326E+002, 4.9487179E-002, 5.8392343E+002
 2.5560592E+002, 1.0635483E+001, 6.2040128E+002, 3.2818440E+002, 4.9487179E-002, 5.8791176E+002
 2.5681992E+002, 1.0624598E+001, 6.0893933E+002, 3.2433935E+002, 4.9487179E-002, 5.8389784E+002
 2.5800925E+002, 1.0613682E+001, 6.1240388E+002, 3.2800223E+002, 4.9487179E-002, 5.8326769E+002
 2.5921014E+002, 1.0602804E+001, 6.0942267E+002, 3.3485011E+002, 4.9487179E-002, 5.8225073E+002
 2.6041140E+002, 1.0591857E+001, 6.2345529E+002, 3.2885223E+002, 4.9487179E-002, 5.8547988E+002
 2.6160254E+002, 1.0580948E+001, 6.2931305E+002, 3.3450302E+002, 4.9487179E-002, 5.9317221E+002
 2.6280759E+002, 1.0569965E+001, 6.2993691E+002, 3.3001222E+002, 4.9487179E-002, 5.9614286E+002
 2.6401468E+002, 1.0558790E+001, 6.4031836E+002, 3.4631639E+002, 4.9487179E-002, 6.0184502E+002
 2.6520963E+002, 1.0547521E+001, 6.2788086E+002, 3.4297515E+002, 4.9487179E-002, 5.9790876E+002
 2.6640846E+002, 1.0536173E+001, 6.3611701E+002, 3.5065452E+002, 4.9487179E-002, 6.0236264E+002
 2.6761166E+002, 1.0524639E+001, 6.2756270E+002, 3.4654347E+002, 4.9487179E-002, 5.9791795E+002
 2.6880338E+002, 1.0513073E+001, 6.3848051E+002, 3.4790491E+002, 4.9487179E-002, 6.0368898E+002
 2.7000981E+002, 1.0501433E+001, 6.3616536E+002, 3.5117098E+002, 4.9487179E-002, 6.0275617E+002
 2.7121607E+002, 1.0489689E+001, 6.4160599E+002, 3.6045469E+002, 4.9487179E-002, 6.0543803E+002
 2.7240184E+002, 1.0477955E+001, 6.5017638E+002, 3.5165916E+002, 4.9487179E-002, 6.1244535E+002
 2.7361994E+002, 1.0466075E+001, 6.3188534E+002, 3.6755129E+002, 4.9487179E-002, 6.0709977E+002
 2.7480589E+002, 1.0454082E+001, 6.4135937E+002, 3.6464325E+002, 4.9487179E-002, 6.0724004E+002
 2.7601294E+002, 1.0442049E+001, 6.4116825E+002, 3.6795916E+002, 4.9487179E-002, 6.0752505E+002
 2.7721752E+002, 1.0429819E+001, 6.4114222E+002, 3.7199745E+002, 4.9487179E-002, 6.1107650E+002
 2.7841762E+002, 1.0417539E+001, 6.3036324E+002, 3.7159878E+002, 4.9487179E-002, 6.0578094E+002
 2.7960551E+002, 1.0405250E+001, 6.2675776E+002, 3.7565353E+002, 4.9487179E-002, 6.0091357E+002
 2.8081368E+002, 1.0392822E+001, 6.3582209E+002, 3.7760702E+002, 4.9487179E-002, 6.0415934E+002
 2.8200436E+002, 1.0380296E+001, 6.2996908E+002, 3.7607588E+002, 4.9487179E-002, 6.0263956E+002
 2.8320209E+002, 1.0367793E+001, 6.4169373E+002, 3.8456631E+002, 4.9487179E-002, 6.0815345E+002
 2.8441365E+002, 1.0355112E+001, 6.3891968E+002, 3.7770539E+002, 4.9487179E-002, 6.0744219E+002
 2.8560301E+002, 1.0342403E+001, 6.3657896E+002, 3.8752488E+002, 4.9487179E-002, 6.0768765E+002
 2.8680024E+002, 1.0329706E+001, 6.3470859E+002, 3.8870470E+002, 4.9487179E-002, 6.0689617E+002
 2.8800236E+002, 1.0316875E+001, 6.3223968E+002, 3.8405231E+002, 4.9487179E-002, 6.0626044E+002
 2.8920601E+002, 1.0303964E+001, 6.2489125E+002, 3.9020553E+002, 4.9487179E-002, 6.0145792E+002
 2.9041259E+002, 1.0290962E+001, 6.2254112E+002, 3.8704080E+002, 4.9487179E-002, 5.9896838E+002
 2.9160123E+002, 1.0277985E+001, 6.2443046E+002, 3.9471857E+002, 4.9487179E-002, 5.9816679E+002
 2.9280373E+002, 1.0265016E+001, 6.3668448E+002, 3.9397472E+002, 4.9487179E-002, 6.0314624E+002
 2.9400354E+002, 1.0251930E+001, 6.3563730E+002, 3.9784947E+002, 4.9487179E-002, 6.0703068E+002
 2.9521715E+002, 1.0238690E+001, 6.2775505E+002, 4.0158002E+002, 4.9487179E-002, 6.0320232E+002
 2.9641525E+002, 1.0225394E+001, 6.3162269E+002, 3.9432821E+002, 4.9487179E-002, 6.0330966E+002
 2.9761292E+002, 1.0212096E+001, 6.3477240E+002, 4.1099582E+002, 4.9487179E-002, 6.0473205E+002
 2.9882398E+002, 1.0198632E+001, 6.4067096E+002, 3.9856702E+002, 4.9487179E-002, 6.1020517E+002
 3.0000936E+002, 1.0185153E+001, 6.3642126E+002, 4.0806350E+002, 4.9487179E-002, 6.0852345E+002
 3.0120056E+002, 1.0171726E+001, 6.4742408E+002, 4.1156767E+002, 4.9487179E-002, 6.1174860E+002
 3.0241473E+002, 1.0158077E+001, 6.5589992E+002, 4.1098965E+002, 4.9487179E-002, 6.1972565E+002
 3.0360862E+002, 1.0144334E+001, 6.6164013E+002, 4.1545340E+002, 4.9487179E-002, 6.2594589E+002
 3.0480458E+002, 1.0130605E+001, 6.5208023E+002, 4.1614639E+002, 4.9487179E-002, 6.2261536E+002
 3.0601054E+002, 1.0116716E+001, 6.5859181E+002, 4.1359012E+002, 4.9487179E-002, 6.2667095E+002
 3.0720274E+002, 1.0102771E+001, 6.6185071E+002, 4.2365473E+002, 4.9487179E-002, 6.2798544E+002
 3.0841112E+002, 1.0088701E+001, 6.7131083E+002, 4.2428567E+002, 4.9487179E-002, 6.3263419E+002
 3.0960494E+002, 1.0074556E+001, 6.7386444E+002, 4.1615921E+002, 4.9487179E-002, 6.3756414E+002
 3.1080829E+002, 1.0060353E+001, 6.7195647E+002, 4.2804374E+002, 4.9487179E-002, 6.3793716E+002
 3.1201585E+002, 1.0046002E+001, 6.7477302E+002, 4.3437890E+002, 4.9487179E-002, 6.3930153E+002
 3.1321699E+002, 1.0031563E+001, 6.7659539E+002, 4.4285848E+002, 4.9487179E-002, 6.4484956E+002
 3.1441274E+002, 1.0017093E+001, 6.6889310E+002, 4.4584124E+002, 4.9487179E-002, 6.3884446E+002
 3.1561723E+002, 1.0002490E+001, 6.6646355E+002, 4.3370526E+002, 4.9487179E-002, 6.3818955E+002
 3.1681499E+002, 9.9877807E+000, 6.7025385E+002, 4.4651233E+002, 4.9487179E-002, 6.4001074E+002
 3.1801444E+002, 9.9729765E+000, 6.7180329E+002, 4.5926559E+002, 4.9487179E-002, 6.3970081E+002
 3.1921514E+002, 9.9580271E+000, 6.7439329E+002, 4.5358988E+002, 4.9487179E-002, 6.4214897E+002
 3.2041084E+002, 9.9429657E+000, 6.6352684E+002, 4.6563628E+002, 4.9487179E-002, 6.3908692E+002
 3.2160183E+002, 9.9278613E+000, 6.7194390E+002, 4.5486049E+002, 4.9487179E-002, 6.3924183E+002
 3.2280365E+002, 9.9126157E+000, 6.7598413E+002, 4.6264303E+002, 4.9487179E-002, 6.4420910E+002
 3.2401389E+002, 9.8971481E+000, 6.5866059E+002, 4.6366046E+002, 4.9487179E-002, 6.3866830E+002
 3.2521589E+002, 9.8816113E+000, 6.5782614E+002, 4.6356874E+002, 4.9487179E-002, 6.3292170E+002
 3.2640822E+002, 9.8661316E+000, 6.5719126E+002, 4.7259959E+002, 4.9487179E-002, 6.3168991E+002
 3.2760104E+002, 9.8506512E+000, 6.5885098E+002, 4.6618850E+002, 4.9487179E-002, 6.3429075E+002
 3.2880591E+002, 9.8350059E+000, 6.5844695E+002, 4.7959363E+002, 4.9487179E-002, 6.3252301E+002
 3.3001450E+002, 9.8191907E+000, 6.7244293E+002, 4.7443651E+002, 4.9487179E-002, 6.3639351E+002
 3.3120130E+002, 9.8034283E+000, 6.7262241E+002, 4.7062451E+002, 4.9487179E-002, 6.4317880E+002
 3.3241282E+002, 9.7875926E+000, 6.7712494E+002, 4.8922119E+002, 4.9487179E-002, 6.4357414E+002
 3.3361102E+002, 9.7716270E+000, 6.7492666E+002, 4.8316891E+002, 4.9487179E-002, 6.4506183E+002
 3.3480476E+002, 9.7557108E+000, 6.6537987E+002, 4.6269730E+002, 4.9487179E-002, 6.4377735E+002
 3.3601274E+002, 9.7396745E+000, 6.6000366E+002, 5.0306358E+002, 4.9487179E-002, 6.3598627E+002
 3.3720439E+002, 9.7235962E+000, 6.6550551E+002, 4.8724760E+002, 4.9487179E-002, 6.3937449E+002
 3.3841259E+002, 9.7074520E+000, 6.7427989E+002, 4.7654265E+002, 4.9487179E-002, 6.4098951E+002
 3.3961250E+002, 9.6912155E+000, 6.7629491E+002, 4.8734807E+002, 4.9487179E-002, 6.4647950E+002
 3.4081265E+002, 9.6749801E+000, 6.8560245E+002, 4.8958724E+002, 4.9487179E-002, 6.4951024E+002
 3.4201234E+002, 9.6586802E+000, 6.7059145E+002, 5.0242218E+002, 4.9487179E-002, 6.4993927E+002
 3.4321503E+002, 9.6423343E+000, 6.6857624E+002, 4.9293440E+002, 4.9487179E-002, 6.4274626E+002
 3.4441605E+002, 9.6258994E+000, 6.6186380E+002, 4.8663519E+002, 4.9487179E-002, 6.4131389E+002
 3.4560064E+002, 9.6095580E+000, 6.6639247E+002, 4.9787605E+002, 4.9487179E-002, 6.3990458E+002
 3.4680500E+002, 9.5931242E+000, 6.6896133E+002, 5.1191264E+002, 4.9487179E-002, 6.4170435E+002
 3.4801036E+002, 9.5764570E+000, 6.6192091E+002, 4.9010595E+002, 4.9487179E-002, 6.4123887E+002
 3.4921219E+002, 9.5598184E+000, 6.6577464E+002, 4.8885441E+002, 4.9487179E-002, 6.3802997E+002
 3.5040780E+002, 9.5432029E+000, 6.8380916E+002, 4.9730944E+002, 4.9487179E-002, 6.4820059E+002
 3.5160824E+002, 9.5265808E+000, 6.9086971E+002, 5.0418689E+002, 4.9487179E-002, 6.5523576E+002
 3.5280152E+002, 9.5099589E+000, 6.8580245E+002, 5.0199343E+002, 4.9487179E-002, 6.5758054E+002
 3.5401431E+002, 9.4932407E+000, 6.8998692E+002, 5.0972355E+002, 4.9487179E-002, 6.5776968E+002
 3.5520512E+002, 9.4765070E+000, 6.8938568E+002, 4.9832532E+002, 4.9487179E-002, 6.5975023E+002
 3.5640814E+002, 9.4598096E+000, 6.7634159E+002, 4.9821134E+002, 4.9487179E-002, 6.5558263E+002
 3.5761623E+002, 9.4429726E+000, 6.7472274E+002, 4.9612413E+002, 4.9487179E-002, 6.5147531E+002
 3.5880929E+002, 9.4261882E+000, 6.7965035E+002, 5.0622812E+002, 4.9487179E-002, 6.5021800E+002
 3.6001628E+002, 9.4093879E+000, 6.8069851E+002, 5.0279629E+002, 4.9487179E-002, 6.5695711E+002
 3.6121345E+002, 9.3925573E+000, 6.6464591E+002, 4.9856093E+002, 4.9487179E-002, 6.4694994E+002
 3.6241456E+002, 9.3757581E+000, 6.7090445E+002, 5.1268214E+002, 4.9487179E-002, 6.4589604E+002
 3.6360002E+002, 9.3589971E+000, 6.7150721E+002, 5.0041885E+002, 4.9487179E-002, 6.4730108E+002
 3.6480245E+002, 9.3421914E+000, 6.8195498E+002, 5.1868471E+002, 4.9487179E-002, 6.5173951E+002
 3.6601120E+002, 9.3252049E+000, 6.9331755E+002, 5.0448816E+002, 4.9487179E-002, 6.5856920E+002
 3.6721509E+002, 9.3081501E+000, 6.9043369E+002, 5.1880802E+002, 4.9487179E-002, 6.6213905E+002
 3.6840562E+002, 9.2911804E+000, 6.8671952E+002, 5.1632920E+002, 4.9487179E-002, 6.6095851E+002
 3.6960596E+002, 9.2742095E+000, 6.9545678E+002, 5.1091630E+002, 4.9487179E-002, 6.6276748E+002
 3.7081007E+002, 9.2571070E+000, 6.8378797E+002, 5.1307571E+002, 4.9487179E-002, 6.6379988E+002
 3.7200675E+002, 9.2399966E+000, 6.7106573E+002, 5.1369522E+002, 4.9487179E-002, 6.5365995E+002
 3.7320381E+002, 9.2229341E+000, 6.7479604E+002, 5.1483685E+002, 4.9487179E-002, 6.5115053E+002
 3.7440248E+002, 9.2058152E+000, 6.7767734E+002, 5.1297091E+002, 4.9487179E-002, 6.5364732E+002
 3.7561373E+002, 9.1886279E+000, 6.8414588E+002, 5.2453290E+002, 4.9487179E-002, 6.5571667E+002
 3.7680795E+002, 9.1714146E+000, 6.9194652E+002, 5.1237346E+002, 4.9487179E-002, 6.6144648E+002
 3.7800813E+002, 9.1542946E+000, 6.9338952E+002, 5.1252512E+002, 4.9487179E-002, 6.6505987E+002
 3.7921301E+002, 9.1370657E+000, 6.7896768E+002, 5.2371881E+002, 4.9487179E-002, 6.5909754E+002
 3.8040342E+002, 9.1199188E+000, 6.8707423E+002, 5.0705821E+002, 4.9487179E-002, 6.6142372E+002
 3.8160219E+002, 9.1028117E+000, 6.8690701E+002, 5.1219323E+002, 4.9487179E-002, 6.6114800E+002
 3.8281633E+002, 9.0855393E+000, 6.8403808E+002, 5.1873470E+002, 4.9487179E-002, 6.5953273E+002
 3.8400938E+002, 9.0683216E+000, 6.9341612E+002, 5.0866551E+002, 4.9487179E-002, 6.6372381E+002
 3.8520953E+002, 9.0512300E+000, 6.9900823E+002, 5.1195742E+002, 4.9487179E-002, 6.6851654E+002
 3.8640938E+002, 9.0340800E+000, 7.0895178E+002, 5.2883351E+002, 4.9487179E-002, 6.7467299E+002
 3.8760411E+002, 9.0169962E+000, 6.9997862E+002, 5.1320929E+002, 4.9487179E-002, 6.7488221E+002
 3.8881118E+002, 8.9998762E+000, 6.8827125E+002, 5.0237553E+002, 4.9487179E-002, 6.6865943E+002
 3.9000814E+002, 8.9827531E+000, 7.0331837E+002, 5.0783535E+002, 4.9487179E-002, 6.7163261E+002
 3.9121567E+002, 8.9656630E+000, 6.8488154E+002, 5.1342289E+002, 4.9487179E-002, 6.6923700E+002
 3.9241010E+002, 8.9485970E+000, 6.8058176E+002, 5.0836194E+002, 4.9487179E-002, 6.6204107E+002
 3.9360954E+002, 8.9316232E+000, 6.8649758E+002, 5.0564726E+002, 4.9487179E-002, 6.6195303E+002
 3.9480116E+002, 8.9146916E+000, 6.9395414E+002, 5.2810403E+002, 4.9487179E-002, 6.6675780E+002
 3.9601052E+002, 8.8976985E+000, 6.8737658E+002, 4.9871734E+002, 4.9487179E-002, 6.6669158E+002
 3.9720399E+002, 8.8807344E+000, 6.9948704E+002, 5.0490959E+002, 4.9487179E-002, 6.6831586E+002
 3.9840819E+002, 8.8638207E+000, 7.0908533E+002, 5.1617227E+002, 4.9487179E-002, 6.7758492E+002
 3.9961463E+002, 8.8468713E+000, 6.9241036E+002, 5.0137244E+002, 4.9487179E-002, 6.7327299E+002
 4.0080037E+002, 8.8300708E+000, 6.9894291E+002, 5.0291614E+002, 4.9487179E-002, 6.7218632E+002
 4.0200620E+002, 8.8133049E+000, 7.0520263E+002, 5.1717363E+002, 4.9487179E-002, 6.7508253E+002
 4.0320666E+002, 8.7964582E+000, 7.1074225E+002, 5.0453285E+002, 4.9487179E-002, 6.8112438E+002
 4.0441149E+002, 8.7796646E+000, 7.0908708E+002, 5.0926591E+002, 4.9487179E-002, 6.8287631E+002
 4.0561577E+002, 8.7628693E+000, 7.0482728E+002, 5.0947465E+002, 4.9487179E-002, 6.8033884E+002
 4.0680276E+002, 8.7462392E+000, 6.8628446E+002, 5.0318902E+002, 4.9487179E-002, 6.7306332E+002
 4.0800591E+002, 8.7296309E+000, 6.9208962E+002, 5.0621868E+002, 4.9487179E-002, 6.6923388E+002
 4.0920359E+002, 8.7129826E+000, 6.8861665E+002, 4.9726698E+002, 4.9487179E-002, 6.7034458E+002
 4.1040829E+002, 8.6963606E+000, 6.9405856E+002, 5.0035398E+002, 4.9487179E-002, 6.7086525E+002
 4.1161035E+002, 8.6797260E+000, 6.8823419E+002, 4.9604331E+002, 4.9487179E-002, 6.6785958E+002
 4.1281834E+002, 8.6631156E+000, 6.9518137E+002, 5.0503700E+002, 4.9487179E-002, 6.7216121E+002
 4.1401568E+002, 8.6465578E+000, 6.8207460E+002, 5.0245464E+002, 4.9487179E-002, 6.6598306E+002
 4.1520760E+002, 8.6301562E+000, 6.8831515E+002, 4.8290649E+002, 4.9487179E-002, 6.6612434E+002
 4.1640613E+002, 8.6137891E+000, 6.9180340E+002, 4.9346595E+002, 4.9487179E-002, 6.6684655E+002
 4.1761774E+002, 8.5973361E+000, 6.8864825E+002, 4.7890076E+002, 4.9487179E-002, 6.6912311E+002
 4.1880505E+002, 8.5810090E+000, 6.9115919E+002, 5.0192829E+002, 4.9487179E-002, 6.6771105E+002
 4.2000069E+002, 8.5648169E+000, 6.9706403E+002, 5.0206277E+002, 4.9487179E-002, 6.7199195E+002
 4.2120466E+002, 8.5485626E+000, 6.9418410E+002, 4.8804939E+002, 4.9487179E-002, 6.7226508E+002
 4.2240182E+002, 8.5323511E+000, 6.9946329E+002, 4.7600925E+002, 4.9487179E-002, 6.7411022E+002
 4.2360677E+002, 8.5161858E+000, 6.9969664E+002, 4.9733735E+002, 4.9487179E-002, 6.7663042E+002
 4.2480960E+002, 8.5000286E+000, 6.8282637E+002, 4.7404693E+002, 4.9487179E-002, 6.6920521E+002
 4.2600098E+002, 8.4840404E+000, 6.8529756E+002, 4.8727299E+002, 4.9487179E-002, 6.6576348E+002
 4.2720169E+002, 8.4681055E+000, 6.9397293E+002, 4.8869262E+002, 4.9487179E-002, 6.7017845E+002
 4.2841170E+002, 8.4520931E+000, 6.7867682E+002, 4.6965724E+002, 4.9487179E-002, 6.6533442E+002
 4.2960506E+002, 8.4361929E+000, 6.8879978E+002, 4.9193855E+002, 4.9487179E-002, 6.6531758E+002
 4.3081665E+002, 8.4203271E+000, 7.1047818E+002, 4.7907815E+002, 4.9487179E-002, 6.7617708E+002
 4.3200907E+002, 8.4045161E+000, 6.9599652E+002, 4.8677797E+002, 4.9487179E-002, 6.7717881E+002
 4.3320203E+002, 8.3888487E+000, 7.0399345E+002, 4.7602856E+002, 4.9487179E-002, 6.7724476E+002
 4.3440185E+002, 8.3731992E+000, 6.9901728E+002, 4.7383616E+002, 4.9487179E-002, 6.7773976E+002
 4.3560656E+002, 8.3575018E+000, 7.0616731E+002, 4.6173887E+002, 4.9487179E-002, 6.7943792E+002
 4.3680473E+002, 8.3418662E+000, 7.1189380E+002, 4.8879474E+002, 4.9487179E-002, 6.8450166E+002
 4.3800977E+002, 8.3262488E+000, 7.0082854E+002, 4.6506124E+002, 4.9487179E-002, 6.8217272E+002
 4.3921150E+002, 8.3106682E+000, 6.8665454E+002, 4.6907996E+002, 4.9487179E-002, 6.7487702E+002
 4.4040102E+002, 8.2952522E+000, 6.9424606E+002, 4.7140594E+002, 4.9487179E-002, 6.7205672E+002
 4.4161488E+002, 8.2797773E+000, 6.9067676E+002, 4.6958393E+002, 4.9487179E-002, 6.7401191E+002
 4.4280332E+002, 8.2643729E+000, 6.9497992E+002, 4.7294951E+002, 4.9487179E-002, 6.7287694E+002
 4.4400175E+002, 8.2491056E+000, 7.0223714E+002, 4.6573304E+002, 4.9487179E-002, 6.7700528E+002
 4.4520238E+002, 8.2338079E+000, 6.8475446E+002, 4.5894535E+002, 4.9487179E-002, 6.7288367E+002
 4.4640822E+002, 8.2185057E+000, 6.8365159E+002, 4.8366579E+002, 4.9487179E-002, 6.6855030E+002
 4.4760392E+002, 8.2032792E+000, 6.8361243E+002, 4.6186916E+002, 4.9487179E-002, 6.6617705E+002
 4.4881108E+002, 8.1880614E+000, 6.8918464E+002, 4.6903462E+002, 4.9487179E-002, 6.6806536E+002
 4.5000625E+002, 8.1729136E+000, 6.8936356E+002, 4.5968763E+002, 4.9487179E-002, 6.6971705E+002
 4.5120341E+002, 8.1578453E+000, 6.9849343E+002, 4.4421140E+002, 4.9487179E-002, 6.7322555E+002
 4.5240101E+002, 8.1428062E+000, 7.1130162E+002, 4.7765833E+002, 4.9487179E-002, 6.8162209E+002
 4.5360164E+002, 8.1277762E+000, 6.9676448E+002, 4.5206793E+002, 4.9487179E-002, 6.7942474E+002
 4.5481095E+002, 8.1127282E+000, 7.0410172E+002, 4.5418397E+002, 4.9487179E-002, 6.8034293E+002
 4.5600970E+002, 8.0977293E+000, 7.0139508E+002, 4.4252472E+002, 4.9487179E-002, 6.7980293E+002
 4.5721128E+002, 8.0828304E+000, 7.0162940E+002, 4.5594427E+002, 4.9487179E-002, 6.8131293E+002
 4.5840438E+002, 8.0680157E+000, 6.9893072E+002, 4.5268715E+002, 4.9487179E-002, 6.7866165E+002
 4.5960188E+002, 8.0532728E+000, 7.0148589E+002, 4.5299090E+002, 4.9487179E-002, 6.8133370E+002
 4.6080255E+002, 8.0385409E+000, 6.8586246E+002, 4.5321917E+002, 4.9487179E-002, 6.7441356E+002
 4.6200327E+002, 8.0238333E+000, 6.9310205E+002, 4.4499791E+002, 4.9487179E-002, 6.7360198E+002
 4.6321598E+002, 8.0090933E+000, 6.9001884E+002, 4.5163383E+002, 4.9487179E-002, 6.7202730E+002
 4.6441252E+002, 7.9944569E+000, 6.9855736E+002, 4.5114366E+002, 4.9487179E-002, 6.7635661E+002
 4.6560220E+002, 7.9799922E+000, 7.0406100E+002, 4.5023691E+002, 4.9487179E-002, 6.7867337E+002
 4.6681352E+002, 7.9654804E+000, 7.1142750E+002, 4.3787119E+002, 4.9487179E-002, 6.8511994E+002
 4.6800199E+002, 7.9510360E+000, 7.1370772E+002, 4.4011848E+002, 4.9487179E-002, 6.8801660E+002
 4.6921063E+002, 7.9366497E+000, 7.1034274E+002, 4.4269683E+002, 4.9487179E-002, 6.8966607E+002
 4.7041557E+002, 7.9222051E+000, 7.0577352E+002, 4.4031971E+002, 4.9487179E-002, 6.8533660E+002
 4.7160862E+002, 7.9078949E+000, 6.9324138E+002, 4.3428830E+002, 4.9487179E-002, 6.8280849E+002
 4.7280120E+002, 7.8937080E+000, 6.7655301E+002, 4.3982904E+002, 4.9487179E-002, 6.7086010E+002
 4.7400135E+002, 7.8795335E+000, 6.7487064E+002, 4.3007578E+002, 4.9487179E-002, 6.6442073E+002
 4.7520063E+002, 7.8653538E+000, 6.8865335E+002, 4.3723328E+002, 4.9487179E-002, 6.6876724E+002
 4.7640426E+002, 7.8512035E+000, 6.9034309E+002, 4.2908435E+002, 4.9487179E-002, 6.7070292E+002
 4.7760371E+002, 7.8371027E+000, 6.8748612E+002, 4.3240042E+002, 4.9487179E-002, 6.6995350E+002
 4.7881646E+002, 7.8229812E+000, 6.9077101E+002, 4.2784769E+002, 4.9487179E-002, 6.7428770E+002
 4.8000744E+002, 7.8089616E+000, 6.7824376E+002, 4.3413553E+002, 4.9487179E-002, 6.6766499E+002
 4.8120665E+002, 7.7950537E+000, 6.7821238E+002, 4.2851378E+002, 4.9487179E-002, 6.6416586E+002
 4.8240198E+002, 7.7811744E+000, 6.8306161E+002, 4.1905270E+002, 4.9487179E-002, 6.6633458E+002
 4.8360860E+002, 7.7672946E+000, 6.7158829E+002, 4.2896058E+002, 4.9487179E-002, 6.6175796E+002
 4.8480755E+002, 7.7534425E+000, 6.7782635E+002, 4.2869313E+002, 4.9487179E-002, 6.6048383E+002
 4.8600466E+002, 7.7396796E+000, 6.8489342E+002, 4.2022045E+002, 4.9487179E-002, 6.6562063E+002
 4.8721407E+002, 7.7258995E+000, 6.8143673E+002, 4.2892917E+002, 4.9487179E-002, 6.6695580E+002
 4.8840314E+002, 7.7121925E+000, 6.7179748E+002, 4.2108475E+002, 4.9487179E-002, 6.6078179E+002
 4.8960794E+002, 7.6985645E+000, 6.8587407E+002, 4.2087247E+002, 4.9487179E-002, 6.6446280E+002
 4.9080086E+002, 7.6849484E+000, 6.8243001E+002, 4.1666055E+002, 4.9487179E-002, 6.6642846E+002
 4.9200526E+002, 7.6713832E+000, 6.8015705E+002, 4.1466015E+002, 4.9487179E-002, 6.6485871E+002
 4.9320454E+002, 7.6578294E+000, 6.6897719E+002, 4.1981192E+002, 4.9487179E-002, 6.5993948E+002
 4.9441269E+002, 7.6442829E+000, 6.6298518E+002, 4.0586426E+002, 4.9487179E-002, 6.5474467E+002
 4.9560526E+002, 7.6308202E+000, 6.6733244E+002, 4.2841766E+002, 4.9487179E-002, 6.5375331E+002
 4.9680951E+002, 7.6174091E+000, 6.7780942E+002, 4.1394498E+002, 4.9487179E-002, 6.5723689E+002
 4.9801819E+002, 7.6039626E+000, 6.7654036E+002, 4.1091205E+002, 4.9487179E-002, 6.6124144E+002
 4.9920636E+002, 7.5906275E+000, 6.7593370E+002, 4.1141930E+002, 4.9487179E-002, 6.5933531E+002
 5.0040839E+002, 7.5773923E+000, 6.7651897E+002, 4.0558222E+002, 4.9487179E-002, 6.6055794E+002
 5.0161751E+002, 7.5640652E+000, 6.7849195E+002, 4.1349788E+002, 4.9487179E-002, 6.6202177E+002
 5.0280961E+002, 7.5508512E+000, 6.7326725E+002, 4.0380130E+002, 4.9487179E-002, 6.5952890E+002
 5.0401151E+002, 7.5376989E+000, 6.7766926E+002, 4.1153604E+002, 4.9487179E-002, 6.6101801E+002
 5.0521389E+002, 7.5245343E+000, 6.8298180E+002, 4.0675717E+002, 4.9487179E-002, 6.6414791E+002
 5.0641240E+002, 7.5114312E+000, 6.8130060E+002, 4.1095625E+002, 4.9487179E-002, 6.6447447E+002
 5.0761202E+002, 7.4983833E+000, 6.7235636E+002, 3.9681720E+002, 4.9487179E-002, 6.6014605E+002
 5.0880176E+002, 7.4854295E+000, 6.8503891E+002, 4.0957274E+002, 4.9487179E-002, 6.6428615E+002
 5.1000385E+002, 7.4725022E+000, 6.8681096E+002, 3.9986743E+002, 4.9487179E-002, 6.6877130E+002
 5.1120504E+002, 7.4595422E+000, 6.8347771E+002, 3.9783247E+002, 4.9487179E-002, 6.6579427E+002
 5.1241660E+002, 7.4465787E+000, 6.8686597E+002, 4.0955189E+002, 4.9487179E-002, 6.6807021E+002
 5.1361479E+002, 7.4336769E+000, 6.8975133E+002, 4.0002219E+002, 4.9487179E-002, 6.6944711E+002
 5.1480070E+002, 7.4209345E+000, 6.8605883E+002, 3.8992454E+002, 4.9487179E-002, 6.7011362E+002
 5.1600017E+002, 7.4082481E+000, 6.9359576E+002, 4.0324434E+002, 4.9487179E-002, 6.7245107E+002
 5.1720244E+002, 7.3954920E+000, 6.8150817E+002, 4.0280960E+002, 4.9487179E-002, 6.7108063E+002
 5.1841615E+002, 7.3826966E+000, 6.8647114E+002, 3.9513509E+002, 4.9487179E-002, 6.6958600E+002
 5.1961865E+002, 7.3699341E+000, 6.7789533E+002, 3.9089867E+002, 4.9487179E-002, 6.6605829E+002
 5.2080576E+002, 7.3573731E+000, 6.9076701E+002, 3.9902567E+002, 4.9487179E-002, 6.6862833E+002
 5.2200481E+002, 7.3448397E+000, 6.7975928E+002, 3.9047869E+002, 4.9487179E-002, 6.6872153E+002
 5.2320575E+002, 7.3322914E+000, 6.7904184E+002, 3.9056868E+002, 4.9487179E-002, 6.6408256E+002
 5.2441309E+002, 7.3197243E+000, 6.8207487E+002, 3.8941800E+002, 4.9487179E-002, 6.6683504E+002
 5.2561428E+002, 7.3071977E+000, 6.9063701E+002, 3.9354976E+002, 4.9487179E-002, 6.7086796E+002
 5.2681006E+002, 7.2947589E+000, 6.7309529E+002, 3.8759357E+002, 4.9487179E-002, 6.6574124E+002
 5.2801376E+002, 7.2823580E+000, 6.7701206E+002, 3.8767277E+002, 4.9487179E-002, 6.6108135E+002
 5.2920731E+002, 7.2699973E+000, 6.8843348E+002, 3.8745676E+002, 4.9487179E-002, 6.6992083E+002
 5.3041264E+002, 7.2576768E+000, 6.7357148E+002, 3.7494869E+002, 4.9487179E-002, 6.6353289E+002
 5.3160274E+002, 7.2454084E+000, 6.7922021E+002, 3.8744663E+002, 4.9487179E-002, 6.6366270E+002
 5.3280342E+002, 7.2332034E+000, 6.8253344E+002, 3.8663273E+002, 4.9487179E-002, 6.6532898E+002
 5.3400535E+002, 7.2209749E+000, 6.8869722E+002, 3.8447296E+002, 4.9487179E-002, 6.6991752E+002
 5.3520815E+002, 7.2087665E+000, 6.9863284E+002, 3.8148144E+002, 4.9487179E-002, 6.7410940E+002
 5.3641707E+002, 7.1965769E+000, 6.8375407E+002, 3.8225198E+002, 4.9487179E-002, 6.7355254E+002
 5.3760476E+002, 7.1844845E+000, 6.8149061E+002, 3.6667531E+002, 4.9487179E-002, 6.6703571E+002
 5.3881643E+002, 7.1724470E+000, 6.8299768E+002, 3.7420739E+002, 4.9487179E-002, 6.6928171E+002
 5.4001827E+002, 7.1603565E+000, 6.7642743E+002, 3.8431814E+002, 4.9487179E-002, 6.6518981E+002
 5.4120234E+002, 7.1484473E+000, 6.7336694E+002, 3.7001558E+002, 4.9487179E-002, 6.6380874E+002
 5.4241140E+002, 7.1365495E+000, 6.6675310E+002, 3.7361924E+002, 4.9487179E-002, 6.5838876E+002
 5.4360123E+002, 7.1246585E+000, 6.6609771E+002, 3.7083574E+002, 4.9487179E-002, 6.5659939E+002
 5.4480461E+002, 7.1128424E+000, 6.6423462E+002, 3.6316290E+002, 4.9487179E-002, 6.5426591E+002
 5.4601682E+002, 7.1009521E+000, 6.7079407E+002, 3.7418923E+002, 4.9487179E-002, 6.5712304E+002
 5.4720686E+002, 7.0891776E+000, 6.6550591E+002, 3.5005110E+002, 4.9487179E-002, 6.5507556E+002
 5.4841636E+002, 7.0774543E+000, 6.7689279E+002, 3.8681610E+002, 4.9487179E-002, 6.5840184E+002
 5.4961972E+002, 7.0657009E+000, 6.8139992E+002, 3.6428734E+002, 4.9487179E-002, 6.6296778E+002
 5.5081783E+002, 7.0540653E+000, 6.7928345E+002, 3.6713010E+002, 4.9487179E-002, 6.6520627E+002
 5.5200421E+002, 7.0425492E+000, 6.7137590E+002, 3.5689264E+002, 4.9487179E-002, 6.6032398E+002
 5.5320591E+002, 7.0310673E+000, 6.7837320E+002, 3.6714515E+002, 4.9487179E-002, 6.6057088E+002
 5.5440856E+002, 7.0195506E+000, 6.9178458E+002, 3.5426632E+002, 4.9487179E-002, 6.6881545E+002
 5.5561538E+002, 7.0080527E+000, 7.0200526E+002, 3.6171254E+002, 4.9487179E-002, 6.7741084E+002
 5.5680101E+002, 6.9966830E+000, 6.9894750E+002, 3.6629656E+002, 4.9487179E-002, 6.7827641E+002
 5.5800437E+002, 6.9853697E+000, 7.0609913E+002, 3.5589935E+002, 4.9487179E-002, 6.8333794E+002
 5.5921721E+002, 6.9739884E+000, 7.0852192E+002, 3.5843345E+002, 4.9487179E-002, 6.8565880E+002
 5.6041604E+002, 6.9626576E+000, 7.0474915E+002, 3.5191930E+002, 4.9487179E-002, 6.8639669E+002
 5.6160756E+002, 6.9515037E+000, 6.9874316E+002, 3.5342979E+002, 4.9487179E-002, 6.8538356E+002
 5.6280457E+002, 6.9403929E+000, 7.0071669E+002, 3.5329664E+002, 4.9487179E-002, 6.8156592E+002
 5.6400388E+002, 6.9292818E+000, 6.9792225E+002, 3.5070581E+002, 4.9487179E-002, 6.8367409E+002
 5.6520550E+002, 6.9182081E+000, 6.8877594E+002, 3.4862121E+002, 4.9487179E-002, 6.7823664E+002
 5.6641014E+002, 6.9071624E+000, 6.8161316E+002, 3.4911090E+002, 4.9487179E-002, 6.7303309E+002
 5.6760087E+002, 6.8961966E+000, 6.9055326E+002, 3.4587419E+002, 4.9487179E-002, 6.7424678E+002
 5.6881471E+002, 6.8852560E+000, 6.9248760E+002, 3.4495807E+002, 4.9487179E-002, 6.7480002E+002
 5.7001490E+002, 6.8743089E+000, 6.9186052E+002, 3.4297675E+002, 4.9487179E-002, 6.7789781E+002
 5.7121108E+002, 6.8635013E+000, 6.8440866E+002, 3.3993735E+002, 4.9487179E-002, 6.7503221E+002
 5.7241372E+002, 6.8527314E+000, 6.8353286E+002, 3.3988920E+002, 4.9487179E-002, 6.7075701E+002
 5.7361242E+002, 6.8419944E+000, 6.8952838E+002, 3.3800380E+002, 4.9487179E-002, 6.7376088E+002
 5.7480960E+002, 6.8313365E+000, 7.0207894E+002, 3.3838587E+002, 4.9487179E-002, 6.7887510E+002
 5.7600563E+002, 6.8207308E+000, 7.0511340E+002, 3.2968756E+002, 4.9487179E-002, 6.8384373E+002
 5.7721089E+002, 6.8101597E+000, 7.1025511E+002, 3.3779624E+002, 4.9487179E-002, 6.8900524E+002
 5.7842035E+002, 6.7995483E+000, 6.9550670E+002, 3.3220514E+002, 4.9487179E-002, 6.8482416E+002
 5.7960053E+002, 6.7891297E+000, 6.9716014E+002, 3.3128792E+002, 4.9487179E-002, 6.8111794E+002
 5.8082041E+002, 6.7786966E+000, 6.9549923E+002, 3.2632913E+002, 4.9487179E-002, 6.8233944E+002
 5.8200629E+002, 6.7683175E+000, 7.0255039E+002, 3.2946608E+002, 4.9487179E-002, 6.8349005E+002
 5.8321948E+002, 6.7580055E+000, 6.9480317E+002, 3.2183885E+002, 4.9487179E-002, 6.8340978E+002
 5.8440325E+002, 6.7477685E+000, 6.9640812E+002, 3.2359360E+002, 4.9487179E-002, 6.8178306E+002
 5.8560845E+002, 6.7376094E+000, 6.9177469E+002, 3.2473057E+002, 4.9487179E-002, 6.7921482E+002
 5.8680146E+002, 6.7274647E+000, 6.8362266E+002, 3.2039162E+002, 4.9487179E-002, 6.7588960E+002
 5.8800062E+002, 6.7174066E+000, 6.8850502E+002, 3.1606940E+002, 4.9487179E-002, 6.7651113E+002
 5.8921285E+002, 6.7073283E+000, 6.8169802E+002, 3.1663165E+002, 4.9487179E-002, 6.7176254E+002
 5.9040233E+002, 6.6973388E+000, 6.7765078E+002, 3.1359994E+002, 4.9487179E-002, 6.6930297E+002
 5.9160654E+002, 6.6874502E+000, 6.8361759E+002, 3.1797170E+002, 4.9487179E-002, 6.7005151E+002
 5.9280216E+002, 6.6775832E+000, 6.8804947E+002, 3.1025122E+002, 4.9487179E-002, 6.7370500E+002
 5.9401218E+002, 6.6677626E+000, 6.9035797E+002, 3.0758724E+002, 4.9487179E-002, 6.7439182E+002
 5.9520670E+002, 6.6580062E+000, 6.8192337E+002, 3.0681046E+002, 4.9487179E-002, 6.7320804E+002
 5.9641998E+002, 6.6482994E+000, 6.7866300E+002, 3.0472898E+002, 4.9487179E-002, 6.6952728E+002
 5.9761037E+002, 6.6386622E+000, 6.7088602E+002, 3.0463008E+002, 4.9487179E-002, 6.6538808E+002
 5.9881007E+002, 6.6291486E+000, 6.7320135E+002, 3.0228968E+002, 4.9487179E-002, 6.6263804E+002
 6.0001295E+002, 6.6196506E+000, 6.7634183E+002, 2.9794660E+002, 4.9487179E-002, 6.6550124E+002
 6.0121914E+002, 6.6101851E+000, 6.7839060E+002, 2.9736517E+002, 4.9487179E-002, 6.6474454E+002
 6.0240315E+002, 6.6008563E+000, 6.7549263E+002, 2.9646130E+002, 4.9487179E-002, 6.6605878E+002
 6.0361058E+002, 6.5915794E+000, 6.7084531E+002, 2.9280696E+002, 4.9487179E-002, 6.6330791E+002
 6.0480871E+002, 6.5823253E+000, 6.7738602E+002, 2.9045202E+002, 4.9487179E-002, 6.6373516E+002
 6.0601933E+002, 6.5731276E+000, 6.7982452E+002, 2.8886320E+002, 4.9487179E-002, 6.6669913E+002
 6.0721336E+002, 6.5640039E+000, 6.7256540E+002, 2.8552309E+002, 4.9487179E-002, 6.6412382E+002
 6.0840645E+002, 6.5550253E+000, 6.8047114E+002, 2.8592081E+002, 4.9487179E-002, 6.6502405E+002
 6.0960626E+002, 6.5460926E+000, 6.7916389E+002, 2.8216022E+002, 4.9487179E-002, 6.6636431E+002
 6.1080982E+002, 6.5371871E+000, 6.8929023E+002, 2.8378559E+002, 4.9487179E-002, 6.7057551E+002
 6.1201116E+002, 6.5283346E+000, 6.9641257E+002, 2.7920124E+002, 4.9487179E-002, 6.7680237E+002
 6.1320750E+002, 6.5195782E+000, 6.8406116E+002, 2.7498377E+002, 4.9487179E-002, 6.7434240E+002
 6.1441197E+002, 6.5108879E+000, 6.7938990E+002, 2.7185483E+002, 4.9487179E-002, 6.6931336E+002
 6.1561750E+002, 6.5022424E+000, 6.9099592E+002, 2.7434396E+002, 4.9487179E-002, 6.7333195E+002
 6.1681272E+002, 6.4936964E+000, 6.8453092E+002, 2.7102340E+002, 4.9487179E-002, 6.7380070E+002
 6.1801472E+002, 6.4852380E+000, 6.8731085E+002, 2.6796104E+002, 4.9487179E-002, 6.7267677E+002
 6.1920066E+002, 6.4768675E+000, 6.8035196E+002, 2.6660448E+002, 4.9487179E-002, 6.7213208E+002
 6.2040507E+002, 6.4685783E+000, 6.8246017E+002, 2.6437079E+002, 4.9487179E-002, 6.6989843E+002
 6.2161361E+002, 6.4602696E+000, 6.8564391E+002, 2.6128417E+002, 4.9487179E-002, 6.7279481E+002
 6.2281288E+002, 6.4520646E+000, 6.8598744E+002, 2.5689152E+002, 4.9487179E-002, 6.7128995E+002
 6.2400862E+002, 6.4439766E+000, 6.8874827E+002, 2.5979880E+002, 4.9487179E-002, 6.7398074E+002
 6.2521754E+002, 6.4359254E+000, 6.8201875E+002, 2.5560817E+002, 4.9487179E-002, 6.7337602E+002
 6.2640936E+002, 6.4279543E+000, 6.7926405E+002, 2.5082420E+002, 4.9487179E-002, 6.7016093E+002
 6.2760360E+002, 6.4201096E+000, 6.7587769E+002, 2.5147249E+002, 4.9487179E-002, 6.6711095E+002
 6.2881760E+002, 6.4122711E+000, 6.7383297E+002, 2.4706629E+002, 4.9487179E-002, 6.6509500E+002
 6.3002027E+002, 6.4044745E+000, 6.7206069E+002, 2.4251364E+002, 4.9487179E-002, 6.6469005E+002
 6.3120348E+002, 6.3968605E+000, 6.6802650E+002, 2.4255155E+002, 4.9487179E-002, 6.6045083E+002
 6.3241536E+002, 6.3892890E+000, 6.7267624E+002, 2.4097768E+002, 4.9487179E-002, 6.6124750E+002
 6.3361702E+002, 6.3817215E+000, 6.6999402E+002, 2.3706759E+002, 4.9487179E-002, 6.6263687E+002
 6.3482044E+002, 6.3742791E+000, 6.7361379E+002, 2.3649604E+002, 4.9487179E-002, 6.6132340E+002
 6.3601441E+002, 6.3669243E+000, 6.8311505E+002, 2.3108069E+002, 4.9487179E-002, 6.6659829E+002
 6.3722330E+002, 6.3596292E+000, 6.7961734E+002, 2.3016542E+002, 4.9487179E-002, 6.6806301E+002
 6.3840015E+002, 6.3524650E+000, 6.7935571E+002, 2.2840525E+002, 4.9487179E-002, 6.6745125E+002
 6.3960649E+002, 6.3453903E+000, 6.7697902E+002, 2.2677551E+002, 4.9487179E-002, 6.6610771E+002
 6.4081491E+002, 6.3382902E+000, 6.7639610E+002, 2.2331200E+002, 4.9487179E-002, 6.6647560E+002
 6.4202149E+002, 6.3312645E+000, 6.8958393E+002, 2.1985169E+002, 4.9487179E-002, 6.6991825E+002
 6.4320885E+002, 6.3243949E+000, 6.8527568E+002, 2.1800530E+002, 4.9487179E-002, 6.7258610E+002
 6.4440364E+002, 6.3176286E+000, 6.8964671E+002, 2.1659112E+002, 4.9487179E-002, 6.7455093E+002
 6.4560178E+002, 6.3109079E+000, 6.8159673E+002, 2.0964186E+002, 4.9487179E-002, 6.7267383E+002
 6.4681686E+002, 6.3042203E+000, 6.8643505E+002, 2.1037774E+002, 4.9487179E-002, 6.7177243E+002
 6.4801198E+002, 6.2976130E+000, 6.9426815E+002, 2.0864801E+002, 4.9487179E-002, 6.7652971E+002
 6.4920335E+002, 6.2911434E+000, 6.9469331E+002, 2.0592505E+002, 4.9487179E-002, 6.8048946E+002
 6.5040437E+002, 6.2847495E+000, 6.7469216E+002, 2.0270143E+002, 4.9487179E-002, 6.7199458E+002
 6.5161467E+002, 6.2783748E+000, 6.7325236E+002, 1.9970650E+002, 4.9487179E-002, 6.6628281E+002
 6.5281192E+002, 6.2720985E+000, 6.7063516E+002, 1.9495822E+002, 4.9487179E-002, 6.6494653E+002
 6.5400295E+002, 6.2659427E+000, 6.6813632E+002, 1.9562989E+002, 4.9487179E-002, 6.6142423E+002
 6.5521053E+002, 6.2598544E+000, 6.6823306E+002, 1.9312758E+002, 4.9487179E-002, 6.6092306E+002
 6.5642336E+002, 6.2537886E+000, 6.7181702E+002, 1.9044048E+002, 4.9487179E-002, 6.6073608E+002
 6.5760497E+002, 6.2478666E+000, 6.7558508E+002, 1.8894546E+002, 4.9487179E-002, 6.6486818E+002
 6.5882046E+002, 6.2420170E+000, 6.7678356E+002, 1.8491040E+002, 4.9487179E-002, 6.6408477E+002
 6.6000623E+002, 6.2362346E+000, 6.7180324E+002, 1.8264126E+002, 4.9487179E-002, 6.6396316E+002
 6.6122038E+002, 6.2305341E+000, 6.6978379E+002, 1.7982305E+002, 4.9487179E-002, 6.6234102E+002
 6.6241803E+002, 6.2248953E+000, 6.7289394E+002, 1.7706564E+002, 4.9487179E-002, 6.6258996E+002
 6.6360105E+002, 6.2193999E+000, 6.8053027E+002, 1.7485391E+002, 4.9487179E-002, 6.6453805E+002
 6.6481626E+002, 6.2139508E+000, 6.8471139E+002, 1.7303054E+002, 4.9487179E-002, 6.6955409E+002
 6.6601402E+002, 6.2085468E+000, 6.7903164E+002, 1.7032793E+002, 4.9487179E-002, 6.7044053E+002
 6.6720309E+002, 6.2032745E+000, 6.7761302E+002, 1.6750099E+002, 4.9487179E-002, 6.6719220E+002
 6.6840990E+002, 6.1980608E+000, 6.7621480E+002, 1.6531178E+002, 4.9487179E-002, 6.6674150E+002
 6.6960378E+002, 6.1929168E+000, 6.6665895E+002, 1.6290055E+002, 4.9487179E-002, 6.6292420E+002
 6.7081665E+002, 6.1878403E+000, 6.6833189E+002, 1.5993658E+002, 4.9487179E-002, 6.6044797E+002
 6.7201294E+002, 6.1828324E+000, 6.7298582E+002, 1.5736422E+002, 4.9487179E-002, 6.6196378E+002
 6.7322249E+002, 6.1779120E+000, 6.7187122E+002, 1.5559368E+002, 4.9487179E-002, 6.6246928E+002
 6.7441774E+002, 6.1730733E+000, 6.7107809E+002, 1.5293182E+002, 4.9487179E-002, 6.6222034E+002
 6.7561228E+002, 6.1683435E+000, 6.7566944E+002, 1.5051350E+002, 4.9487179E-002, 6.6347729E+002
 6.7680172E+002, 6.1636926E+000, 6.7311722E+002, 1.4787138E+002, 4.9487179E-002, 6.6439807E+002
 6.7800611E+002, 6.1590960E+000, 6.7059690E+002, 1.4506679E+002, 4.9487179E-002, 6.6165970E+002
 6.7922729E+002, 6.1545150E+000, 6.6963086E+002, 1.4301027E+002, 4.9487179E-002, 6.6136081E+002
 6.8041278E+002, 6.1500481E+000, 6.7521362E+002, 1.4086674E+002, 4.9487179E-002, 6.6418510E+002
 6.8160246E+002, 6.1457070E+000, 6.6365919E+002, 1.3851852E+002, 4.9487179E-002, 6.5952769E+002
 6.8280768E+002, 6.1414124E+000, 6.6941324E+002, 1.3656773E+002, 4.9487179E-002, 6.5865916E+002
 6.8401635E+002, 6.1371492E+000, 6.7325341E+002, 1.3327613E+002, 4.9487179E-002, 6.6202477E+002
 6.8520965E+002, 6.1329781E+000, 6.7253824E+002, 1.3182004E+002, 4.9487179E-002, 6.6279374E+002
 6.8641635E+002, 6.1288817E+000, 6.6506100E+002, 1.2955826E+002, 4.9487179E-002, 6.6031606E+002
 6.8761738E+002, 6.1248467E+000, 6.7006770E+002, 1.2623928E+002, 4.9487179E-002, 6.6019137E+002
 6.8881377E+002, 6.1208968E+000, 6.6474952E+002, 1.2477102E+002, 4.9487179E-002, 6.5767398E+002
 6.9000673E+002, 6.1170248E+000, 6.6647103E+002, 1.2254596E+002, 4.9487179E-002, 6.5867118E+002
 6.9121998E+002, 6.1131974E+000, 6.6172783E+002, 1.2040137E+002, 4.9487179E-002, 6.5651997E+002
 6.9240815E+002, 6.1094351E+000, 6.5880502E+002, 1.1719905E+002, 4.9487179E-002, 6.5380518E+002
 6.9361749E+002, 6.1057610E+000, 6.6504449E+002, 1.1565284E+002, 4.9487179E-002, 6.5463022E+002
 6.9480759E+002, 6.1021385E+000, 6.6765806E+002, 1.1337906E+002, 4.9487179E-002, 6.5755620E+002
 6.9601543E+002, 6.0985994E+000, 6.6558071E+002, 1.1230586E+002, 4.9487179E-002, 6.5708442E+002
 6.9721205E+002, 6.0951081E+000, 6.7313712E+002, 1.0992924E+002, 4.9487179E-002, 6.5974382E+002
 6.9840254E+002, 6.0917051E+000, 6.7099632E+002, 1.0831664E+002, 4.9487179E-002, 6.6149190E+002
 6.9961847E+002, 6.0883357E+000, 6.7832861E+002, 1.0594856E+002, 4.9487179E-002, 6.6417441E+002
 7.0081933E+002, 6.0850153E+000, 6.6767876E+002, 1.0321447E+002, 4.9487179E-002, 6.6186478E+002
 7.0200981E+002, 6.0817849E+000, 6.6786891E+002, 1.0200630E+002, 4.9487179E-002, 6.6056359E+002
 7.0323017E+002, 6.0785990E+000, 6.6379792E+002, 9.9554599E+001, 4.9487179E-002, 6.5714072E+002
 7.0440497E+002, 6.0754896E+000, 6.7011701E+002, 9.7886059E+001, 4.9487179E-002, 6.5960202E+002
 7.0562547E+002, 6.0724377E+000, 6.6725285E+002, 9.6570735E+001, 4.9487179E-002, 6.5996594E+002
 7.0681134E+002, 6.0694338E+000, 6.5983221E+002, 9.4551876E+001, 4.9487179E-002, 6.5566024E+002
 7.0800433E+002, 6.0665210E+000, 6.5823911E+002, 9.2382006E+001, 4.9487179E-002, 6.5352180E+002
 7.0920510E+002, 6.0636404E+000, 6.6065292E+002, 9.1122103E+001, 4.9487179E-002, 6.5318976E+002
 7.1042286E+002, 6.0607911E+000, 6.5815265E+002, 8.9020268E+001, 4.9487179E-002, 6.5288129E+002
 7.1162264E+002, 6.0579964E+000, 6.6288787E+002, 8.7372046E+001, 4.9487179E-002, 6.5282380E+002
 7.1281143E+002, 6.0552874E+000, 6.6200820E+002, 8.5498194E+001, 4.9487179E-002, 6.5518154E+002
 7.1402183E+002, 6.0526185E+000, 6.6212446E+002, 8.3973765E+001, 4.9487179E-002, 6.5319843E+002
 7.1523277E+002, 6.0499768E+000, 6.6326148E+002, 8.2033809E+001, 4.9487179E-002, 6.5554285E+002
 7.1641335E+002, 6.0474144E+000, 6.6169043E+002, 8.0686760E+001, 4.9487179E-002, 6.5453749E+002
 7.1761394E+002, 6.0449198E+000, 6.6583803E+002, 7.9265691E+001, 4.9487179E-002, 6.5530171E+002
 7.1882218E+002, 6.0424397E+000, 6.6852599E+002, 7.7781402E+001, 4.9487179E-002, 6.5828129E+002
 7.2003236E+002, 6.0399993E+000, 6.6471265E+002, 7.5823576E+001, 4.9487179E-002, 6.5701385E+002
 7.2122618E+002, 6.0376209E+000, 6.6857419E+002, 7.4676169E+001, 4.9487179E-002, 6.5853071E+002
 7.2240663E+002, 6.0353134E+000, 6.6277869E+002, 7.2938298E+001, 4.9487179E-002, 6.5672082E+002
 7.2361689E+002, 6.0330405E+000, 6.6289910E+002, 7.1439087E+001, 4.9487179E-002, 6.5634079E+002
 7.2480000E+002, 6.0308049E+000, 6.6256971E+002, 7.0429319E+001, 4.9487179E-002, 6.5450718E+002
 7.2601376E+002, 6.0286112E+000, 6.6299653E+002, 6.8903006E+001, 4.9487179E-002, 6.5594648E+002
 7.2722844E+002, 6.0264293E+000, 6.6077583E+002, 6.7460946E+001, 4.9487179E-002, 6.5410729E+002
 7.2841441E+002, 6.0243137E+000, 6.6119444E+002, 6.6528443E+001, 4.9487179E-002, 6.5442194E+002
 7.2961345E+002, 6.0222536E+000, 6.5863614E+002, 6.5242291E+001, 4.9487179E-002, 6.5281259E+002
 7.3082230E+002, 6.0202146E+000, 6.6190692E+002, 6.3835283E+001, 4.9487179E-002, 6.5384157E+002
 7.3201604E+002, 6.0182165E+000, 6.5971338E+002, 6.2700349E+001, 4.9487179E-002, 6.5310673E+002
 7.3321648E+002, 6.0162624E+000, 6.6540773E+002, 6.1130662E+001, 4.9487179E-002, 6.5481925E+002
 7.3441293E+002, 6.0143455E+000, 6.6063171E+002, 6.0296276E+001, 4.9487179E-002, 6.5502124E+002
 7.3562613E+002, 6.0124509E+000, 6.6276462E+002, 5.9048555E+001, 4.9487179E-002, 6.5429510E+002
 7.3680296E+002, 6.0106096E+000, 6.6074017E+002, 5.8232688E+001, 4.9487179E-002, 6.5429630E+002
 7.3800954E+002, 6.0088078E+000, 6.6220157E+002, 5.6677553E+001, 4.9487179E-002, 6.5472566E+002
 7.3920387E+002, 6.0070252E+000, 6.6008775E+002, 5.5595417E+001, 4.9487179E-002, 6.5344005E+002
 7.4040076E+002, 6.0052789E+000, 6.5849373E+002, 5.4770076E+001, 4.9487179E-002, 6.5276334E+002
 7.4162593E+002, 6.0035510E+000, 6.5822310E+002, 5.4075517E+001, 4.9487179E-002, 6.5185119E+002
 7.4283354E+002, 6.0018413E+000, 6.6003593E+002, 5.2605225E+001, 4.9487179E-002, 6.5278048E+002
 7.4402534E+002, 6.0001867E+000, 6.6018316E+002, 5.1616549E+001, 4.9487179E-002, 6.5269723E+002
 7.4522178E+002, 5.9985708E+000, 6.5715069E+002, 5.0976734E+001, 4.9487179E-002, 6.5221701E+002
 7.4641829E+002, 5.9969780E+000, 6.5276276E+002, 4.9866860E+001, 4.9487179E-002, 6.4937181E+002
 7.4762588E+002, 5.9954110E+000, 6.5285352E+002, 4.8823364E+001, 4.9487179E-002, 6.4766798E+002
 7.4882041E+002, 5.9938719E+000, 6.5521350E+002, 4.7940392E+001, 4.9487179E-002, 6.4902565E+002
 7.5000210E+002, 5.9923765E+000, 6.5212757E+002, 4.7292658E+001, 4.9487179E-002, 6.4739760E+002
 7.5120405E+002, 5.9909022E+000, 6.5222505E+002, 4.6388464E+001, 4.9487179E-002, 6.4730144E+002
 7.5242298E+002, 5.9894309E+000, 6.5254937E+002, 4.5667204E+001, 4.9487179E-002, 6.4650167E+002
 7.5360839E+002, 5.9879967E+000, 6.5078388E+002, 4.4693000E+001, 4.9487179E-002, 6.4651654E+002
 7.5483396E+002, 5.9865821E+000, 6.5116221E+002, 4.3947605E+001, 4.9487179E-002, 6.4530815E+002
 7.5602440E+002, 5.9851914E+000, 6.5426672E+002, 4.3152503E+001, 4.9487179E-002, 6.4736809E+002
 7.5721614E+002, 5.9838430E+000, 6.5203444E+002, 4.2450916E+001, 4.9487179E-002, 6.4671194E+002
 7.5840741E+002, 5.9825153E+000, 6.5438208E+002, 4.1798657E+001, 4.9487179E-002, 6.4682735E+002
 7.5961364E+002, 5.9812042E+000, 6.5423094E+002, 4.0920854E+001, 4.9487179E-002, 6.4827049E+002
 7.6081948E+002, 5.9799066E+000, 6.5433469E+002, 4.0482855E+001, 4.9487179E-002, 6.4770983E+002
 7.6202458E+002, 5.9786303E+000, 6.5337824E+002, 3.9653255E+001, 4.9487179E-002, 6.4763135E+002
 7.6322533E+002, 5.9773757E+000, 6.5012326E+002, 3.8749614E+001, 4.9487179E-002, 6.4596576E+002
 7.6443234E+002, 5.9761480E+000, 6.5607631E+002, 3.8491850E+001, 4.9487179E-002, 6.4723529E+002
 7.6561994E+002, 5.9749407E+000, 6.5398357E+002, 3.7537391E+001, 4.9487179E-002, 6.4843476E+002
 7.6681743E+002, 5.9737619E+000, 6.5283023E+002, 3.7332439E+001, 4.9487179E-002, 6.4671922E+002
 7.6803346E+002, 5.9725884E+000, 6.5509524E+002, 3.6413071E+001, 4.9487179E-002, 6.4857078E+002
 7.6922189E+002, 5.9714367E+000, 6.5383870E+002, 3.5876892E+001, 4.9487179E-002, 6.4736796E+002
 7.7040733E+002, 5.9703148E+000, 6.5372381E+002, 3.5238761E+001, 4.9487179E-002, 6.4793924E+002
 7.7161959E+002, 5.9692038E+000, 6.5486978E+002, 3.4750286E+001, 4.9487179E-002, 6.4797462E+002
 7.7280129E+002, 5.9681103E+000, 6.5707054E+002, 3.4227042E+001, 4.9487179E-002, 6.4917016E+002
 7.7403500E+002, 5.9670248E+000, 6.5426607E+002, 3.3632268E+001, 4.9487179E-002, 6.4904031E+002
 7.7523144E+002, 5.9659480E+000, 6.5382685E+002, 3.3187351E+001, 4.9487179E-002, 6.4803640E+002
 7.7641309E+002, 5.9649106E+000, 6.5295078E+002, 3.2471281E+001, 4.9487179E-002, 6.4777672E+002
 7.7761274E+002, 5.9638895E+000, 6.5056815E+002, 3.2201498E+001, 4.9487179E-002, 6.4609141E+002
 7.7882816E+002, 5.9628676E+000, 6.5392571E+002, 3.1524508E+001, 4.9487179E-002, 6.4699562E+002
 7.8001627E+002, 5.9618689E+000, 6.5205481E+002, 3.1429573E+001, 4.9487179E-002, 6.4720781E+002
 7.8122208E+002, 5.9608851E+000, 6.4936570E+002, 3.0463598E+001, 4.9487179E-002, 6.4533854E+002
 7.8241407E+002, 5.9599155E+000, 6.5034076E+002, 3.0339198E+001, 4.9487179E-002, 6.4506806E+002
 7.8362159E+002, 5.9589608E+000, 6.4933515E+002, 2.9630957E+001, 4.9487179E-002, 6.4466339E+002
 7.8482309E+002, 5.9580159E+000, 6.4942734E+002, 2.9377798E+001, 4.9487179E-002, 6.4448574E+002
 7.8601082E+002, 5.9570896E+000, 6.5171527E+002, 2.9087399E+001, 4.9487179E-002, 6.4512553E+002
 7.8721086E+002, 5.9561802E+000, 6.5066596E+002, 2.8339126E+001, 4.9487179E-002, 6.4551102E+002
 7.8841413E+002, 5.9552761E+000, 6.4872543E+002, 2.8046292E+001, 4.9487179E-002, 6.4448356E+002
 7.8962161E+002, 5.9543838E+000, 6.5017148E+002, 2.7943961E+001, 4.9487179E-002, 6.4425378E+002
 7.9083506E+002, 5.9534990E+000, 6.4862946E+002, 2.7232141E+001, 4.9487179E-002, 6.4437623E+002
 7.9203065E+002, 5.9526297E+000, 6.4921690E+002, 2.6828283E+001, 4.9487179E-002, 6.4381733E+002
 7.9322711E+002, 5.9517810E+000, 6.5108287E+002, 2.6666531E+001, 4.9487179E-002, 6.4488307E+002
 7.9443738E+002, 5.9509388E+000, 6.4847786E+002, 2.6101655E+001, 4.9487179E-002, 6.4420719E+002
 7.9563565E+002, 5.9501060E+000, 6.5022484E+002, 2.5952438E+001, 4.9487179E-002, 6.4421379E+002
 7.9680119E+002, 5.9492992E+000, 6.4852867E+002, 2.5357786E+001, 4.9487179E-002, 6.4411732E+002
 7.9802342E+002, 5.9484958E+000, 6.5205315E+002, 2.5224666E+001, 4.9487179E-002, 6.4468469E+002
 7.9923705E+002, 5.9476860E+000, 6.5107197E+002, 2.4677252E+001, 4.9487179E-002, 6.4571187E+002
 8.0043979E+002, 5.9468940E+000, 6.5135277E+002, 2.4536238E+001, 4.9487179E-002, 6.4549331E+002
 8.0164058E+002, 5.9461187E+000, 6.5291071E+002, 2.4223623E+001, 4.9487179E-002, 6.4600765E+002
 8.0281630E+002, 5.9453586E+000, 6.5058557E+002, 2.3865091E+001, 4.9487179E-002, 6.4619635E+002
 8.0403858E+002, 5.9446029E+000, 6.4966545E+002, 2.3487016E+001, 4.9487179E-002, 6.4469853E+002
 8.0520205E+002, 5.9438609E+000, 6.5074070E+002, 2.3278848E+001, 4.9487179E-002, 6.4548884E+002
 8.0643836E+002, 5.9431235E+000, 6.4866623E+002, 2.2854879E+001, 4.9487179E-002, 6.4426674E+002
 8.0763428E+002, 5.9423870E+000, 6.4966861E+002, 2.2751414E+001, 4.9487179E-002, 6.4438617E+002
 8.0880679E+002, 5.9416767E+000, 6.5053466E+002, 2.2326440E+001, 4.9487179E-002, 6.4501297E+002
 8.1002321E+002, 5.9409695E+000, 6.5167845E+002, 2.2069047E+001, 4.9487179E-002, 6.4513470E+002
 8.1120695E+002, 5.9402689E+000, 6.5203932E+002, 2.1868528E+001, 4.9487179E-002, 6.4633894E+002
 8.1243141E+002, 5.9395736E+000, 6.4885700E+002, 2.1483935E+001, 4.9487179E-002, 6.4497477E+002
 8.1361028E+002, 5.9388888E+000, 6.5120155E+002, 2.1267431E+001, 4.9487179E-002, 6.4500650E+002
 8.1482688E+002, 5.9382133E+000, 6.5291659E+002, 2.1037833E+001, 4.9487179E-002, 6.4619864E+002
 8.1603946E+002, 5.9375352E+000, 6.5216686E+002, 2.0702911E+001, 4.9487179E-002, 6.4684186E+002
 8.1721474E+002, 5.9368806E+000, 6.5013212E+002, 2.0568249E+001, 4.9487179E-002, 6.4568054E+002
 8.1841136E+002, 5.9362341E+000, 6.5014227E+002, 2.0269099E+001, 4.9487179E-002, 6.4537750E+002
 8.1961920E+002, 5.9355901E+000, 6.4945195E+002, 2.0117843E+001, 4.9487179E-002, 6.4470788E+002
 8.2082577E+002, 5.9349476E+000, 6.5087749E+002, 1.9653699E+001, 4.9487179E-002, 6.4515626E+002
 8.2203938E+002, 5.9343141E+000, 6.5317216E+002, 1.9679019E+001, 4.9487179E-002, 6.4653269E+002
 8.2322592E+002, 5.9336923E+000, 6.4943685E+002, 1.9361395E+001, 4.9487179E-002, 6.4575535E+002
 8.2444484E+002, 5.9330742E+000, 6.4991564E+002, 1.9045415E+001, 4.9487179E-002, 6.4478666E+002
 8.2561003E+002, 5.9324709E+000, 6.5112766E+002, 1.8938255E+001, 4.9487179E-002, 6.4569787E+002
 8.2680736E+002, 5.9318775E+000, 6.5010271E+002, 1.8706201E+001, 4.9487179E-002, 6.4523766E+002
 8.2801914E+002, 5.9312815E+000, 6.5398819E+002, 1.8452740E+001, 4.9487179E-002, 6.4663200E+002
 8.2923313E+002, 5.9306862E+000, 6.5222505E+002, 1.8312473E+001, 4.9487179E-002, 6.4713881E+002
 8.3043297E+002, 5.9301021E+000, 6.5117767E+002, 1.8051202E+001, 4.9487179E-002, 6.4653830E+002
 8.3160425E+002, 5.9295336E+000, 6.5025627E+002, 1.7983046E+001, 4.9487179E-002, 6.4567050E+002
 8.3281410E+002, 5.9289686E+000, 6.5350419E+002, 1.7563737E+001, 4.9487179E-002, 6.4672097E+002
 8.3402303E+002, 5.9284009E+000, 6.5225432E+002, 1.7565231E+001, 4.9487179E-002, 6.4737347E+002
 8.3520558E+002, 5.9278456E+000, 6.4998083E+002, 1.7275901E+001, 4.9487179E-002, 6.4590285E+002
 8.3643727E+002, 5.9272928E+000, 6.5060875E+002, 1.7107299E+001, 4.9487179E-002, 6.4583537E+002
 8.3763855E+002, 5.9267389E+000, 6.4929172E+002, 1.6894899E+001, 4.9487179E-002, 6.4521389E+002
 8.3884331E+002, 5.9261986E+000, 6.4942892E+002, 1.6806038E+001, 4.9487179E-002, 6.4501138E+002
 8.4001421E+002, 5.9256703E+000, 6.4989556E+002, 1.6547015E+001, 4.9487179E-002, 6.4483548E+002
 8.4121002E+002, 5.9251487E+000, 6.5165699E+002, 1.6437313E+001, 4.9487179E-002, 6.4594357E+002
 8.4244059E+002, 5.9246216E+000, 6.4976554E+002, 1.6216630E+001, 4.9487179E-002, 6.4542936E+002
 8.4360056E+002, 5.9241061E+000, 6.5193306E+002, 1.6111347E+001, 4.9487179E-002, 6.4596678E+002
 8.4484244E+002, 5.9235931E+000, 6.5180731E+002, 1.5859422E+001, 4.9487179E-002, 6.4672536E+002
 8.4604853E+002, 5.9230750E+000, 6.4891625E+002, 1.5707578E+001, 4.9487179E-002, 6.4544728E+002
 8.4722057E+002, 5.9225780E+000, 6.4804897E+002, 1.5602342E+001, 4.9487179E-002, 6.4427673E+002
 8.4840293E+002, 5.9220921E+000, 6.4918286E+002, 1.5549691E+001, 4.9487179E-002, 6.4460943E+002
 8.4962872E+002, 5.9215982E+000, 6.4776198E+002, 1.5220036E+001, 4.9487179E-002, 6.4409448E+002
 8.5080463E+002, 5.9211114E+000, 6.4713124E+002, 1.5112072E+001, 4.9487179E-002, 6.4338908E+002
 8.5202599E+002, 5.9206287E+000, 6.4748854E+002, 1.4951082E+001, 4.9487179E-002, 6.4339118E+002
 8.5323559E+002, 5.9201447E+000, 6.4653544E+002, 1.4713568E+001, 4.9487179E-002, 6.4293527E+002
 8.5441833E+002, 5.9196734E+000, 6.4628322E+002, 1.4728433E+001, 4.9487179E-002, 6.4254981E+002
 8.5563859E+002, 5.9192045E+000, 6.4618145E+002, 1.4501110E+001, 4.9487179E-002, 6.4234117E+002
 8.5681990E+002, 5.9187409E+000, 6.4758208E+002, 1.4458197E+001, 4.9487179E-002, 6.4263238E+002
 8.5804177E+002, 5.9182827E+000, 6.4799616E+002, 1.4260053E+001, 4.9487179E-002, 6.4343480E+002
 8.5921972E+002, 5.9178281E+000, 6.4927258E+002, 1.4114941E+001, 4.9487179E-002, 6.4371317E+002
 8.6040284E+002, 5.9173857E+000, 6.5031015E+002, 1.4017778E+001, 4.9487179E-002, 6.4481331E+002
 8.6163055E+002, 5.9169367E+000, 6.5014088E+002, 1.3761316E+001, 4.9487179E-002, 6.4502355E+002
 8.6281777E+002, 5.9164922E+000, 6.4920389E+002, 1.3814161E+001, 4.9487179E-002, 6.4503780E+002
 8.6403598E+002, 5.9160538E+000, 6.4869327E+002, 1.3593880E+001, 4.9487179E-002, 6.4414997E+002
 8.6523217E+002, 5.9156183E+000, 6.5088772E+002, 1.3426005E+001, 4.9487179E-002, 6.4519845E+002
 8.6640550E+002, 5.9151934E+000, 6.5143242E+002, 1.3331815E+001, 4.9487179E-002, 6.4606780E+002
 8.6760193E+002, 5.9147728E+000, 6.5007490E+002, 1.3218238E+001, 4.9487179E-002, 6.4563320E+002
 8.6882465E+002, 5.9143476E+000, 6.5012229E+002, 1.3110196E+001, 4.9487179E-002, 6.4545737E+002
 8.7001500E+002, 5.9139271E+000, 6.5034278E+002, 1.3008511E+001, 4.9487179E-002, 6.4573373E+002
 8.7123500E+002, 5.9135115E+000, 6.4937332E+002, 1.2851981E+001, 4.9487179E-002, 6.4502727E+002
 8.7244790E+002, 5.9130951E+000, 6.4969523E+002, 1.2720148E+001, 4.9487179E-002, 6.4533480E+002
 8.7361814E+002, 5.9126910E+000, 6.5004035E+002, 1.2620034E+001, 4.9487179E-002, 6.4526838E+002
 8.7480669E+002, 5.9122946E+000, 6.5068003E+002, 1.2516084E+001, 4.9487179E-002, 6.4579946E+002
 8.7602844E+002, 5.9118928E+000, 6.5105709E+002, 1.2378006E+001, 4.9487179E-002, 6.4590910E+002
 8.7721363E+002, 5.9114949E+000, 6.5110281E+002, 1.2323483E+001, 4.9487179E-002, 6.4612948E+002
 8.7840233E+002, 5.9111062E+000, 6.5216704E+002, 1.2235555E+001, 4.9487179E-002, 6.4681639E+002
 8.7962099E+002, 5.9107169E+000, 6.5295246E+002, 1.2065657E+001, 4.9487179E-002, 6.4724461E+002
 8.8082960E+002, 5.9103262E+000, 6.5322400E+002, 1.2017620E+001, 4.9487179E-002, 6.4803375E+002
 8.8201870E+002, 5.9099441E+000, 6.5049764E+002, 1.1835781E+001, 4.9487179E-002, 6.4699661E+002
 8.8322041E+002, 5.9095651E+000, 6.4885226E+002, 1.1764398E+001, 4.9487179E-002, 6.4563983E+002
 8.8441913E+002, 5.9091902E+000, 6.5122279E+002, 1.1697691E+001, 4.9487179E-002, 6.4578583E+002
 8.8564211E+002, 5.9088135E+000, 6.5069020E+002, 1.1546913E+001, 4.9487179E-002, 6.4663060E+002
 8.8681175E+002, 5.9084442E+000, 6.4936808E+002, 1.1446634E+001, 4.9487179E-002, 6.4559310E+002
 8.8804361E+002, 5.9080771E+000, 6.5007731E+002, 1.1432953E+001, 4.9487179E-002, 6.4581585E+002
 8.8925319E+002, 5.9077077E+000, 6.4927178E+002, 1.1234345E+001, 4.9487179E-002, 6.4533397E+002
 8.9045046E+002, 5.9073461E+000, 6.5008891E+002, 1.1197399E+001, 4.9487179E-002, 6.4563835E+002
 8.9163690E+002, 5.9069904E+000, 6.4990190E+002, 1.1091732E+001, 4.9487179E-002, 6.4560586E+002
 8.9280647E+002, 5.9066429E+000, 6.5096359E+002, 1.1062244E+001, 4.9487179E-002, 6.4596467E+002
 8.9404708E+002, 5.9062895E+000, 6.5042669E+002, 1.0865871E+001, 4.9487179E-002, 6.4620773E+002
 8.9522710E+002, 5.9059373E+000, 6.5035153E+002, 1.0863584E+001, 4.9487179E-002, 6.4605335E+002
 8.9643221E+002, 5.9055933E+000, 6.5117938E+002, 1.0698564E+001, 4.9487179E-002, 6.4643024E+002
 8.9765001E+002, 5.9052458E+000, 6.5056082E+002, 1.0625855E+001, 4.9487179E-002, 6.4645023E+002
 8.9882921E+002, 5.9049068E+000, 6.5178038E+002, 1.0662499E+001, 4.9487179E-002, 6.4641784E+002
 9.0001320E+002, 5.9045739E+000, 6.5188254E+002, 1.0446011E+001, 4.9487179E-002, 6.4744485E+002
 9.0124758E+002, 5.9042356E+000, 6.4947990E+002, 1.0363315E+001, 4.9487179E-002, 6.4619568E+002
 9.0243953E+002, 5.9038992E+000, 6.5113857E+002, 1.0340637E+001, 4.9487179E-002, 6.4630580E+002
 9.0361144E+002, 5.9035754E+000, 6.5022151E+002, 1.0257617E+001, 4.9487179E-002, 6.4629213E+002
 9.0484303E+002, 5.9032467E+000, 6.4991473E+002, 1.0087884E+001, 4.9487179E-002, 6.4615040E+002
 9.0600442E+002, 5.9029221E+000, 6.4844709E+002, 1.0099113E+001, 4.9487179E-002, 6.4533934E+002
 9.0722848E+002, 5.9026024E+000, 6.5016900E+002, 1.0004750E+001, 4.9487179E-002, 6.4545066E+002
 9.0842798E+002, 5.9022801E+000, 6.5242523E+002, 9.9574614E+000, 4.9487179E-002, 6.4680800E+002
 9.0961298E+002, 5.9019646E+000, 6.5392771E+002, 9.7600385E+000, 4.9487179E-002, 6.4800555E+002
 9.1082157E+002, 5.9016509E+000, 6.5201798E+002, 9.8099258E+000, 4.9487179E-002, 6.4818371E+002
 9.1201480E+002, 5.9013385E+000, 6.4970859E+002, 9.7008298E+000, 4.9487179E-002, 6.4663595E+002
 9.1325447E+002, 5.9010239E+000, 6.4994241E+002, 9.6093493E+000, 4.9487179E-002, 6.4604688E+002
 9.1443650E+002, 5.9007126E+000, 6.5079513E+002, 9.5154521E+000, 4.9487179E-002, 6.4655464E+002
 9.1564580E+002, 5.9004081E+000, 6.5029492E+002, 9.5015978E+000, 4.9487179E-002, 6.4645487E+002
 9.1681059E+002, 5.9001089E+000, 6.4948740E+002, 9.4386292E+000, 4.9487179E-002, 6.4588803E+002
 9.1803298E+002, 5.8998102E+000, 6.5140334E+002, 9.3657624E+000, 4.9487179E-002, 6.4661005E+002
 9.1920015E+002, 5.8995134E+000, 6.5182844E+002, 9.2657240E+000, 4.9487179E-002, 6.4696701E+002
 9.2044070E+002, 5.8992153E+000, 6.5197220E+002, 9.1211287E+000, 4.9487179E-002, 6.4740199E+002
 9.2162669E+002, 5.8989181E+000, 6.5297495E+002, 9.1184504E+000, 4.9487179E-002, 6.4804634E+002
 9.2284179E+002, 5.8986258E+000, 6.5084276E+002, 9.0593033E+000, 4.9487179E-002, 6.4747844E+002
 9.2404572E+002, 5.8983331E+000, 6.4953931E+002, 9.0056739E+000, 4.9487179E-002, 6.4647327E+002
 9.2521603E+002, 5.8980489E+000, 6.5080138E+002, 8.9546425E+000, 4.9487179E-002, 6.4632168E+002
 9.2641850E+002, 5.8977665E+000, 6.5187880E+002, 8.8384217E+000, 4.9487179E-002, 6.4732047E+002
 9.2760692E+002, 5.8974837E+000, 6.5023183E+002, 8.8111224E+000, 4.9487179E-002, 6.4687331E+002
 9.2884816E+002, 5.8971991E+000, 6.5095882E+002, 8.7205656E+000, 4.9487179E-002, 6.4680044E+002
 9.3004437E+002, 5.8969136E+000, 6.5036646E+002, 8.6252251E+000, 4.9487179E-002, 6.4660108E+002
 9.3124834E+002, 5.8966365E+000, 6.5212978E+002, 8.6427505E+000, 4.9487179E-002, 6.4724857E+002
 9.3243723E+002, 5.8963628E+000, 6.5161349E+002, 8.5859642E+000, 4.9487179E-002, 6.4744400E+002
 9.3364628E+002, 5.8960891E+000, 6.5148332E+002, 8.4891152E+000, 4.9487179E-002, 6.4740730E+002
 9.3483308E+002, 5.8958171E+000, 6.5298972E+002, 8.4090766E+000, 4.9487179E-002, 6.4800865E+002
 9.3604906E+002, 5.8955471E+000, 6.5375501E+002, 8.3533217E+000, 4.9487179E-002, 6.4870810E+002
 9.3722644E+002, 5.8952796E+000, 6.5327791E+002, 8.3488149E+000, 4.9487179E-002, 6.4897709E+002
 9.3841748E+002, 5.8950175E+000, 6.5199564E+002, 8.2514625E+000, 4.9487179E-002, 6.4845116E+002
 9.3960170E+002, 5.8947559E+000, 6.5138129E+002, 8.1731673E+000, 4.9487179E-002, 6.4758488E+002
 9.4083985E+002, 5.8944909E+000, 6.5185011E+002, 8.1256056E+000, 4.9487179E-002, 6.4794864E+002
 9.4205610E+002, 5.8942241E+000, 6.5163748E+002, 8.0968203E+000, 4.9487179E-002, 6.4775260E+002
 9.4322366E+002, 5.8939670E+000, 6.5047574E+002, 8.0201454E+000, 4.9487179E-002, 6.4740533E+002
 9.4444470E+002, 5.8937115E+000, 6.5132957E+002, 8.0162855E+000, 4.9487179E-002, 6.4728918E+002
 9.4561981E+002, 5.8934562E+000, 6.5036516E+002, 7.8889520E+000, 4.9487179E-002, 6.4701039E+002
 9.4683412E+002, 5.8932033E+000, 6.5133412E+002, 7.9239724E+000, 4.9487179E-002, 6.4730314E+002
 9.4803516E+002, 5.8929497E+000, 6.5239745E+002, 7.7872339E+000, 4.9487179E-002, 6.4772341E+002
 9.4921472E+002, 5.8927010E+000, 6.5191368E+002, 7.7344797E+000, 4.9487179E-002, 6.4810228E+002
 9.5044904E+002, 5.8924512E+000, 6.5180021E+002, 7.7364380E+000, 4.9487179E-002, 6.4787079E+002
 9.5165928E+002, 5.8921994E+000, 6.5087683E+002, 7.6306674E+000, 4.9487179E-002, 6.4761728E+002
 9.5283638E+002, 5.8919554E+000, 6.4971662E+002, 7.6213075E+000, 4.9487179E-002, 6.4681061E+002
 9.5403080E+002, 5.8917146E+000, 6.5056098E+002, 7.6117310E+000, 4.9487179E-002, 6.4682980E+002
 9.5523223E+002, 5.8914728E+000, 6.5125725E+002, 7.4757995E+000, 4.9487179E-002, 6.4703062E+002
 9.5641938E+002, 5.8912332E+000, 6.5032303E+002, 7.4395293E+000, 4.9487179E-002, 6.4719412E+002
 9.5765070E+002, 5.8909921E+000, 6.5104215E+002, 7.3981724E+000, 4.9487179E-002, 6.4709307E+002
 9.5884526E+002, 5.8907521E+000, 6.4976819E+002, 7.3958570E+000, 4.9487179E-002, 6.4676255E+002
 9.6004726E+002, 5.8905156E+000, 6.5024299E+002, 7.3143391E+000, 4.9487179E-002, 6.4646230E+002
 9.6124204E+002, 5.8902826E+000, 6.5328030E+002, 7.2493227E+000, 4.9487179E-002, 6.4787111E+002
 9.6241842E+002, 5.8900510E+000, 6.5298346E+002, 7.1932123E+000, 4.9487179E-002, 6.4865214E+002
 9.6365644E+002, 5.8898190E+000, 6.5322634E+002, 7.2077076E+000, 4.9487179E-002, 6.4870087E+002
 9.6484354E+002, 5.8895862E+000, 6.5304838E+002, 7.1379743E+000, 4.9487179E-002, 6.4909153E+002
 9.6602266E+002, 5.8893614E+000, 6.5323758E+002, 7.0637710E+000, 4.9487179E-002, 6.4898888E+002
 9.6720369E+002, 5.8891378E+000, 6.5249834E+002, 7.0481500E+000, 4.9487179E-002, 6.4881960E+002
 9.6842489E+002, 5.8889124E+000, 6.5390197E+002, 7.0250255E+000, 4.9487179E-002, 6.4917354E+002
 9.6963234E+002, 5.8886851E+000, 6.5428264E+002, 6.9374249E+000, 4.9487179E-002, 6.4977595E+002
 9.7083324E+002, 5.8884617E+000, 6.5321495E+002, 6.9564656E+000, 4.9487179E-002, 6.4964255E+002
 9.7204319E+002, 5.8882392E+000, 6.5429616E+002, 6.8325898E+000, 4.9487179E-002, 6.4959016E+002
 9.7321496E+002, 5.8880199E+000, 6.5441860E+002, 6.7895352E+000, 4.9487179E-002, 6.5018549E+002
 9.7444245E+002, 5.8878015E+000, 6.5361923E+002, 6.7820230E+000, 4.9487179E-002, 6.5008309E+002
 9.7561514E+002, 5.8875843E+000, 6.5122342E+002, 6.7711514E+000, 4.9487179E-002, 6.4881189E+002
 9.7683244E+002, 5.8873689E+000, 6.5051999E+002, 6.6748546E+000, 4.9487179E-002, 6.4784710E+002
 9.7804424E+002, 5.8871513E+000, 6.5094497E+002, 6.6573841E+000, 4.9487179E-002, 6.4769164E+002
 9.7924115E+002, 5.8869381E+000, 6.4999605E+002, 6.6634331E+000, 4.9487179E-002, 6.4741122E+002
 9.8044933E+002, 5.8867255E+000, 6.5059209E+002, 6.5508920E+000, 4.9487179E-002, 6.4712104E+002
 9.8164258E+002, 5.8865137E+000, 6.5061127E+002, 6.5079519E+000, 4.9487179E-002, 6.4745171E+002
 9.8281015E+002, 5.8863077E+000, 6.5145391E+002, 6.5219445E+000, 4.9487179E-002, 6.4745031E+002
 9.8405870E+002, 5.8860979E+000, 6.5328243E+002, 6.4445311E+000, 4.9487179E-002, 6.4875657E+002
 9.8523989E+002, 5.8858891E+000, 6.5080123E+002, 6.4475381E+000, 4.9487179E-002, 6.4816010E+002
 9.8640978E+002, 5.8856869E+000, 6.5112065E+002, 6.3764546E+000, 4.9487179E-002, 6.4770530E+002
 9.8763673E+002, 5.8854828E+000, 6.5125541E+002, 6.3390122E+000, 4.9487179E-002, 6.4789639E+002
 9.8881173E+002, 5.8852789E+000, 6.5189047E+002, 6.3281771E+000, 4.9487179E-002, 6.4797822E+002
 9.9001979E+002, 5.8850783E+000, 6.5091585E+002, 6.2341953E+000, 4.9487179E-002, 6.4797850E+002
 9.9121858E+002, 5.8848765E+000, 6.4968528E+002, 6.2461994E+000, 4.9487179E-002, 6.4714784E+002
 9.9243789E+002, 5.8846752E+000, 6.5085330E+002, 6.1902650E+000, 4.9487179E-002, 6.4720940E+002
 9.9365363E+002, 5.8844734E+000, 6.4986477E+002, 6.1344830E+000, 4.9487179E-002, 6.4717292E+002
 9.9482995E+002, 5.8842767E+000, 6.4896746E+002, 6.1779036E+000, 4.9487179E-002, 6.4648465E+002
 9.9601238E+002, 5.8840839E+000, 6.5016781E+002, 6.0578627E+000, 4.9487179E-002, 6.4651285E+002
 9.9720874E+002, 5.8838903E+000, 6.5155396E+002, 6.0614547E+000, 4.9487179E-002, 6.4750065E+002
 9.9840064E+002, 5.8836973E+000, 6.5053136E+002, 6.0386028E+000, 4.9487179E-002, 6.4753691E+002
 9.9960304E+002, 5.8835046E+000, 6.4946263E+002, 5.9858711E+000, 4.9487179E-002, 6.4680736E+002
 1.0008002E+003, 5.8833124E+000, 6.5137076E+002, 5.9227655E+000, 4.9487179E-002, 6.4717909E+002
 1.0020473E+003, 5.8831180E+000, 6.5098474E+002, 5.9171415E+000, 4.9487179E-002, 6.4764358E+002
 1.0032556E+003, 5.8829238E+000, 6.5143257E+002, 5.8676034E+000, 4.9487179E-002, 6.4786678E+002
 1.0044426E+003, 5.8827353E+000, 6.5002401E+002, 5.8567387E+000, 4.9487179E-002, 6.4725784E+002
 1.0056244E+003, 5.8825505E+000, 6.5203545E+002, 5.8329366E+000, 4.9487179E-002, 6.4773523E+002
 1.0068129E+003, 5.8823663E+000, 6.5250155E+002, 5.7897519E+000, 4.9487179E-002, 6.4845435E+002
 1.0080567E+003, 5.8821778E+000, 6.5336790E+002, 5.7131765E+000, 4.9487179E-002, 6.4899488E+002
 1.0092562E+003, 5.8819899E+000, 6.5301269E+002, 5.7386377E+000, 4.9487179E-002, 6.4942239E+002
 1.0104304E+003, 5.8818083E+000, 6.5065416E+002, 5.6727973E+000, 4.9487179E-002, 6.4830439E+002
 1.0116060E+003, 5.8816303E+000, 6.5192477E+002, 5.6938397E+000, 4.9487179E-002, 6.4810500E+002
 1.0128343E+003, 5.8814482E+000, 6.5108431E+002, 5.5938226E+000, 4.9487179E-002, 6.4832626E+002
 1.0140368E+003, 5.8812653E+000, 6.4990954E+002, 5.5933486E+000, 4.9487179E-002, 6.4745485E+002
 1.0152016E+003, 5.8810885E+000, 6.5210064E+002, 5.5844241E+000, 4.9487179E-002, 6.4781564E+002
 1.0164215E+003, 5.8809106E+000, 6.5340267E+002, 5.5056520E+000, 4.9487179E-002, 6.4902133E+002
 1.0176095E+003, 5.8807319E+000, 6.5359872E+002, 5.5260735E+000, 4.9487179E-002, 6.4963655E+002
 1.0188146E+003, 5.8805568E+000, 6.5116710E+002, 5.4702731E+000, 4.9487179E-002, 6.4876255E+002
 1.0200305E+003, 5.8803797E+000, 6.5248958E+002, 5.4312929E+000, 4.9487179E-002, 6.4861219E+002
 1.0212435E+003, 5.8802029E+000, 6.5094212E+002, 5.4101128E+000, 4.9487179E-002, 6.4857181E+002
 1.0224228E+003, 5.8800301E+000, 6.5055427E+002, 5.3900456E+000, 4.9487179E-002, 6.4773503E+002
 1.0236557E+003, 5.8798557E+000, 6.5057029E+002, 5.3387340E+000, 4.9487179E-002, 6.4771836E+002
 1.0248257E+003, 5.8796830E+000, 6.5170619E+002, 5.3095173E+000, 4.9487179E-002, 6.4801471E+002
 1.0260005E+003, 5.8795168E+000, 6.5117478E+002, 5.3337702E+000, 4.9487179E-002, 6.4825319E+002
 1.0272487E+003, 5.8793453E+000, 6.5066375E+002, 5.2506781E+000, 4.9487179E-002, 6.4772299E+002
 1.0284541E+003, 5.8791727E+000, 6.5023679E+002, 5.2639409E+000, 4.9487179E-002, 6.4768247E+002
 1.0296056E+003, 5.8790072E+000, 6.4962669E+002, 5.2039349E+000, 4.9487179E-002, 6.4710988E+002
 1.0308538E+003, 5.8788398E+000, 6.4991620E+002, 5.1765997E+000, 4.9487179E-002, 6.4712782E+002
 1.0320321E+003, 5.8786716E+000, 6.4907989E+002, 5.1640734E+000, 4.9487179E-002, 6.4671418E+002
 1.0332138E+003, 5.8785088E+000, 6.4970499E+002, 5.1302106E+000, 4.9487179E-002, 6.4661709E+002
 1.0344304E+003, 5.8783447E+000, 6.5076598E+002, 5.1089638E+000, 4.9487179E-002, 6.4735020E+002
 1.0356060E+003, 5.8781808E+000, 6.5105568E+002, 5.0660510E+000, 4.9487179E-002, 6.4754072E+002
 1.0368427E+003, 5.8780170E+000, 6.5122478E+002, 5.0556474E+000, 4.9487179E-002, 6.4787076E+002
 1.0380051E+003, 5.8778552E+000, 6.5220719E+002, 5.0384913E+000, 4.9487179E-002, 6.4822284E+002
 1.0392119E+003, 5.8776966E+000, 6.5188887E+002, 5.0213582E+000, 4.9487179E-002, 6.4875380E+002
 1.0404299E+003, 5.8775339E+000, 6.5017141E+002, 4.9447313E+000, 4.9487179E-002, 6.4784160E+002
 1.0416341E+003, 5.8773731E+000, 6.5121489E+002, 4.9402478E+000, 4.9487179E-002, 6.4766683E+002
 1.0428088E+003, 5.8772158E+000, 6.5250797E+002, 4.9427124E+000, 4.9487179E-002, 6.4859400E+002
 1.0440181E+003, 5.8770593E+000, 6.5249596E+002, 4.8926790E+000, 4.9487179E-002, 6.4889339E+002
 1.0452447E+003, 5.8768994E+000, 6.5257200E+002, 4.8644028E+000, 4.9487179E-002, 6.4925712E+002
 1.0464200E+003, 5.8767431E+000, 6.5135550E+002, 4.8165054E+000, 4.9487179E-002, 6.4860066E+002
 1.0476584E+003, 5.8765860E+000, 6.5324317E+002, 4.8263144E+000, 4.9487179E-002, 6.4916981E+002
 1.0488217E+003, 5.8764311E+000, 6.5202115E+002, 4.8277089E+000, 4.9487179E-002, 6.4927620E+002
 1.0500288E+003, 5.8762794E+000, 6.5085141E+002, 4.7544087E+000, 4.9487179E-002, 6.4836042E+002
 1.0512336E+003, 5.8761251E+000, 6.5219782E+002, 4.7425204E+000, 4.9487179E-002, 6.4875171E+002
 1.0524291E+003, 5.8759722E+000, 6.5049672E+002, 4.7211717E+000, 4.9487179E-002, 6.4827051E+002
 1.0536583E+003, 5.8758193E+000, 6.5230860E+002, 4.7196191E+000, 4.9487179E-002, 6.4846248E+002
 1.0548440E+003, 5.8756673E+000, 6.5237730E+002, 4.6987510E+000, 4.9487179E-002, 6.4919509E+002
 1.0560307E+003, 5.8755187E+000, 6.5123399E+002, 4.6301699E+000, 4.9487179E-002, 6.4857596E+002
 1.0572265E+003, 5.8753700E+000, 6.5148144E+002, 4.6504161E+000, 4.9487179E-002, 6.4851125E+002
 1.0584381E+003, 5.8752213E+000, 6.5285126E+002, 4.6173368E+000, 4.9487179E-002, 6.4894204E+002
 1.0596053E+003, 5.8750746E+000, 6.5221042E+002, 4.5702167E+000, 4.9487179E-002, 6.4939610E+002
 1.0608534E+003, 5.8749266E+000, 6.5148621E+002, 4.5562417E+000, 4.9487179E-002, 6.4870554E+002
 1.0620237E+003, 5.8747788E+000, 6.5210137E+002, 4.5682437E+000, 4.9487179E-002, 6.4878948E+002
 1.0632035E+003, 5.8746358E+000, 6.5409222E+002, 4.5022979E+000, 4.9487179E-002, 6.4979919E+002
 1.0644528E+003, 5.8744888E+000, 6.5236182E+002, 4.5060025E+000, 4.9487179E-002, 6.4982994E+002
 1.0656069E+003, 5.8743445E+000, 6.5143069E+002, 4.5036477E+000, 4.9487179E-002, 6.4883890E+002
 1.0668243E+003, 5.8742025E+000, 6.5284503E+002, 4.4397211E+000, 4.9487179E-002, 6.4921485E+002
 1.0680094E+003, 5.8740590E+000, 6.5222516E+002, 4.4430455E+000, 4.9487179E-002, 6.4956499E+002
 1.0692424E+003, 5.8739154E+000, 6.5073157E+002, 4.4079712E+000, 4.9487179E-002, 6.4865047E+002
 1.0704394E+003, 5.8737721E+000, 6.5170571E+002, 4.3947793E+000, 4.9487179E-002, 6.4845360E+002
 1.0716563E+003, 5.8736302E+000, 6.5131858E+002, 4.3453001E+000, 4.9487179E-002, 6.4887239E+002
 1.0728371E+003, 5.8734900E+000, 6.5099530E+002, 4.3720800E+000, 4.9487179E-002, 6.4831303E+002
 1.0740361E+003, 5.8733513E+000, 6.5168200E+002, 4.3320790E+000, 4.9487179E-002, 6.4868271E+002
 1.0752418E+003, 5.8732121E+000, 6.5071178E+002, 4.2991044E+000, 4.9487179E-002, 6.4832764E+002
 1.0764026E+003, 5.8730755E+000, 6.5263699E+002, 4.3027265E+000, 4.9487179E-002, 6.4883216E+002
 1.0776196E+003, 5.8729389E+000, 6.5132347E+002, 4.2694214E+000, 4.9487179E-002, 6.4896780E+002
 1.0788105E+003, 5.8728012E+000, 6.5008308E+002, 4.2392088E+000, 4.9487179E-002, 6.4809850E+002
 1.0800440E+003, 5.8726637E+000, 6.4984393E+002, 4.2587271E+000, 4.9487179E-002, 6.4764472E+002
 1.0812427E+003, 5.8725255E+000, 6.5007541E+002, 4.1796891E+000, 4.9487179E-002, 6.4753531E+002
 1.0824201E+003, 5.8723919E+000, 6.5249930E+002, 4.2066292E+000, 4.9487179E-002, 6.4848627E+002
 1.0836311E+003, 5.8722580E+000, 6.5269049E+002, 4.1718198E+000, 4.9487179E-002, 6.4920221E+002
 1.0848175E+003, 5.8721239E+000, 6.5173988E+002, 4.1406129E+000, 4.9487179E-002, 6.4911626E+002
 1.0860306E+003, 5.8719906E+000, 6.5105678E+002, 4.1338967E+000, 4.9487179E-002, 6.4870475E+002
 1.0872513E+003, 5.8718552E+000, 6.5047319E+002, 4.1009137E+000, 4.9487179E-002, 6.4814669E+002
 1.0884230E+003, 5.8717237E+000, 6.5061737E+002, 4.1314854E+000, 4.9487179E-002, 6.4815194E+002
 1.0896463E+003, 5.8715928E+000, 6.5185416E+002, 4.0657111E+000, 4.9487179E-002, 6.4839996E+002
 1.0908581E+003, 5.8714596E+000, 6.5268696E+002, 4.0491111E+000, 4.9487179E-002, 6.4924889E+002
 1.0920069E+003, 5.8713315E+000, 6.5149728E+002, 4.0452611E+000, 4.9487179E-002, 6.4908164E+002
 1.0932202E+003, 5.8712034E+000, 6.5110457E+002, 4.0096481E+000, 4.9487179E-002, 6.4859442E+002
 1.0944106E+003, 5.8710740E+000, 6.5049240E+002, 4.0097310E+000, 4.9487179E-002, 6.4835519E+002
 1.0956159E+003, 5.8709457E+000, 6.5021283E+002, 3.9983580E+000, 4.9487179E-002, 6.4782331E+002
 1.0968521E+003, 5.8708157E+000, 6.5271178E+002, 3.9469870E+000, 4.9487179E-002, 6.4878410E+002
 1.0980275E+003, 5.8706877E+000, 6.5257494E+002, 3.9654509E+000, 4.9487179E-002, 6.4944003E+002
 1.0992280E+003, 5.8705616E+000, 6.5179802E+002, 3.9412050E+000, 4.9487179E-002, 6.4929021E+002
 1.1004390E+003, 5.8704348E+000, 6.5179272E+002, 3.9114455E+000, 4.9487179E-002, 6.4900500E+002
 1.1016678E+003, 5.8703070E+000, 6.5094988E+002, 3.8798795E+000, 4.9487179E-002, 6.4870845E+002
 1.1028219E+003, 5.8701825E+000, 6.5194276E+002, 3.8980462E+000, 4.9487179E-002, 6.4885084E+002
 1.1040509E+003, 5.8700590E+000, 6.5149931E+002, 3.8492779E+000, 4.9487179E-002, 6.4882025E+002
 1.1052256E+003, 5.8699347E+000, 6.5275859E+002, 3.8698493E+000, 4.9487179E-002, 6.4944074E+002
 1.1064274E+003, 5.8698121E+000, 6.5171009E+002, 3.8245831E+000, 4.9487179E-002, 6.4935182E+002
 1.1076071E+003, 5.8696899E+000, 6.5133765E+002, 3.8060312E+000, 4.9487179E-002, 6.4882884E+002
 1.1088030E+003, 5.8695688E+000, 6.5221025E+002, 3.7923887E+000, 4.9487179E-002, 6.4909597E+002
 1.1100324E+003, 5.8694455E+000, 6.5342678E+002, 3.7792689E+000, 4.9487179E-002, 6.4984200E+002
 1.1112193E+003, 5.8693230E+000, 6.5261347E+002, 3.7445317E+000, 4.9487179E-002, 6.4996931E+002
 1.1124156E+003, 5.8692032E+000, 6.5136069E+002, 3.7744517E+000, 4.9487179E-002, 6.4927896E+002
 1.1136338E+003, 5.8690818E+000, 6.5150179E+002, 3.6882550E+000, 4.9487179E-002, 6.4900201E+002
 1.1148451E+003, 5.8689610E+000, 6.5326354E+002, 3.7490556E+000, 4.9487179E-002, 6.4958991E+002
 1.1160012E+003, 5.8688424E+000, 6.5413860E+002, 3.6763041E+000, 4.9487179E-002, 6.5058513E+002
 1.1172264E+003, 5.8687251E+000, 6.5279571E+002, 3.7010651E+000, 4.9487179E-002, 6.5029716E+002
 1.1184302E+003, 5.8686053E+000, 6.5216208E+002, 3.6541973E+000, 4.9487179E-002, 6.4971790E+002
 1.1196317E+003, 5.8684873E+000, 6.5216134E+002, 3.6521012E+000, 4.9487179E-002, 6.4975404E+002
 1.1208220E+003, 5.8683704E+000, 6.5107581E+002, 3.6473543E+000, 4.9487179E-002, 6.4908221E+002
 1.1220222E+003, 5.8682547E+000, 6.5349416E+002, 3.6143486E+000, 4.9487179E-002, 6.4973750E+002
 1.1232096E+003, 5.8681386E+000, 6.5324979E+002, 3.6213213E+000, 4.9487179E-002, 6.5039119E+002
 1.1244243E+003, 5.8680228E+000, 6.5330864E+002, 3.5688205E+000, 4.9487179E-002, 6.5022213E+002
 1.1256529E+003, 5.8679055E+000, 6.5253801E+002, 3.5617807E+000, 4.9487179E-002, 6.5018257E+002
 1.1268519E+003, 5.8677894E+000, 6.5389147E+002, 3.5687629E+000, 4.9487179E-002, 6.5035088E+002
 1.1280501E+003, 5.8676751E+000, 6.5343745E+002, 3.5392406E+000, 4.9487179E-002, 6.5079639E+002
 1.1292120E+003, 5.8675632E+000, 6.5317311E+002, 3.5232275E+000, 4.9487179E-002, 6.5040415E+002
 1.1304103E+003, 5.8674513E+000, 6.5311554E+002, 3.5101742E+000, 4.9487179E-002, 6.5057261E+002
 1.1316555E+003, 5.8673365E+000, 6.5229865E+002, 3.5043464E+000, 4.9487179E-002, 6.5010514E+002
 1.1328065E+003, 5.8672244E+000, 6.5156335E+002, 3.4826410E+000, 4.9487179E-002, 6.4965969E+002
 1.1340187E+003, 5.8671139E+000, 6.5194768E+002, 3.4674918E+000, 4.9487179E-002, 6.4946153E+002
 1.1352269E+003, 5.8670016E+000, 6.5301446E+002, 3.4738740E+000, 4.9487179E-002, 6.4994129E+002
 1.1364242E+003, 5.8668900E+000, 6.5309126E+002, 3.4227422E+000, 4.9487179E-002, 6.5029649E+002
 1.1376456E+003, 5.8667789E+000, 6.5207753E+002, 3.4303884E+000, 4.9487179E-002, 6.4987374E+002
 1.1388314E+003, 5.8666684E+000, 6.5315175E+002, 3.4081253E+000, 4.9487179E-002, 6.5023221E+002
 1.1400545E+003, 5.8665583E+000, 6.5279920E+002, 3.4171532E+000, 4.9487179E-002, 6.5018729E+002
 1.1412452E+003, 5.8664483E+000, 6.5322259E+002, 3.3663668E+000, 4.9487179E-002, 6.5033746E+002
 1.1424325E+003, 5.8663405E+000, 6.5404161E+002, 3.3763102E+000, 4.9487179E-002, 6.5081274E+002
 1.1436283E+003, 5.8662330E+000, 6.5298801E+002, 3.3750021E+000, 4.9487179E-002, 6.5081006E+002
 1.1448408E+003, 5.8661247E+000, 6.5174482E+002, 3.3288048E+000, 4.9487179E-002, 6.4995571E+002
 1.1460478E+003, 5.8660167E+000, 6.5310405E+002, 3.3455004E+000, 4.9487179E-002, 6.4999403E+002
 1.1472093E+003, 5.8659109E+000, 6.5255850E+002, 3.3017176E+000, 4.9487179E-002, 6.5035776E+002
 1.1484420E+003, 5.8658041E+000, 6.5304915E+002, 3.3060434E+000, 4.9487179E-002, 6.5031651E+002
 1.1496018E+003, 5.8656985E+000, 6.5368160E+002, 3.2999761E+000, 4.9487179E-002, 6.5062870E+002
 1.1508323E+003, 5.8655931E+000, 6.5368587E+002, 3.2678448E+000, 4.9487179E-002, 6.5087898E+002
 1.1520002E+003, 5.8654878E+000, 6.5400561E+002, 3.2591794E+000, 4.9487179E-002, 6.5111406E+002
 1.1532341E+003, 5.8653824E+000, 6.5431215E+002, 3.2426107E+000, 4.9487179E-002, 6.5123053E+002
 1.1544598E+003, 5.8652754E+000, 6.5471065E+002, 3.2502973E+000, 4.9487179E-002, 6.5173147E+002
 1.1556500E+003, 5.8651709E+000, 6.5374192E+002, 3.2218861E+000, 4.9487179E-002, 6.5134296E+002
 1.1568461E+003, 5.8650676E+000, 6.5312921E+002, 3.2275607E+000, 4.9487179E-002, 6.5112138E+002
 1.1580234E+003, 5.8649658E+000, 6.5230503E+002, 3.1918495E+000, 4.9487179E-002, 6.5035605E+002
 1.1592201E+003, 5.8648636E+000, 6.5241311E+002, 3.1754285E+000, 4.9487179E-002, 6.5038879E+002
 1.1604367E+003, 5.8647605E+000, 6.5186038E+002, 3.1646494E+000, 4.9487179E-002, 6.4982985E+002
 1.1616566E+003, 5.8646571E+000, 6.5391868E+002, 3.1809772E+000, 4.9487179E-002, 6.5068259E+002
 1.1628171E+003, 5.8645567E+000, 6.5244290E+002, 3.1532778E+000, 4.9487179E-002, 6.5048671E+002
 1.1640306E+003, 5.8644562E+000, 6.5235805E+002, 3.1343404E+000, 4.9487179E-002, 6.5032732E+002
 1.1652274E+003, 5.8643552E+000, 6.5145435E+002, 3.1290953E+000, 4.9487179E-002, 6.4971328E+002
 1.1664661E+003, 5.8642530E+000, 6.5222207E+002, 3.0971729E+000, 4.9487179E-002, 6.4981938E+002
 1.1676074E+003, 5.8641535E+000, 6.5206487E+002, 3.1078752E+000, 4.9487179E-002, 6.4976441E+002
 1.1688679E+003, 5.8640540E+000, 6.5394816E+002, 3.0758143E+000, 4.9487179E-002, 6.5064191E+002
 1.1700411E+003, 5.8639534E+000, 6.5292278E+002, 3.1004037E+000, 4.9487179E-002, 6.5067901E+002
 1.1712251E+003, 5.8638562E+000, 6.5302331E+002, 3.0671946E+000, 4.9487179E-002, 6.5075877E+002
 1.1724394E+003, 5.8637578E+000, 6.5157461E+002, 3.0555003E+000, 4.9487179E-002, 6.4993856E+002
 1.1736478E+003, 5.8636589E+000, 6.5406521E+002, 3.0183199E+000, 4.9487179E-002, 6.5054779E+002
 1.1748496E+003, 5.8635605E+000, 6.5295575E+002, 3.0270609E+000, 4.9487179E-002, 6.5091393E+002
 1.1760133E+003, 5.8634645E+000, 6.5219018E+002, 3.0394662E+000, 4.9487179E-002, 6.5032195E+002
 1.1772248E+003, 5.8633686E+000, 6.5151072E+002, 2.9947796E+000, 4.9487179E-002, 6.4984531E+002
 1.1784386E+003, 5.8632707E+000, 6.5135107E+002, 2.9914111E+000, 4.9487179E-002, 6.4954640E+002
 1.1796009E+003, 5.8631755E+000, 6.5143712E+002, 2.9814380E+000, 4.9487179E-002, 6.4940694E+002
 1.1808065E+003, 5.8630810E+000, 6.5182596E+002, 2.9701794E+000, 4.9487179E-002, 6.4965245E+002
 1.1820017E+003, 5.8629854E+000, 6.5259464E+002, 2.9685637E+000, 4.9487179E-002, 6.4983319E+002
 1.1832495E+003, 5.8628884E+000, 6.5280729E+002, 2.9331963E+000, 4.9487179E-002, 6.5037706E+002
 1.1844554E+003, 5.8627916E+000, 6.5217519E+002, 2.9501116E+000, 4.9487179E-002, 6.5004393E+002
 1.1856419E+003, 5.8626976E+000, 6.5296969E+002, 2.9280434E+000, 4.9487179E-002, 6.5044989E+002
 1.1868056E+003, 5.8626052E+000, 6.5200331E+002, 2.8971895E+000, 4.9487179E-002, 6.5002245E+002
 1.1880471E+003, 5.8625115E+000, 6.5337491E+002, 2.9097156E+000, 4.9487179E-002, 6.5053964E+002
 1.1892665E+003, 5.8624156E+000, 6.5225008E+002, 2.8901020E+000, 4.9487179E-002, 6.5040043E+002
 1.1904606E+003, 5.8623219E+000, 6.5230847E+002, 2.8738781E+000, 4.9487179E-002, 6.5004319E+002
 1.1916547E+003, 5.8622296E+000, 6.5276223E+002, 2.8768620E+000, 4.9487179E-002, 6.5036376E+002
 1.1928434E+003, 5.8621378E+000, 6.5385524E+002, 2.8568527E+000, 4.9487179E-002, 6.5083684E+002
 1.1940192E+003, 5.8620472E+000, 6.5351059E+002, 2.8645763E+000, 4.9487179E-002, 6.5107627E+002
 1.1952226E+003, 5.8619569E+000, 6.5327996E+002, 2.8485918E+000, 4.9487179E-002, 6.5111204E+002
 1.1964327E+003, 5.8618648E+000, 6.5252087E+002, 2.8125267E+000, 4.9487179E-002, 6.5047602E+002
 1.1976462E+003, 5.8617729E+000, 6.5260042E+002, 2.8197419E+000, 4.9487179E-002, 6.5063556E+002
 1.1988454E+003, 5.8616821E+000, 6.5354442E+002, 2.8238977E+000, 4.9487179E-002, 6.5065477E+002
 1.2000000E+003, 5.8615935E+000, 6.5474752E+002, 2.7799735E+000, 4.9487179E-002, 6.5169814E+002
