Time,Temp,Mass,MLR,MCC,DSC
 2.0000000E+000, 2.1002119E+001, 9.9999911E-001, 4.7986970E-007, 2.0792821E-013, 7.4321556E-001
 4.0000000E+000, 2.2002119E+001, 9.9999809E-001, 5.5116038E-007, 2.5595398E-013, 7.4337482E-001
 6.0000000E+000, 2.3002119E+001, 9.9999690E-001, 6.3244795E-007, 3.1463062E-013, 7.4355626E-001
 8.0000000E+000, 2.4002119E+001, 9.9999553E-001, 7.2504929E-007, 3.8622182E-013, 7.4376303E-001
 1.0000000E+001, 2.5002119E+001, 9.9999398E-001, 8.3044341E-007, 4.7345141E-013, 7.4399835E-001
 1.2000000E+001, 2.6002119E+001, 9.9999219E-001, 9.5028975E-007, 5.7959269E-013, 7.4426579E-001
 1.4000000E+001, 2.7002119E+001, 9.9999017E-001, 1.0864486E-006, 7.0857388E-013, 7.4456972E-001
 1.6000000E+001, 2.8002117E+001, 9.9998784E-001, 1.2410032E-006, 8.6510334E-013, 7.4491465E-001
 1.8000000E+001, 2.9002117E+001, 9.9998522E-001, 1.4162853E-006, 1.0548171E-012, 7.4530584E-001
 2.0000000E+001, 3.0002117E+001, 9.9998218E-001, 1.6149011E-006, 1.2844538E-012, 7.4574900E-001
 2.2000000E+001, 3.1002117E+001, 9.9997872E-001, 1.8397625E-006, 1.5620591E-012, 7.4625063E-001
 2.4000000E+001, 3.2002117E+001, 9.9997479E-001, 2.0941186E-006, 1.8972287E-012, 7.4681807E-001
 2.6000000E+001, 3.3002117E+001, 9.9997032E-001, 2.3815928E-006, 2.3013921E-012, 7.4745935E-001
 2.8000000E+001, 3.4002117E+001, 9.9996525E-001, 2.7062215E-006, 2.7881475E-012, 7.4818343E-001
 3.0000000E+001, 3.5002117E+001, 9.9995947E-001, 3.0724968E-006, 3.3736527E-012, 7.4900025E-001
 3.2000000E+001, 3.6002117E+001, 9.9995291E-001, 3.4854145E-006, 4.0770850E-012, 7.4992108E-001
 3.4000000E+001, 3.7002113E+001, 9.9994546E-001, 3.9505239E-006, 4.9211793E-012, 7.5095814E-001
 3.6000000E+001, 3.8002113E+001, 9.9993706E-001, 4.4739854E-006, 5.9328558E-012, 7.5212526E-001
 3.8000000E+001, 3.9002113E+001, 9.9992752E-001, 5.0626281E-006, 7.1439547E-012, 7.5343752E-001
 4.0000000E+001, 4.0002113E+001, 9.9991673E-001, 5.7240181E-006, 8.5920914E-012, 7.5491178E-001
 4.2000000E+001, 4.1002113E+001, 9.9990457E-001, 6.4665278E-006, 1.0321657E-011, 7.5656670E-001
 4.4000000E+001, 4.2002110E+001, 9.9989080E-001, 7.2994135E-006, 1.2384976E-011, 7.5842285E-001
 4.6000000E+001, 4.3002110E+001, 9.9987531E-001, 8.2328952E-006, 1.4843663E-011, 7.6050299E-001
 4.8000000E+001, 4.4002110E+001, 9.9985778E-001, 9.2782484E-006, 1.7770183E-011, 7.6283216E-001
 5.0000000E+001, 4.5002106E+001, 9.9983811E-001, 1.0447896E-005, 2.1249684E-011, 7.6543802E-001
 5.2000000E+001, 4.6002106E+001, 9.9981588E-001, 1.1755506E-005, 2.5382099E-011, 7.6835090E-001
 5.4000000E+001, 4.7002106E+001, 9.9979097E-001, 1.3216108E-005, 3.0284594E-011, 7.7160418E-001
 5.6000000E+001, 4.8002102E+001, 9.9976289E-001, 1.4846193E-005, 3.6094395E-011, 7.7523458E-001
 5.8000000E+001, 4.9002102E+001, 9.9973142E-001, 1.6663842E-005, 4.2972063E-011, 7.7928227E-001
 6.0000000E+001, 5.0002098E+001, 9.9969608E-001, 1.8688841E-005, 5.1105259E-011, 7.8379118E-001
 6.2000000E+001, 5.1002094E+001, 9.9965650E-001, 2.0942816E-005, 6.0713115E-011, 7.8880930E-001
 6.4000000E+001, 5.2002094E+001, 9.9961215E-001, 2.3449358E-005, 7.2051233E-011, 7.9438907E-001
 6.6000000E+001, 5.3002090E+001, 9.9956250E-001, 2.6234162E-005, 8.5417493E-011, 8.0058742E-001
 6.8000000E+001, 5.4002087E+001, 9.9950695E-001, 2.9325149E-005, 1.0115866E-010, 8.0746645E-001
 7.0000000E+001, 5.5002083E+001, 9.9944490E-001, 3.2752607E-005, 1.1967810E-010, 8.1509328E-001
 7.2000000E+001, 5.6002079E+001, 9.9937570E-001, 3.6549314E-005, 1.4144450E-010, 8.2354063E-001
 7.4000000E+001, 5.7002071E+001, 9.9929839E-001, 4.0750641E-005, 1.6700191E-010, 8.3288693E-001
 7.6000000E+001, 5.8002068E+001, 9.9921232E-001, 4.5394674E-005, 1.9698145E-010, 8.4321660E-001
 7.8000000E+001, 5.9002060E+001, 9.9911648E-001, 5.0522274E-005, 2.3211433E-010, 8.5462010E-001
 8.0000000E+001, 6.0002056E+001, 9.9900985E-001, 5.6177156E-005, 2.7324720E-010, 8.6719435E-001
 8.2000000E+001, 6.1002048E+001, 9.9889129E-001, 6.2405881E-005, 3.2135936E-010, 8.8104230E-001
 8.4000000E+001, 6.2002041E+001, 9.9875975E-001, 6.9257876E-005, 3.7758255E-010, 8.9627331E-001
 8.6000000E+001, 6.3002033E+001, 9.9861377E-001, 7.6785305E-005, 4.4322374E-010, 9.1300273E-001
 8.8000000E+001, 6.4002022E+001, 9.9845201E-001, 8.5042964E-005, 5.1979071E-010, 9.3135166E-001
 9.0000000E+001, 6.5002014E+001, 9.9827296E-001, 9.4088027E-005, 6.0902172E-010, 9.5144624E-001
 9.2000000E+001, 6.6001999E+001, 9.9807501E-001, 1.0397974E-004, 7.1291895E-010, 9.7341710E-001
 9.4000000E+001, 6.7001991E+001, 9.9785638E-001, 1.1477894E-004, 8.3378671E-010, 9.9739820E-001
 9.6000000E+001, 6.8001976E+001, 9.9761516E-001, 1.2654750E-004, 9.7427522E-010, 1.0235257E+000
 9.8000000E+001, 6.9001961E+001, 9.9734938E-001, 1.3934755E-004, 1.1374296E-009, 1.0519359E+000
 1.0000000E+002, 7.0001945E+001, 9.9705690E-001, 1.5324053E-004, 1.3267466E-009, 1.0827634E+000
 1.0200000E+002, 7.1001930E+001, 9.9673545E-001, 1.6828606E-004, 1.5462386E-009, 1.1161383E+000
 1.0400000E+002, 7.2001907E+001, 9.9638277E-001, 1.8454049E-004, 1.8005056E-009, 1.1521834E+000
 1.0600000E+002, 7.3001892E+001, 9.9599630E-001, 2.0205526E-004, 2.0948183E-009, 1.1910095E+000
 1.0800000E+002, 7.4001869E+001, 9.9557352E-001, 2.2087495E-004, 2.4352107E-009, 1.2327123E+000
 1.1000000E+002, 7.5001846E+001, 9.9511170E-001, 2.4103490E-004, 2.8285869E-009, 1.2773662E+000
 1.1200000E+002, 7.6001823E+001, 9.9460822E-001, 2.6255875E-004, 3.2828402E-009, 1.3250186E+000
 1.1400000E+002, 7.7001793E+001, 9.9406034E-001, 2.8545532E-004, 3.8069889E-009, 1.3756843E+000
 1.1600000E+002, 7.8001770E+001, 9.9346530E-001, 3.0971554E-004, 4.4113300E-009, 1.4293362E+000
 1.1800000E+002, 7.9001740E+001, 9.9282032E-001, 3.3530866E-004, 5.1076112E-009, 1.4858994E+000
 1.2000000E+002, 8.0001709E+001, 9.9212295E-001, 3.6217866E-004, 5.9092282E-009, 1.5452416E+000
 1.2200000E+002, 8.1001678E+001, 9.9137056E-001, 3.9024002E-004, 6.8314443E-009, 1.6071637E+000
 1.2400000E+002, 8.2001640E+001, 9.9056095E-001, 4.1937386E-004, 7.8916385E-009, 1.6713918E+000
 1.2600000E+002, 8.3001610E+001, 9.8969215E-001, 4.4942385E-004, 9.1095860E-009, 1.7375680E+000
 1.2800000E+002, 8.4001572E+001, 9.8876250E-001, 4.8019260E-004, 1.0507772E-008, 1.8052419E+000
 1.3000000E+002, 8.5001541E+001, 9.8777074E-001, 5.1143829E-004, 1.2111743E-008, 1.8738638E+000
 1.3200000E+002, 8.6001503E+001, 9.8671627E-001, 5.4287253E-004, 1.3950505E-008, 1.9427793E+000
 1.3400000E+002, 8.7001465E+001, 9.8559904E-001, 5.7415885E-004, 1.6056962E-008, 2.0112267E+000
 1.3600000E+002, 8.8001434E+001, 9.8441970E-001, 6.0491305E-004, 1.8468416E-008, 2.0783381E+000
 1.3800000E+002, 8.9001404E+001, 9.8317975E-001, 6.3470518E-004, 2.1227111E-008, 2.1431434E+000
 1.4000000E+002, 9.0001366E+001, 9.8188156E-001, 6.6306361E-004, 2.4380851E-008, 2.2045805E+000
 1.4200000E+002, 9.1001343E+001, 9.8052853E-001, 6.8948220E-004, 2.7983683E-008, 2.2615108E+000
 1.4400000E+002, 9.2001312E+001, 9.7912502E-001, 7.1342959E-004, 3.2096651E-008, 2.3127410E+000
 1.4600000E+002, 9.3001289E+001, 9.7767657E-001, 7.3436176E-004, 3.6788631E-008, 2.3570523E+000
 1.4800000E+002, 9.4001274E+001, 9.7618973E-001, 7.5173762E-004, 4.2137266E-008, 2.3932335E+000
 1.5000000E+002, 9.5001259E+001, 9.7467220E-001, 7.6503708E-004, 4.8229989E-008, 2.4201243E+000
 1.5200000E+002, 9.6001251E+001, 9.7313255E-001, 7.7378144E-004, 5.5165145E-008, 2.4366598E+000
 1.5400000E+002, 9.7001251E+001, 9.7158033E-001, 7.7755487E-004, 6.3053243E-008, 2.4419193E+000
 1.5600000E+002, 9.8001251E+001, 9.7002584E-001, 7.7602681E-004, 7.2018338E-008, 2.4351771E+000
 1.5800000E+002, 9.9001259E+001, 9.6847993E-001, 7.6897308E-004, 8.2199520E-008, 2.4159489E+000
 1.6000000E+002, 1.0000127E+002, 9.6695381E-001, 7.5629435E-004, 9.3752625E-008, 2.3840339E+000
 1.6200000E+002, 1.0100130E+002, 9.6545863E-001, 7.3803106E-004, 1.0685206E-007, 2.3395486E+000
 1.6400000E+002, 1.0200133E+002, 9.6400547E-001, 7.1437255E-004, 1.2169282E-007, 2.2829442E+000
 1.6600000E+002, 1.0300137E+002, 9.6260476E-001, 6.8565947E-004, 1.3849281E-007, 2.2150149E+000
 1.6800000E+002, 1.0400140E+002, 9.6126622E-001, 6.5237813E-004, 1.5749529E-007, 2.1368816E+000
 1.7000000E+002, 1.0500145E+002, 9.5999825E-001, 6.1514729E-004, 1.7897170E-007, 2.0499628E+000
 1.7200000E+002, 1.0600150E+002, 9.5880812E-001, 5.7469652E-004, 2.0322470E-007, 1.9559250E+000
 1.7400000E+002, 1.0700155E+002, 9.5770150E-001, 5.3183828E-004, 2.3059167E-007, 1.8566188E+000
 1.7600000E+002, 1.0800160E+002, 9.5668226E-001, 4.8743450E-004, 2.6144841E-007, 1.7540029E+000
 1.7800000E+002, 1.0900166E+002, 9.5575267E-001, 4.4236035E-004, 2.9621347E-007, 1.6500620E+000
 1.8000000E+002, 1.1000171E+002, 9.5491314E-001, 3.9746737E-004, 3.3535275E-007, 1.5467240E+000
 1.8200000E+002, 1.1100176E+002, 9.5416260E-001, 3.5354914E-004, 3.7938474E-007, 1.4457816E+000
 1.8400000E+002, 1.1200181E+002, 9.5349824E-001, 3.1131142E-004, 4.2888615E-007, 1.3488256E+000
 1.8600000E+002, 1.1300185E+002, 9.5291620E-001, 2.7134881E-004, 4.8449834E-007, 1.2571927E+000
 1.8800000E+002, 1.1400190E+002, 9.5241141E-001, 2.3412940E-004, 5.4693413E-007, 1.1719308E+000
 1.9000000E+002, 1.1500194E+002, 9.5197803E-001, 1.9998796E-004, 6.1698546E-007, 1.0937846E+000
 1.9200000E+002, 1.1600198E+002, 9.5160961E-001, 1.6912700E-004, 6.9553175E-007, 1.0231981E+000
 1.9400000E+002, 1.1700201E+002, 9.5129955E-001, 1.4162534E-004, 7.8354918E-007, 9.6033525E-001
 1.9600000E+002, 1.1800204E+002, 9.5104116E-001, 1.1745217E-004, 8.8212039E-007, 9.0511191E-001
 1.9800000E+002, 1.1900206E+002, 9.5082784E-001, 9.6485317E-005, 9.9244573E-007, 8.5723728E-001
 2.0000000E+002, 1.2000208E+002, 9.5065337E-001, 7.8531331E-005, 1.1158554E-006, 8.1626040E-001
 2.0200000E+002, 1.2100210E+002, 9.5051199E-001, 6.3346139E-005, 1.2538219E-006, 7.8161675E-001
 2.0400000E+002, 1.2200211E+002, 9.5039845E-001, 5.0654457E-005, 1.4079752E-006, 7.5267220E-001
 2.0600000E+002, 1.2300213E+002, 9.5030802E-001, 4.0167066E-005, 1.5801179E-006, 7.2876233E-001
 2.0800000E+002, 1.2400214E+002, 9.5023662E-001, 3.1595126E-005, 1.7722423E-006, 7.0922518E-001
 2.1000000E+002, 1.2500214E+002, 9.5018065E-001, 2.4661354E-005, 1.9865493E-006, 6.9342583E-001
 2.1200000E+002, 1.2600215E+002, 9.5013714E-001, 1.9107998E-005, 2.2254692E-006, 6.8077493E-001
 2.1400000E+002, 1.2700216E+002, 9.5010352E-001, 1.4701888E-005, 2.4916828E-006, 6.7073959E-001
 2.1600000E+002, 1.2800217E+002, 9.5007771E-001, 1.1237028E-005, 2.7881474E-006, 6.6284961E-001
 2.1800000E+002, 1.2900217E+002, 9.5005810E-001, 8.5351685E-006, 3.1181219E-006, 6.5669811E-001
 2.2000000E+002, 1.3000217E+002, 9.5004320E-001, 6.4449096E-006, 3.4851967E-006, 6.5193987E-001
 2.2200000E+002, 1.3100217E+002, 9.5003200E-001, 4.8397901E-006, 3.8933244E-006, 6.4828646E-001
 2.2400000E+002, 1.3200217E+002, 9.5002359E-001, 3.6157642E-006, 4.3468558E-006, 6.4550084E-001
 2.2600000E+002, 1.3300217E+002, 9.5001733E-001, 2.6883995E-006, 4.8505754E-006, 6.4339066E-001
 2.2800000E+002, 1.3400217E+002, 9.5001268E-001, 1.9900344E-006, 5.4097427E-006, 6.4180160E-001
 2.3000000E+002, 1.3500217E+002, 9.5000929E-001, 1.4670669E-006, 6.0301377E-006, 6.4061177E-001
 2.3200000E+002, 1.3600217E+002, 9.5000678E-001, 1.0774759E-006, 6.7181077E-006, 6.3972551E-001
 2.3400000E+002, 1.3700217E+002, 9.5000488E-001, 7.8863422E-007, 7.4806198E-006, 6.3906842E-001
 2.3600000E+002, 1.3800217E+002, 9.5000356E-001, 5.7543139E-007, 8.3253180E-006, 6.3858348E-001
 2.3800000E+002, 1.3900217E+002, 9.5000255E-001, 4.1869626E-007, 9.2605860E-006, 6.3822693E-001
 2.4000000E+002, 1.4000217E+002, 9.5000184E-001, 3.0389978E-007, 1.0295612E-005, 6.3796586E-001
 2.4200000E+002, 1.4100217E+002, 9.5000136E-001, 2.2010484E-007, 1.1440461E-005, 6.3777518E-001
 2.4400000E+002, 1.4200217E+002, 9.5000094E-001, 1.5912848E-007, 1.2706158E-005, 6.3763648E-001
 2.4600000E+002, 1.4300217E+002, 9.5000070E-001, 1.1488252E-007, 1.4104766E-005, 6.3753581E-001
 2.4800000E+002, 1.4400217E+002, 9.5000046E-001, 8.2860254E-008, 1.5649484E-005, 6.3746291E-001
 2.5000000E+002, 1.4500217E+002, 9.5000035E-001, 5.9740998E-008, 1.7354749E-005, 6.3741028E-001
 2.5200000E+002, 1.4600217E+002, 9.5000023E-001, 4.3088146E-008, 1.9236331E-005, 6.3737231E-001
 2.5400000E+002, 1.4700217E+002, 9.5000017E-001, 3.1120571E-008, 2.1311467E-005, 6.3734496E-001
 2.5600000E+002, 1.4800217E+002, 9.5000011E-001, 2.2540702E-008, 2.3598976E-005, 6.3732541E-001
 2.5800000E+002, 1.4900217E+002, 9.5000011E-001, 1.6406181E-008, 2.6119398E-005, 6.3731128E-001
 2.6000000E+002, 1.5000217E+002, 9.5000005E-001, 1.2034526E-008, 2.8895145E-005, 6.3730121E-001
 2.6200000E+002, 1.5100217E+002, 9.5000005E-001, 8.9327239E-009, 3.1950654E-005, 6.3729405E-001
 2.6400000E+002, 1.5200217E+002, 9.4999999E-001, 6.7454646E-009, 3.5312569E-005, 6.3728893E-001
 2.6600000E+002, 1.5300217E+002, 9.4999999E-001, 5.2172529E-009, 3.9009905E-005, 6.3728529E-001
 2.6800000E+002, 1.5400217E+002, 9.4999999E-001, 4.1647650E-009, 4.3074277E-005, 6.3728267E-001
 2.7000000E+002, 1.5500217E+002, 9.4999999E-001, 3.4567578E-009, 4.7540096E-005, 6.3728088E-001
 2.7200000E+002, 1.5600217E+002, 9.4999999E-001, 2.9995104E-009, 5.2444801E-005, 6.3727963E-001
 2.7400000E+002, 1.5700217E+002, 9.4999999E-001, 2.7262987E-009, 5.7829115E-005, 6.3727880E-001
 2.7600000E+002, 1.5800217E+002, 9.4999999E-001, 2.5898066E-009, 6.3737316E-005, 6.3727814E-001
 2.7800000E+002, 1.5900217E+002, 9.4999999E-001, 2.5566662E-009, 7.0217517E-005, 6.3727778E-001
 2.8000000E+002, 1.6000217E+002, 9.4999999E-001, 2.6035369E-009, 7.7321980E-005, 6.3727754E-001
 2.8200000E+002, 1.6100217E+002, 9.4999993E-001, 2.7142959E-009, 8.5107466E-005, 6.3727748E-001
 2.8400000E+002, 1.6200217E+002, 9.4999993E-001, 2.8780265E-009, 9.3635572E-005, 6.3727748E-001
 2.8600000E+002, 1.6300217E+002, 9.4999993E-001, 3.0875831E-009, 1.0297312E-004, 6.3727748E-001
 2.8800000E+002, 1.6400217E+002, 9.4999993E-001, 3.3385683E-009, 1.1319260E-004, 6.3727760E-001
 2.9000000E+002, 1.6500217E+002, 9.4999993E-001, 3.6286067E-009, 1.2437256E-004, 6.3727772E-001
 2.9200000E+002, 1.6600217E+002, 9.4999993E-001, 3.9568291E-009, 1.3659814E-004, 6.3727790E-001
 2.9400000E+002, 1.6700217E+002, 9.4999993E-001, 4.3235109E-009, 1.4996159E-004, 6.3727814E-001
 2.9600000E+002, 1.6800217E+002, 9.4999993E-001, 4.7298174E-009, 1.6456273E-004, 6.3727832E-001
 2.9800000E+002, 1.6900217E+002, 9.4999987E-001, 5.1776299E-009, 1.8050964E-004, 6.3727862E-001
 3.0000000E+002, 1.7000217E+002, 9.4999987E-001, 5.6694258E-009, 1.9791923E-004, 6.3727897E-001
 3.0200000E+002, 1.7100217E+002, 9.4999987E-001, 6.2081993E-009, 2.1691798E-004, 6.3727927E-001
 3.0400000E+002, 1.7200217E+002, 9.4999987E-001, 6.7974133E-009, 2.3764257E-004, 6.3727969E-001
 3.0600000E+002, 1.7300217E+002, 9.4999987E-001, 7.4409705E-009, 2.6024075E-004, 6.3728011E-001
 3.0800000E+002, 1.7400217E+002, 9.4999981E-001, 8.1432026E-009, 2.8487205E-004, 6.3728052E-001
 3.1000000E+002, 1.7500217E+002, 9.4999981E-001, 8.9088701E-009, 3.1170886E-004, 6.3728106E-001
 3.1200000E+002, 1.7600217E+002, 9.4999981E-001, 9.7431689E-009, 3.4093714E-004, 6.3728160E-001
 3.1400000E+002, 1.7700217E+002, 9.4999975E-001, 1.0651751E-008, 3.7275764E-004, 6.3728219E-001
 3.1600000E+002, 1.7800217E+002, 9.4999975E-001, 1.1640738E-008, 4.0738680E-004, 6.3728285E-001
 3.1800000E+002, 1.7900217E+002, 9.4999975E-001, 1.2716758E-008, 4.4505813E-004, 6.3728350E-001
 3.2000000E+002, 1.8000217E+002, 9.4999969E-001, 1.3886968E-008, 4.8602314E-004, 6.3728428E-001
 3.2200000E+002, 1.8100217E+002, 9.4999969E-001, 1.5159088E-008, 5.3055299E-004, 6.3728517E-001
 3.2400000E+002, 1.8200217E+002, 9.4999963E-001, 1.6541447E-008, 5.7893962E-004, 6.3728601E-001
 3.2600000E+002, 1.8300217E+002, 9.4999963E-001, 1.8043012E-008, 6.3149736E-004, 6.3728702E-001
 3.2800000E+002, 1.8400217E+002, 9.4999957E-001, 1.9673445E-008, 6.8856467E-004, 6.3728809E-001
 3.3000000E+002, 1.8500217E+002, 9.4999951E-001, 2.1443137E-008, 7.5050548E-004, 6.3728923E-001
 3.3200000E+002, 1.8600217E+002, 9.4999945E-001, 2.3363272E-008, 8.1771135E-004, 6.3729048E-001
 3.3400000E+002, 1.8700217E+002, 9.4999945E-001, 2.5445873E-008, 8.9060329E-004, 6.3729179E-001
 3.3600000E+002, 1.8800217E+002, 9.4999939E-001, 2.7703868E-008, 9.6963369E-004, 6.3729328E-001
 3.3800000E+002, 1.8900217E+002, 9.4999933E-001, 3.0151138E-008, 1.0552887E-003, 6.3729489E-001
 3.4000000E+002, 1.9000217E+002, 9.4999927E-001, 3.2802607E-008, 1.1480905E-003, 6.3729662E-001
 3.4200000E+002, 1.9100217E+002, 9.4999921E-001, 3.5674290E-008, 1.2485995E-003, 6.3729846E-001
 3.4400000E+002, 1.9200217E+002, 9.4999909E-001, 3.8783373E-008, 1.3574176E-003, 6.3730055E-001
 3.4600000E+002, 1.9300217E+002, 9.4999903E-001, 4.2148301E-008, 1.4751903E-003, 6.3730270E-001
 3.4800000E+002, 1.9400217E+002, 9.4999897E-001, 4.5788866E-008, 1.6026101E-003, 6.3730508E-001
 3.5000000E+002, 1.9500217E+002, 9.4999886E-001, 4.9726278E-008, 1.7404197E-003, 6.3730764E-001
 3.5200000E+002, 1.9600217E+002, 9.4999874E-001, 5.3983282E-008, 1.8894147E-003, 6.3731045E-001
 3.5400000E+002, 1.9700217E+002, 9.4999862E-001, 5.8584238E-008, 2.0504484E-003, 6.3731343E-001
 3.5600000E+002, 1.9800217E+002, 9.4999850E-001, 6.3555255E-008, 2.2244339E-003, 6.3731664E-001
 3.5800000E+002, 1.9900217E+002, 9.4999838E-001, 6.8924287E-008, 2.4123501E-003, 6.3732016E-001
 3.6000000E+002, 2.0000217E+002, 9.4999826E-001, 7.4721257E-008, 2.6152441E-003, 6.3732392E-001
 3.6200000E+002, 2.0100217E+002, 9.4999808E-001, 8.0978189E-008, 2.8342367E-003, 6.3732797E-001
 3.6400000E+002, 2.0200217E+002, 9.4999790E-001, 8.7729347E-008, 3.0705272E-003, 6.3733238E-001
 3.6600000E+002, 2.0300217E+002, 9.4999772E-001, 9.5011373E-008, 3.3253981E-003, 6.3733715E-001
 3.6800000E+002, 2.0400217E+002, 9.4999754E-001, 1.0286344E-007, 3.6002204E-003, 6.3734227E-001
 3.7000000E+002, 2.0500217E+002, 9.4999731E-001, 1.1132742E-007, 3.8964599E-003, 6.3734770E-001
 3.7200000E+002, 2.0600217E+002, 9.4999707E-001, 1.2044808E-007, 4.2156829E-003, 6.3735366E-001
 3.7400000E+002, 2.0700217E+002, 9.4999683E-001, 1.3027318E-007, 4.5595616E-003, 6.3736010E-001
 3.7600000E+002, 2.0800217E+002, 9.4999659E-001, 1.4085379E-007, 4.9298829E-003, 6.3736689E-001
 3.7800000E+002, 2.0900217E+002, 9.4999629E-001, 1.5224438E-007, 5.3285533E-003, 6.3737434E-001
 3.8000000E+002, 2.1000217E+002, 9.4999593E-001, 1.6450309E-007, 5.7576085E-003, 6.3738233E-001
 3.8200000E+002, 2.1100217E+002, 9.4999564E-001, 1.7769197E-007, 6.2192194E-003, 6.3739091E-001
 3.8400000E+002, 2.1200217E+002, 9.4999522E-001, 1.9187719E-007, 6.7157024E-003, 6.3740009E-001
 3.8600000E+002, 2.1300217E+002, 9.4999486E-001, 2.0712930E-007, 7.2495257E-003, 6.3741004E-001
 3.8800000E+002, 2.1400217E+002, 9.4999439E-001, 2.2352350E-007, 7.8233229E-003, 6.3742071E-001
 3.9000000E+002, 2.1500217E+002, 9.4999397E-001, 2.4113993E-007, 8.4398976E-003, 6.3743210E-001
 3.9200000E+002, 2.1600217E+002, 9.4999343E-001, 2.6006398E-007, 9.1022393E-003, 6.3744444E-001
 3.9400000E+002, 2.1700217E+002, 9.4999290E-001, 2.8038656E-007, 9.8135294E-003, 6.3745761E-001
 3.9600000E+002, 2.1800217E+002, 9.4999230E-001, 3.0220448E-007, 1.0577157E-002, 6.3747185E-001
 3.9800000E+002, 2.1900217E+002, 9.4999170E-001, 3.2562082E-007, 1.1396729E-002, 6.3748705E-001
 4.0000000E+002, 2.2000217E+002, 9.4999105E-001, 3.5074518E-007, 1.2276082E-002, 6.3750339E-001
 4.0200000E+002, 2.2100217E+002, 9.4999027E-001, 3.7769428E-007, 1.3219301E-002, 6.3752085E-001
 4.0400000E+002, 2.2200217E+002, 9.4998950E-001, 4.0659211E-007, 1.4230724E-002, 6.3753968E-001
 4.0600000E+002, 2.2300217E+002, 9.4998866E-001, 4.3757061E-007, 1.5314972E-002, 6.3755971E-001
 4.0800000E+002, 2.2400217E+002, 9.4998777E-001, 4.7076998E-007, 1.6476950E-002, 6.3758135E-001
 4.1000000E+002, 2.2500217E+002, 9.4998676E-001, 5.0633912E-007, 1.7721871E-002, 6.3760436E-001
 4.1200000E+002, 2.2600217E+002, 9.4998574E-001, 5.4443638E-007, 1.9055275E-002, 6.3762915E-001
 4.1400000E+002, 2.2700217E+002, 9.4998461E-001, 5.8522983E-007, 2.0483045E-002, 6.3765556E-001
 4.1600000E+002, 2.2800217E+002, 9.4998336E-001, 6.2889779E-007, 2.2011425E-002, 6.3768393E-001
 4.1800000E+002, 2.2900217E+002, 9.4998211E-001, 6.7562985E-007, 2.3647046E-002, 6.3771427E-001
 4.2000000E+002, 2.3000217E+002, 9.4998068E-001, 7.2562688E-007, 2.5396941E-002, 6.3774669E-001
 4.2200000E+002, 2.3100217E+002, 9.4997919E-001, 7.7910209E-007, 2.7268576E-002, 6.3778138E-001
 4.2400000E+002, 2.3200217E+002, 9.4997758E-001, 8.3628174E-007, 2.9269863E-002, 6.3781846E-001
 4.2600000E+002, 2.3300217E+002, 9.4997585E-001, 8.9740553E-007, 3.1409197E-002, 6.3785809E-001
 4.2800000E+002, 2.3400217E+002, 9.4997394E-001, 9.6272765E-007, 3.3695471E-002, 6.3790047E-001
 4.3000000E+002, 2.3500217E+002, 9.4997197E-001, 1.0325175E-006, 3.6138114E-002, 6.3794571E-001
 4.3200000E+002, 2.3600217E+002, 9.4996983E-001, 1.1070603E-006, 3.8747113E-002, 6.3799405E-001
 4.3400000E+002, 2.3700217E+002, 9.4996756E-001, 1.1866583E-006, 4.1533045E-002, 6.3804561E-001
 4.3600000E+002, 2.3800217E+002, 9.4996506E-001, 1.2716317E-006, 4.4507112E-002, 6.3810074E-001
 4.3800000E+002, 2.3900217E+002, 9.4996244E-001, 1.3623192E-006, 4.7681175E-002, 6.3815951E-001
 4.4000000E+002, 2.4000217E+002, 9.4995964E-001, 1.4590793E-006, 5.1067777E-002, 6.3822222E-001
 4.4200000E+002, 2.4100217E+002, 9.4995660E-001, 1.5622912E-006, 5.4680198E-002, 6.3828903E-001
 4.4400000E+002, 2.4200217E+002, 9.4995338E-001, 1.6723565E-006, 5.8532480E-002, 6.3836044E-001
 4.4600000E+002, 2.4300217E+002, 9.4994992E-001, 1.7896992E-006, 6.2639475E-002, 6.3843638E-001
 4.4800000E+002, 2.4400217E+002, 9.4994622E-001, 1.9147681E-006, 6.7016885E-002, 6.3851732E-001
 4.5000000E+002, 2.4500217E+002, 9.4994223E-001, 2.0480372E-006, 7.1681306E-002, 6.3860375E-001
 4.5200000E+002, 2.4600217E+002, 9.4993800E-001, 2.1900073E-006, 7.6650262E-002, 6.3869560E-001
 4.5400000E+002, 2.4700217E+002, 9.4993347E-001, 2.3412078E-006, 8.1942283E-002, 6.3879353E-001
 4.5600000E+002, 2.4800217E+002, 9.4992864E-001, 2.5021975E-006, 8.7576926E-002, 6.3889772E-001
 4.5800000E+002, 2.4900217E+002, 9.4992346E-001, 2.6735665E-006, 9.3574837E-002, 6.3900864E-001
 4.6000000E+002, 2.5000217E+002, 9.4991791E-001, 2.8559375E-006, 9.9957824E-002, 6.3912672E-001
 4.6200000E+002, 2.5100217E+002, 9.4991201E-001, 3.0499677E-006, 1.0674888E-001, 6.3925219E-001
 4.6400000E+002, 2.5200217E+002, 9.4990569E-001, 3.2563505E-006, 1.1397228E-001, 6.3938588E-001
 4.6600000E+002, 2.5300217E+002, 9.4989902E-001, 3.4758168E-006, 1.2165360E-001, 6.3952780E-001
 4.6800000E+002, 2.5400217E+002, 9.4989181E-001, 3.7091379E-006, 1.2981984E-001, 6.3967884E-001
 4.7000000E+002, 2.5500217E+002, 9.4988412E-001, 3.9571264E-006, 1.3849944E-001, 6.3983917E-001
 4.7200000E+002, 2.5600217E+002, 9.4987595E-001, 4.2206379E-006, 1.4772235E-001, 6.4000958E-001
 4.7400000E+002, 2.5700217E+002, 9.4986725E-001, 4.5005759E-006, 1.5752017E-001, 6.4019060E-001
 4.7600000E+002, 2.5800217E+002, 9.4985795E-001, 4.7978897E-006, 1.6792616E-001, 6.4038289E-001
 4.7800000E+002, 2.5900217E+002, 9.4984806E-001, 5.1135798E-006, 1.7897531E-001, 6.4058697E-001
 4.8000000E+002, 2.6000217E+002, 9.4983751E-001, 5.4486995E-006, 1.9070451E-001, 6.4080358E-001
 4.8200000E+002, 2.6100217E+002, 9.4982624E-001, 5.8043570E-006, 2.0315254E-001, 6.4103341E-001
 4.8400000E+002, 2.6200217E+002, 9.4981426E-001, 6.1817186E-006, 2.1636018E-001, 6.4127731E-001
 4.8600000E+002, 2.6300217E+002, 9.4980150E-001, 6.5820095E-006, 2.3037039E-001, 6.4153606E-001
 4.8800000E+002, 2.6400217E+002, 9.4978791E-001, 7.0065198E-006, 2.4522825E-001, 6.4181030E-001
 4.9000000E+002, 2.6500217E+002, 9.4977343E-001, 7.4566046E-006, 2.6098120E-001, 6.4210099E-001
 4.9200000E+002, 2.6600217E+002, 9.4975805E-001, 7.9336869E-006, 2.7767912E-001, 6.4240921E-001
 4.9400000E+002, 2.6700217E+002, 9.4974166E-001, 8.4392632E-006, 2.9537430E-001, 6.4273572E-001
 4.9600000E+002, 2.6800217E+002, 9.4972426E-001, 8.9749037E-006, 3.1412172E-001, 6.4308155E-001
 4.9800000E+002, 2.6900217E+002, 9.4970572E-001, 9.5422583E-006, 3.3397913E-001, 6.4344794E-001
 5.0000000E+002, 2.7000217E+002, 9.4968605E-001, 1.0143057E-005, 3.5500708E-001, 6.4383578E-001
 5.0200000E+002, 2.7100217E+002, 9.4966513E-001, 1.0779114E-005, 3.7726912E-001, 6.4424634E-001
 5.0400000E+002, 2.7200217E+002, 9.4964290E-001, 1.1452335E-005, 4.0083188E-001, 6.4468086E-001
 5.0600000E+002, 2.7300217E+002, 9.4961929E-001, 1.2164715E-005, 4.2576522E-001, 6.4514053E-001
 5.0800000E+002, 2.7400217E+002, 9.4959420E-001, 1.2918348E-005, 4.5214239E-001, 6.4562678E-001
 5.1000000E+002, 2.7500217E+002, 9.4956762E-001, 1.3715424E-005, 4.8004007E-001, 6.4614111E-001
 5.1200000E+002, 2.7600217E+002, 9.4953930E-001, 1.4558239E-005, 5.0953865E-001, 6.4668471E-001
 5.1400000E+002, 2.7700217E+002, 9.4950932E-001, 1.5449197E-005, 5.4072219E-001, 6.4725941E-001
 5.1600000E+002, 2.7800217E+002, 9.4947749E-001, 1.6390812E-005, 5.7367879E-001, 6.4786661E-001
 5.1800000E+002, 2.7900217E+002, 9.4944370E-001, 1.7385715E-005, 6.0850042E-001, 6.4850807E-001
 5.2000000E+002, 2.8000217E+002, 9.4940788E-001, 1.8436656E-005, 6.4528352E-001, 6.4918560E-001
 5.2200000E+002, 2.8100217E+002, 9.4936991E-001, 1.9546515E-005, 6.8412858E-001, 6.4990097E-001
 5.2400000E+002, 2.8200217E+002, 9.4932967E-001, 2.0718291E-005, 7.2514087E-001, 6.5065622E-001
 5.2600000E+002, 2.8300217E+002, 9.4928700E-001, 2.1955126E-005, 7.6843017E-001, 6.5145326E-001
 5.2800000E+002, 2.8400217E+002, 9.4924176E-001, 2.3260292E-005, 8.1411111E-001, 6.5229416E-001
 5.3000000E+002, 2.8500217E+002, 9.4919389E-001, 2.4637209E-005, 8.6230338E-001, 6.5318120E-001
 5.3200000E+002, 2.8600217E+002, 9.4914317E-001, 2.6089441E-005, 9.1313159E-001, 6.5411657E-001
 5.3400000E+002, 2.8700217E+002, 9.4908947E-001, 2.7620701E-005, 9.6672589E-001, 6.5510279E-001
 5.3600000E+002, 2.8800217E+002, 9.4903260E-001, 2.9234861E-005, 1.0232217E+000, 6.5614218E-001
 5.3800000E+002, 2.8900217E+002, 9.4897246E-001, 3.0935953E-005, 1.0827601E+000, 6.5723735E-001
 5.4000000E+002, 2.9000217E+002, 9.4890881E-001, 3.2728167E-005, 1.1454879E+000, 6.5839106E-001
 5.4200000E+002, 2.9100217E+002, 9.4884145E-001, 3.4615867E-005, 1.2115579E+000, 6.5960598E-001
 5.4400000E+002, 2.9200217E+002, 9.4877023E-001, 3.6603593E-005, 1.2811285E+000, 6.6088510E-001
 5.4600000E+002, 2.9300217E+002, 9.4869494E-001, 3.8696046E-005, 1.3543649E+000, 6.6223133E-001
 5.4800000E+002, 2.9400217E+002, 9.4861537E-001, 4.0898125E-005, 1.4314381E+000, 6.6364789E-001
 5.5000000E+002, 2.9500217E+002, 9.4853127E-001, 4.3214899E-005, 1.5125258E+000, 6.6513801E-001
 5.5200000E+002, 2.9600217E+002, 9.4844240E-001, 4.5651632E-005, 1.5978121E+000, 6.6670507E-001
 5.5400000E+002, 2.9700217E+002, 9.4834852E-001, 4.8213769E-005, 1.6874875E+000, 6.6835237E-001
 5.5600000E+002, 2.9800217E+002, 9.4824940E-001, 5.0906950E-005, 1.7817497E+000, 6.7008364E-001
 5.5800000E+002, 2.9900217E+002, 9.4814479E-001, 5.3737011E-005, 1.8808029E+000, 6.7190260E-001
 5.6000000E+002, 3.0000217E+002, 9.4803435E-001, 5.6709981E-005, 1.9848578E+000, 6.7381299E-001
 5.6200000E+002, 3.0100217E+002, 9.4791782E-001, 5.9832080E-005, 2.0941327E+000, 6.7581892E-001
 5.6400000E+002, 3.0200217E+002, 9.4779491E-001, 6.3109735E-005, 2.2088521E+000, 6.7792439E-001
 5.6600000E+002, 3.0300214E+002, 9.4766521E-001, 6.6549561E-005, 2.3292475E+000, 6.8013352E-001
 5.6800000E+002, 3.0400214E+002, 9.4752854E-001, 7.0158363E-005, 2.4555576E+000, 6.8245071E-001
 5.7000000E+002, 3.0500214E+002, 9.4738448E-001, 7.3943156E-005, 2.5880272E+000, 6.8488044E-001
 5.7200000E+002, 3.0600214E+002, 9.4723260E-001, 7.7911121E-005, 2.7269087E+000, 6.8742722E-001
 5.7400000E+002, 3.0700214E+002, 9.4707263E-001, 8.2069644E-005, 2.8724597E+000, 6.9009572E-001
 5.7600000E+002, 3.0800214E+002, 9.4690418E-001, 8.6426284E-005, 3.0249453E+000, 6.9289070E-001
 5.7800000E+002, 3.0900214E+002, 9.4672674E-001, 9.0988768E-005, 3.1846361E+000, 6.9581717E-001
 5.8000000E+002, 3.1000214E+002, 9.4654000E-001, 9.5765005E-005, 3.3518085E+000, 6.9887990E-001
 5.8200000E+002, 3.1100214E+002, 9.4634348E-001, 1.0076306E-004, 3.5267451E+000, 7.0208412E-001
 5.8400000E+002, 3.1200214E+002, 9.4613677E-001, 1.0599111E-004, 3.7097323E+000, 7.0543504E-001
 5.8600000E+002, 3.1300214E+002, 9.4591933E-001, 1.1145752E-004, 3.9010627E+000, 7.0893782E-001
 5.8800000E+002, 3.1400214E+002, 9.4569069E-001, 1.1717073E-004, 4.1010323E+000, 7.1259773E-001
 5.9000000E+002, 3.1500214E+002, 9.4545043E-001, 1.2313933E-004, 4.3099408E+000, 7.1642029E-001
 5.9200000E+002, 3.1600214E+002, 9.4519794E-001, 1.2937193E-004, 4.5280910E+000, 7.2041082E-001
 5.9400000E+002, 3.1700214E+002, 9.4493270E-001, 1.3587727E-004, 4.7557883E+000, 7.2457474E-001
 5.9600000E+002, 3.1800214E+002, 9.4465417E-001, 1.4266410E-004, 4.9933391E+000, 7.2891766E-001
 5.9800000E+002, 3.1900214E+002, 9.4436175E-001, 1.4974119E-004, 5.2410502E+000, 7.3344475E-001
 6.0000000E+002, 3.2000214E+002, 9.4405490E-001, 1.5711731E-004, 5.4992294E+000, 7.3816180E-001
 6.0200000E+002, 3.2100211E+002, 9.4373304E-001, 1.6480117E-004, 5.7681818E+000, 7.4307394E-001
 6.0400000E+002, 3.2200211E+002, 9.4339544E-001, 1.7280145E-004, 6.0482106E+000, 7.4818671E-001
 6.0600000E+002, 3.2300211E+002, 9.4304150E-001, 1.8112666E-004, 6.3396149E+000, 7.5350517E-001
 6.0800000E+002, 3.2400211E+002, 9.4267058E-001, 1.8978522E-004, 6.6426888E+000, 7.5903457E-001
 6.1000000E+002, 3.2500211E+002, 9.4228202E-001, 1.9878532E-004, 6.9577198E+000, 7.6477993E-001
 6.1200000E+002, 3.2600211E+002, 9.4187516E-001, 2.0813492E-004, 7.2849874E+000, 7.7074599E-001
 6.1400000E+002, 3.2700211E+002, 9.4144917E-001, 2.1784173E-004, 7.6247606E+000, 7.7693748E-001
 6.1600000E+002, 3.2800211E+002, 9.4100344E-001, 2.2791309E-004, 7.9772983E+000, 7.8335869E-001
 6.1800000E+002, 3.2900211E+002, 9.4053715E-001, 2.3835598E-004, 8.3428440E+000, 7.9001379E-001
 6.2000000E+002, 3.3000211E+002, 9.4004965E-001, 2.4917690E-004, 8.7216263E+000, 7.9690665E-001
 6.2200000E+002, 3.3100208E+002, 9.3954009E-001, 2.6038187E-004, 9.1138582E+000, 8.0404061E-001
 6.2400000E+002, 3.3200208E+002, 9.3900776E-001, 2.7197637E-004, 9.5197296E+000, 8.1141889E-001
 6.2600000E+002, 3.3300208E+002, 9.3845183E-001, 2.8396520E-004, 9.9394102E+000, 8.1904393E-001
 6.2800000E+002, 3.3400208E+002, 9.3787152E-001, 2.9635249E-004, 1.0373046E+001, 8.2691801E-001
 6.3000000E+002, 3.3500208E+002, 9.3726599E-001, 3.0914159E-004, 1.0820754E+001, 8.3504277E-001
 6.3200000E+002, 3.3600208E+002, 9.3663454E-001, 3.2233499E-004, 1.1282625E+001, 8.4341913E-001
 6.3400000E+002, 3.3700208E+002, 9.3597627E-001, 3.3593431E-004, 1.1758715E+001, 8.5204774E-001
 6.3600000E+002, 3.3800204E+002, 9.3529040E-001, 3.4994015E-004, 1.2249046E+001, 8.6092824E-001
 6.3800000E+002, 3.3900204E+002, 9.3457609E-001, 3.6435208E-004, 1.2753607E+001, 8.7005973E-001
 6.4000000E+002, 3.4000204E+002, 9.3383259E-001, 3.7916849E-004, 1.3272341E+001, 8.7944043E-001
 6.4200000E+002, 3.4100204E+002, 9.3305898E-001, 3.9438662E-004, 1.3805154E+001, 8.8906789E-001
 6.4400000E+002, 3.4200204E+002, 9.3225461E-001, 4.1000239E-004, 1.4351904E+001, 8.9893860E-001
 6.4600000E+002, 3.4300204E+002, 9.3141860E-001, 4.2601037E-004, 1.4912406E+001, 9.0904832E-001
 6.4800000E+002, 3.4400201E+002, 9.3055016E-001, 4.4240378E-004, 1.5486423E+001, 9.1939181E-001
 6.5000000E+002, 3.4500201E+002, 9.2964852E-001, 4.5917428E-004, 1.6073666E+001, 9.2996287E-001
 6.5200000E+002, 3.4600201E+002, 9.2871302E-001, 4.7631201E-004, 1.6673794E+001, 9.4075423E-001
 6.5400000E+002, 3.4700201E+002, 9.2774290E-001, 4.9380562E-004, 1.7286413E+001, 9.5175749E-001
 6.5600000E+002, 3.4800201E+002, 9.2673737E-001, 5.1164202E-004, 1.7911066E+001, 9.6296340E-001
 6.5800000E+002, 3.4900201E+002, 9.2569590E-001, 5.2980654E-004, 1.8547247E+001, 9.7436112E-001
 6.6000000E+002, 3.5000198E+002, 9.2461777E-001, 5.4828275E-004, 1.9194382E+001, 9.8593926E-001
 6.6200000E+002, 3.5100198E+002, 9.2350239E-001, 5.6705251E-004, 1.9851843E+001, 9.9768484E-001
 6.6400000E+002, 3.5200198E+002, 9.2234921E-001, 5.8609608E-004, 2.0518944E+001, 1.0095841E+000
 6.6600000E+002, 3.5300198E+002, 9.2115766E-001, 6.0539192E-004, 2.1194933E+001, 1.0216217E+000
 6.6800000E+002, 3.5400198E+002, 9.1992730E-001, 6.2491669E-004, 2.1879005E+001, 1.0337816E+000
 6.7000000E+002, 3.5500195E+002, 9.1865766E-001, 6.4464565E-004, 2.2570297E+001, 1.0460465E+000
 6.7200000E+002, 3.5600195E+002, 9.1734838E-001, 6.6455227E-004, 2.3267887E+001, 1.0583979E+000
 6.7400000E+002, 3.5700195E+002, 9.1599917E-001, 6.8460841E-004, 2.3970800E+001, 1.0708162E+000
 6.7600000E+002, 3.5800195E+002, 9.1460967E-001, 7.0478464E-004, 2.4678013E+001, 1.0832810E+000
 6.7800000E+002, 3.5900195E+002, 9.1317976E-001, 7.2504999E-004, 2.5388449E+001, 1.0957712E+000
 6.8000000E+002, 3.6000192E+002, 9.1170925E-001, 7.4537226E-004, 2.6100992E+001, 1.1082643E+000
 6.8200000E+002, 3.6100192E+002, 9.1019803E-001, 7.6571805E-004, 2.6814484E+001, 1.1207374E+000
 6.8400000E+002, 3.6200192E+002, 9.0864617E-001, 7.8605302E-004, 2.7527735E+001, 1.1331667E+000
 6.8600000E+002, 3.6300192E+002, 9.0705365E-001, 8.0634188E-004, 2.8239517E+001, 1.1455280E+000
 6.8800000E+002, 3.6400189E+002, 9.0542066E-001, 8.2654873E-004, 2.8948591E+001, 1.1577965E+000
 6.9000000E+002, 3.6500189E+002, 9.0374732E-001, 8.4663706E-004, 2.9653688E+001, 1.1699471E+000
 6.9200000E+002, 3.6600189E+002, 9.0203398E-001, 8.6656999E-004, 3.0353537E+001, 1.1819544E+000
 6.9400000E+002, 3.6700189E+002, 9.0028101E-001, 8.8631059E-004, 3.1046858E+001, 1.1937928E+000
 6.9600000E+002, 3.6800189E+002, 8.9848870E-001, 9.0582209E-004, 3.1732376E+001, 1.2054373E+000
 6.9800000E+002, 3.6900186E+002, 8.9665771E-001, 9.2506775E-004, 3.2408833E+001, 1.2168623E+000
 7.0000000E+002, 3.7000186E+002, 8.9478844E-001, 9.4401161E-004, 3.3074978E+001, 1.2280430E+000
 7.0200000E+002, 3.7100186E+002, 8.9288169E-001, 9.6261839E-004, 3.3729599E+001, 1.2389548E+000
 7.0400000E+002, 3.7200186E+002, 8.9093804E-001, 9.8085369E-004, 3.4371513E+001, 1.2495739E+000
 7.0600000E+002, 3.7300186E+002, 8.8895833E-001, 9.9868432E-004, 3.4999588E+001, 1.2598774E+000
 7.0800000E+002, 3.7400186E+002, 8.8694340E-001, 1.0160787E-003, 3.5612728E+001, 1.2698430E+000
 7.1000000E+002, 3.7500183E+002, 8.8489419E-001, 1.0330068E-003, 3.6209911E+001, 1.2794498E+000
 7.1200000E+002, 3.7600183E+002, 8.8281155E-001, 1.0494402E-003, 3.6790176E+001, 1.2886776E+000
 7.1400000E+002, 3.7700183E+002, 8.8069659E-001, 1.0653529E-003, 3.7352627E+001, 1.2975080E+000
 7.1600000E+002, 3.7800183E+002, 8.7855035E-001, 1.0807210E-003, 3.7896465E+001, 1.3059238E+000
 7.1800000E+002, 3.7900183E+002, 8.7637395E-001, 1.0955229E-003, 3.8420959E+001, 1.3139095E+000
 7.2000000E+002, 3.8000183E+002, 8.7416852E-001, 1.1097396E-003, 3.8925480E+001, 1.3214509E+000
 7.2200000E+002, 3.8100183E+002, 8.7193525E-001, 1.1233551E-003, 3.9409489E+001, 1.3285360E+000
 7.2400000E+002, 3.8200180E+002, 8.6967534E-001, 1.1363558E-003, 3.9872559E+001, 1.3351542E+000
 7.2600000E+002, 3.8300180E+002, 8.6739010E-001, 1.1487313E-003, 4.0314350E+001, 1.3412973E+000
 7.2800000E+002, 3.8400180E+002, 8.6508071E-001, 1.1604743E-003, 4.0734642E+001, 1.3469583E+000
 7.3000000E+002, 3.8500180E+002, 8.6274850E-001, 1.1715802E-003, 4.1133320E+001, 1.3521329E+000
 7.3200000E+002, 3.8600180E+002, 8.6039472E-001, 1.1820478E-003, 4.1510384E+001, 1.3568182E+000
 7.3400000E+002, 3.8700180E+002, 8.5802066E-001, 1.1918790E-003, 4.1865932E+001, 1.3610137E+000
 7.3600000E+002, 3.8800180E+002, 8.5562754E-001, 1.2010789E-003, 4.2200188E+001, 1.3647206E+000
 7.3800000E+002, 3.8900180E+002, 8.5321665E-001, 1.2096554E-003, 4.2513477E+001, 1.3679421E+000
 7.4000000E+002, 3.9000180E+002, 8.5078925E-001, 1.2176199E-003, 4.2806232E+001, 1.3706834E+000
 7.4200000E+002, 3.9100180E+002, 8.4834653E-001, 1.2249864E-003, 4.3079002E+001, 1.3729519E+000
 7.4400000E+002, 3.9200180E+002, 8.4588963E-001, 1.2317719E-003, 4.3332424E+001, 1.3747561E+000
 7.4600000E+002, 3.9300180E+002, 8.4341973E-001, 1.2379964E-003, 4.3567253E+001, 1.3761069E+000
 7.4800000E+002, 3.9400180E+002, 8.4093791E-001, 1.2436823E-003, 4.3784321E+001, 1.3770165E+000
 7.5000000E+002, 3.9500180E+002, 8.3844531E-001, 1.2488549E-003, 4.3984562E+001, 1.3774989E+000
 7.5200000E+002, 3.9600180E+002, 8.3594280E-001, 1.2535417E-003, 4.4168999E+001, 1.3775693E+000
 7.5400000E+002, 3.9700180E+002, 8.3343136E-001, 1.2577726E-003, 4.4338730E+001, 1.3772448E+000
 7.5600000E+002, 3.9800180E+002, 8.3091193E-001, 1.2615793E-003, 4.4494926E+001, 1.3765433E+000
 7.5800000E+002, 3.9900180E+002, 8.2838529E-001, 1.2649962E-003, 4.4638836E+001, 1.3754842E+000
 7.6000000E+002, 4.0000180E+002, 8.2585216E-001, 1.2680587E-003, 4.4771770E+001, 1.3740879E+000
 7.6200000E+002, 4.0100180E+002, 8.2331324E-001, 1.2708041E-003, 4.4895088E+001, 1.3723755E+000
 7.6400000E+002, 4.0200180E+002, 8.2076913E-001, 1.2732713E-003, 4.5010216E+001, 1.3703691E+000
 7.6600000E+002, 4.0300180E+002, 8.1822026E-001, 1.2755002E-003, 4.5118607E+001, 1.3680918E+000
 7.6800000E+002, 4.0400180E+002, 8.1566721E-001, 1.2775320E-003, 4.5221764E+001, 1.3655668E+000
 7.7000000E+002, 4.0500180E+002, 8.1311023E-001, 1.2794085E-003, 4.5321220E+001, 1.3628184E+000
 7.7200000E+002, 4.0600180E+002, 8.1054962E-001, 1.2811725E-003, 4.5418533E+001, 1.3598706E+000
 7.7400000E+002, 4.0700180E+002, 8.0798560E-001, 1.2828673E-003, 4.5515282E+001, 1.3567480E+000
 7.7600000E+002, 4.0800180E+002, 8.0541819E-001, 1.2845363E-003, 4.5613056E+001, 1.3534756E+000
 7.7800000E+002, 4.0900180E+002, 8.0284739E-001, 1.2862235E-003, 4.5713448E+001, 1.3500779E+000
 7.8000000E+002, 4.1000180E+002, 8.0027324E-001, 1.2879727E-003, 4.5818062E+001, 1.3465800E+000
 7.8200000E+002, 4.1100180E+002, 7.9769540E-001, 1.2898276E-003, 4.5928493E+001, 1.3430065E+000
 7.8400000E+002, 4.1200180E+002, 7.9511380E-001, 1.2918316E-003, 4.6046326E+001, 1.3393817E+000
 7.8600000E+002, 4.1300180E+002, 7.9252797E-001, 1.2940279E-003, 4.6173126E+001, 1.3357298E+000
 7.8800000E+002, 4.1400183E+002, 7.8993750E-001, 1.2964588E-003, 4.6310444E+001, 1.3320746E+000
 7.9000000E+002, 4.1500183E+002, 7.8734189E-001, 1.2991660E-003, 4.6459805E+001, 1.3284392E+000
 7.9200000E+002, 4.1600183E+002, 7.8474057E-001, 1.3021905E-003, 4.6622696E+001, 1.3248466E+000
 7.9400000E+002, 4.1700183E+002, 7.8213286E-001, 1.3055721E-003, 4.6800575E+001, 1.3213189E+000
 7.9600000E+002, 4.1800183E+002, 7.7951801E-001, 1.3093498E-003, 4.6994858E+001, 1.3178773E+000
 7.9800000E+002, 4.1900183E+002, 7.7689517E-001, 1.3135610E-003, 4.7206909E+001, 1.3145427E+000
 8.0000000E+002, 4.2000183E+002, 7.7426338E-001, 1.3182421E-003, 4.7438057E+001, 1.3113350E+000
 8.0200000E+002, 4.2100183E+002, 7.7162176E-001, 1.3234275E-003, 4.7689556E+001, 1.3082733E+000
 8.0400000E+002, 4.2200183E+002, 7.6896930E-001, 1.3291506E-003, 4.7962620E+001, 1.3053756E+000
 8.0600000E+002, 4.2300183E+002, 7.6630473E-001, 1.3354426E-003, 4.8258385E+001, 1.3026594E+000
 8.0800000E+002, 4.2400183E+002, 7.6362705E-001, 1.3423334E-003, 4.8577927E+001, 1.3001409E+000
 8.1000000E+002, 4.2500183E+002, 7.6093495E-001, 1.3498502E-003, 4.8922245E+001, 1.2978350E+000
 8.1200000E+002, 4.2600183E+002, 7.5822711E-001, 1.3580188E-003, 4.9292267E+001, 1.2957560E+000
 8.1400000E+002, 4.2700183E+002, 7.5550234E-001, 1.3668626E-003, 4.9688828E+001, 1.2939167E+000
 8.1600000E+002, 4.2800183E+002, 7.5275910E-001, 1.3764024E-003, 5.0112690E+001, 1.2923290E+000
 8.1800000E+002, 4.2900183E+002, 7.4999613E-001, 1.3866572E-003, 5.0564514E+001, 1.2910033E+000
 8.2000000E+002, 4.3000183E+002, 7.4721187E-001, 1.3976430E-003, 5.1044872E+001, 1.2899489E+000
 8.2200000E+002, 4.3100183E+002, 7.4440497E-001, 1.4093732E-003, 5.1554234E+001, 1.2891738E+000
 8.2400000E+002, 4.3200183E+002, 7.4157375E-001, 1.4218588E-003, 5.2092968E+001, 1.2886848E+000
 8.2600000E+002, 4.3300183E+002, 7.3871690E-001, 1.4351076E-003, 5.2661331E+001, 1.2884872E+000
 8.2800000E+002, 4.3400183E+002, 7.3583269E-001, 1.4491243E-003, 5.3259472E+001, 1.2885846E+000
 8.3000000E+002, 4.3500183E+002, 7.3291969E-001, 1.4639109E-003, 5.3887413E+001, 1.2889795E+000
 8.3200000E+002, 4.3600183E+002, 7.2997642E-001, 1.4794661E-003, 5.4545059E+001, 1.2896731E+000
 8.3400000E+002, 4.3700183E+002, 7.2700119E-001, 1.4957852E-003, 5.5232197E+001, 1.2906647E+000
 8.3600000E+002, 4.3800183E+002, 7.2399259E-001, 1.5128601E-003, 5.5948475E+001, 1.2919521E+000
 8.3800000E+002, 4.3900183E+002, 7.2094905E-001, 1.5306791E-003, 5.6693405E+001, 1.2935320E+000
 8.4000000E+002, 4.4000183E+002, 7.1786922E-001, 1.5492270E-003, 5.7466366E+001, 1.2953990E+000
 8.4200000E+002, 4.4100183E+002, 7.1475148E-001, 1.5684853E-003, 5.8266598E+001, 1.2975460E+000
 8.4400000E+002, 4.4200183E+002, 7.1159458E-001, 1.5884310E-003, 5.9093193E+001, 1.2999650E+000
 8.4600000E+002, 4.4300183E+002, 7.0839715E-001, 1.6090379E-003, 5.9945091E+001, 1.3026458E+000
 8.4800000E+002, 4.4400183E+002, 7.0515782E-001, 1.6302754E-003, 6.0821095E+001, 1.3055764E+000
 8.5000000E+002, 4.4500183E+002, 7.0187545E-001, 1.6521093E-003, 6.1719845E+001, 1.3087437E+000
 8.5200000E+002, 4.4600183E+002, 6.9854879E-001, 1.6745016E-003, 6.2639832E+001, 1.3121326E+000
 8.5400000E+002, 4.4700183E+002, 6.9517684E-001, 1.6974097E-003, 6.3579395E+001, 1.3157262E+000
 8.5600000E+002, 4.4800183E+002, 6.9175863E-001, 1.7207875E-003, 6.4536713E+001, 1.3195062E+000
 8.5800000E+002, 4.4900183E+002, 6.8829316E-001, 1.7445849E-003, 6.5509827E+001, 1.3234527E+000
 8.6000000E+002, 4.5000183E+002, 6.8477976E-001, 1.7687476E-003, 6.6496597E+001, 1.3275439E+000
 8.6200000E+002, 4.5100183E+002, 6.8121773E-001, 1.7932176E-003, 6.7494766E+001, 1.3317569E+000
 8.6400000E+002, 4.5200180E+002, 6.7760652E-001, 1.8179332E-003, 6.8501915E+001, 1.3360672E+000
 8.6600000E+002, 4.5300180E+002, 6.7394567E-001, 1.8428287E-003, 6.9515472E+001, 1.3404483E+000
 8.6800000E+002, 4.5400180E+002, 6.7023486E-001, 1.8678352E-003, 7.0532753E+001, 1.3448727E+000
 8.7000000E+002, 4.5500180E+002, 6.6647404E-001, 1.8928801E-003, 7.1550911E+001, 1.3493119E+000
 8.7200000E+002, 4.5600180E+002, 6.6266310E-001, 1.9178877E-003, 7.2567001E+001, 1.3537356E+000
 8.7400000E+002, 4.5700180E+002, 6.5880233E-001, 1.9427794E-003, 7.3577957E+001, 1.3581123E+000
 8.7600000E+002, 4.5800180E+002, 6.5489191E-001, 1.9674739E-003, 7.4580589E+001, 1.3624104E+000
 8.7800000E+002, 4.5900180E+002, 6.5093237E-001, 1.9918869E-003, 7.5571640E+001, 1.3665961E+000
 8.8000000E+002, 4.6000180E+002, 6.4692432E-001, 2.0159327E-003, 7.6547745E+001, 1.3706359E+000
 8.8200000E+002, 4.6100180E+002, 6.4286870E-001, 2.0395233E-003, 7.7505478E+001, 1.3744947E+000
 8.8400000E+002, 4.6200180E+002, 6.3876635E-001, 2.0625694E-003, 7.8441360E+001, 1.3781378E+000
 8.8600000E+002, 4.6300180E+002, 6.3461858E-001, 2.0849805E-003, 7.9351860E+001, 1.3815297E+000
 8.8800000E+002, 4.6400180E+002, 6.3042670E-001, 2.1066656E-003, 8.0233437E+001, 1.3846347E+000
 8.9000000E+002, 4.6500180E+002, 6.2619227E-001, 2.1275333E-003, 8.1082527E+001, 1.3874173E+000
 8.9200000E+002, 4.6600180E+002, 6.2191701E-001, 2.1474925E-003, 8.1895592E+001, 1.3898420E+000
 8.9400000E+002, 4.6700180E+002, 6.1760277E-001, 2.1664531E-003, 8.2669106E+001, 1.3918741E+000
 8.9600000E+002, 4.6800180E+002, 6.1325169E-001, 2.1843256E-003, 8.3399612E+001, 1.3934790E+000
 8.9800000E+002, 4.6900177E+002, 6.0886610E-001, 2.2010233E-003, 8.4083694E+001, 1.3946233E+000
 9.0000000E+002, 4.7000177E+002, 6.0444832E-001, 2.2164606E-003, 8.4718048E+001, 1.3952746E+000
 9.0200000E+002, 4.7100177E+002, 6.0000098E-001, 2.2305555E-003, 8.5299477E+001, 1.3954015E+000
 9.0400000E+002, 4.7200177E+002, 5.9552687E-001, 2.2432292E-003, 8.5824905E+001, 1.3949741E+000
 9.0600000E+002, 4.7300177E+002, 5.9102893E-001, 2.2544065E-003, 8.6291412E+001, 1.3939644E+000
 9.0800000E+002, 4.7400180E+002, 5.8651018E-001, 2.2640165E-003, 8.6696243E+001, 1.3923459E+000
 9.1000000E+002, 4.7500180E+002, 5.8197391E-001, 2.2719938E-003, 8.7036850E+001, 1.3900942E+000
 9.1200000E+002, 4.7600180E+002, 5.7742327E-001, 2.2782774E-003, 8.7310860E+001, 1.3871875E+000
 9.1400000E+002, 4.7700180E+002, 5.7286191E-001, 2.2828130E-003, 8.7516159E+001, 1.3836060E+000
 9.1600000E+002, 4.7800180E+002, 5.6829321E-001, 2.2855515E-003, 8.7650864E+001, 1.3793323E+000
 9.1800000E+002, 4.7900180E+002, 5.6372088E-001, 2.2864516E-003, 8.7713341E+001, 1.3743525E+000
 9.2000000E+002, 4.8000180E+002, 5.5914867E-001, 2.2854779E-003, 8.7702232E+001, 1.3686546E+000
 9.2200000E+002, 4.8100180E+002, 5.5458027E-001, 2.2826032E-003, 8.7616470E+001, 1.3622302E+000
 9.2400000E+002, 4.8200180E+002, 5.5001956E-001, 2.2778066E-003, 8.7455276E+001, 1.3550736E+000
 9.2600000E+002, 4.8300180E+002, 5.4547036E-001, 2.2710760E-003, 8.7218163E+001, 1.3471822E+000
 9.2800000E+002, 4.8400180E+002, 5.4093659E-001, 2.2624067E-003, 8.6904953E+001, 1.3385568E+000
 9.3000000E+002, 4.8500183E+002, 5.3642213E-001, 2.2518018E-003, 8.6515785E+001, 1.3292013E+000
 9.3200000E+002, 4.8600183E+002, 5.3193080E-001, 2.2392725E-003, 8.6051109E+001, 1.3191227E+000
 9.3400000E+002, 4.8700183E+002, 5.2746648E-001, 2.2248381E-003, 8.5511665E+001, 1.3083309E+000
 9.3600000E+002, 4.8800183E+002, 5.2303284E-001, 2.2085255E-003, 8.4898529E+001, 1.2968394E+000
 9.3800000E+002, 4.8900183E+002, 5.1863378E-001, 2.1903694E-003, 8.4213058E+001, 1.2846646E+000
 9.4000000E+002, 4.9000186E+002, 5.1427275E-001, 2.1704119E-003, 8.3456894E+001, 1.2718254E+000
 9.4200000E+002, 4.9100186E+002, 5.0995350E-001, 2.1487023E-003, 8.2631973E+001, 1.2583442E+000
 9.4400000E+002, 4.9200186E+002, 5.0567931E-001, 2.1252967E-003, 8.1740486E+001, 1.2442455E+000
 9.4600000E+002, 4.9300186E+002, 5.0145364E-001, 2.1002579E-003, 8.0784904E+001, 1.2295567E+000
 9.4800000E+002, 4.9400189E+002, 4.9727958E-001, 2.0736549E-003, 7.9767899E+001, 1.2143072E+000
 9.5000000E+002, 4.9500189E+002, 4.9316028E-001, 2.0455616E-003, 7.8692383E+001, 1.1985288E+000
 9.5200000E+002, 4.9600189E+002, 4.8909858E-001, 2.0160575E-003, 7.7561462E+001, 1.1822549E+000
 9.5400000E+002, 4.9700189E+002, 4.8509723E-001, 1.9852270E-003, 7.6378426E+001, 1.1655213E+000
 9.5600000E+002, 4.9800192E+002, 4.8115879E-001, 1.9531578E-003, 7.5146706E+001, 1.1483644E+000
 9.5800000E+002, 4.9900192E+002, 4.7728568E-001, 1.9199414E-003, 7.3869881E+001, 1.1308224E+000
 9.6000000E+002, 5.0000192E+002, 4.7348008E-001, 1.8856720E-003, 7.2551620E+001, 1.1129344E+000
 9.6200000E+002, 5.0100195E+002, 4.6974400E-001, 1.8504460E-003, 7.1195702E+001, 1.0947399E+000
 9.6400000E+002, 5.0200195E+002, 4.6607924E-001, 1.8143614E-003, 6.9805946E+001, 1.0762794E+000
 9.6600000E+002, 5.0300195E+002, 4.6248740E-001, 1.7775171E-003, 6.8386230E+001, 1.0575932E+000
 9.6800000E+002, 5.0400195E+002, 4.5896998E-001, 1.7400126E-003, 6.6940422E+001, 1.0387222E+000
 9.7000000E+002, 5.0500198E+002, 4.5552811E-001, 1.7019470E-003, 6.5472412E+001, 1.0197061E+000
 9.7200000E+002, 5.0600198E+002, 4.5216286E-001, 1.6634186E-003, 6.3986027E+001, 1.0005852E+000
 9.7400000E+002, 5.0700198E+002, 4.4887507E-001, 1.6245247E-003, 6.2485077E+001, 9.8139846E-001
 9.7600000E+002, 5.0800201E+002, 4.4566536E-001, 1.5853606E-003, 6.0973278E+001, 9.6218431E-001
 9.7800000E+002, 5.0900201E+002, 4.4253415E-001, 1.5460195E-003, 5.9454266E+001, 9.4297993E-001
 9.8000000E+002, 5.1000201E+002, 4.3948171E-001, 1.5065914E-003, 5.7931576E+001, 9.2382133E-001
 9.8200000E+002, 5.1100204E+002, 4.3650818E-001, 1.4671640E-003, 5.6408615E+001, 9.0474325E-001
 9.8400000E+002, 5.1200208E+002, 4.3361339E-001, 1.4278210E-003, 5.4888660E+001, 8.8577890E-001
 9.8600000E+002, 5.1300208E+002, 4.3079716E-001, 1.3886426E-003, 5.3374844E+001, 8.6695987E-001
 9.8800000E+002, 5.1400208E+002, 4.2805907E-001, 1.3497047E-003, 5.1870140E+001, 8.4831589E-001
 9.9000000E+002, 5.1500208E+002, 4.2539853E-001, 1.3110792E-003, 5.0377350E+001, 8.2987493E-001
 9.9200000E+002, 5.1600208E+002, 4.2281488E-001, 1.2728338E-003, 4.8899113E+001, 8.1166345E-001
 9.9400000E+002, 5.1700208E+002, 4.2030728E-001, 1.2350311E-003, 4.7437889E+001, 7.9370528E-001
 9.9600000E+002, 5.1800208E+002, 4.1787478E-001, 1.1977294E-003, 4.5995953E+001, 7.7602303E-001
 9.9800000E+002, 5.1900214E+002, 4.1551635E-001, 1.1609822E-003, 4.4575390E+001, 7.5863677E-001
 1.0000000E+003, 5.2000214E+002, 4.1323084E-001, 1.1248384E-003, 4.3178116E+001, 7.4156499E-001
 1.0020000E+003, 5.2100214E+002, 4.1101694E-001, 1.0893418E-003, 4.1805855E+001, 7.2482401E-001
 1.0040000E+003, 5.2200214E+002, 4.0887335E-001, 1.0545320E-003, 4.0460140E+001, 7.0842832E-001
 1.0060000E+003, 5.2300214E+002, 4.0679866E-001, 1.0204439E-003, 3.9142338E+001, 6.9239044E-001
 1.0080000E+003, 5.2400214E+002, 4.0479141E-001, 9.8710763E-004, 3.7853642E+001, 6.7672110E-001
 1.0100000E+003, 5.2500214E+002, 4.0285006E-001, 9.5454924E-004, 3.6595058E+001, 6.6142917E-001
 1.0120000E+003, 5.2600220E+002, 4.0097299E-001, 9.2279050E-004, 3.5367447E+001, 6.4652199E-001
 1.0140000E+003, 5.2700220E+002, 3.9915866E-001, 8.9184911E-004, 3.4171505E+001, 6.3200504E-001
 1.0160000E+003, 5.2800220E+002, 3.9740536E-001, 8.6173898E-004, 3.3007774E+001, 6.1788243E-001
 1.0180000E+003, 5.2900220E+002, 3.9571142E-001, 8.3247031E-004, 3.1876657E+001, 6.0415655E-001
 1.0200000E+003, 5.3000220E+002, 3.9407519E-001, 8.0404984E-004, 3.0778425E+001, 5.9082866E-001
 1.0220000E+003, 5.3100220E+002, 3.9249495E-001, 7.7648117E-004, 2.9713217E+001, 5.7789844E-001
 1.0240000E+003, 5.3200220E+002, 3.9096898E-001, 7.4976479E-004, 2.8681059E+001, 5.6536472E-001
 1.0260000E+003, 5.3300220E+002, 3.8949558E-001, 7.2389835E-004, 2.7681864E+001, 5.5322486E-001
 1.0280000E+003, 5.3400220E+002, 3.8807309E-001, 6.9887709E-004, 2.6715445E+001, 5.4147542E-001
 1.0300000E+003, 5.3500226E+002, 3.8669977E-001, 6.7469367E-004, 2.5781527E+001, 5.3011185E-001
 1.0320000E+003, 5.3600226E+002, 3.8537398E-001, 6.5133878E-004, 2.4879744E+001, 5.1912892E-001
 1.0340000E+003, 5.3700226E+002, 3.8409409E-001, 6.2880106E-004, 2.4009661E+001, 5.0852066E-001
 1.0360000E+003, 5.3800226E+002, 3.8285846E-001, 6.0706749E-004, 2.3170771E+001, 4.9828029E-001
 1.0380000E+003, 5.3900226E+002, 3.8166550E-001, 5.8612350E-004, 2.2362509E+001, 4.8840043E-001
 1.0400000E+003, 5.4000226E+002, 3.8051367E-001, 5.6595315E-004, 2.1584261E+001, 4.7887334E-001
 1.0420000E+003, 5.4100226E+002, 3.7940139E-001, 5.4653938E-004, 2.0835360E+001, 4.6969074E-001
 1.0440000E+003, 5.4200226E+002, 3.7832719E-001, 5.2786415E-004, 2.0115105E+001, 4.6084413E-001
 1.0460000E+003, 5.4300226E+002, 3.7728962E-001, 5.0990848E-004, 1.9422764E+001, 4.5232436E-001
 1.0480000E+003, 5.4400226E+002, 3.7628728E-001, 4.9265288E-004, 1.8757576E+001, 4.4412243E-001
 1.0500000E+003, 5.4500226E+002, 3.7531874E-001, 4.7607717E-004, 1.8118759E+001, 4.3622905E-001
 1.0520000E+003, 5.4600226E+002, 3.7438270E-001, 4.6016090E-004, 1.7505518E+001, 4.2863464E-001
 1.0540000E+003, 5.4700226E+002, 3.7347782E-001, 4.4488328E-004, 1.6917044E+001, 4.2132971E-001
 1.0560000E+003, 5.4800226E+002, 3.7260291E-001, 4.3022333E-004, 1.6352522E+001, 4.1430473E-001
 1.0580000E+003, 5.4900232E+002, 3.7175667E-001, 4.1616004E-004, 1.5811135E+001, 4.0755010E-001
 1.0600000E+003, 5.5000232E+002, 3.7093800E-001, 4.0267242E-004, 1.5292069E+001, 4.0105632E-001
 1.0620000E+003, 5.5100232E+002, 3.7014577E-001, 3.8973961E-004, 1.4794511E+001, 3.9481401E-001
 1.0640000E+003, 5.5200232E+002, 3.6937883E-001, 3.7734085E-004, 1.4317656E+001, 3.8881376E-001
 1.0660000E+003, 5.5300232E+002, 3.6863616E-001, 3.6545578E-004, 1.3860709E+001, 3.8304645E-001
 1.0680000E+003, 5.5400232E+002, 3.6791679E-001, 3.5406416E-004, 1.3422887E+001, 3.7750307E-001
 1.0700000E+003, 5.5500232E+002, 3.6721972E-001, 3.4314630E-004, 1.3003422E+001, 3.7217483E-001
 1.0720000E+003, 5.5600232E+002, 3.6654401E-001, 3.3268277E-004, 1.2601560E+001, 3.6705297E-001
 1.0740000E+003, 5.5700232E+002, 3.6588880E-001, 3.2265464E-004, 1.2216565E+001, 3.6212897E-001
 1.0760000E+003, 5.5800232E+002, 3.6525321E-001, 3.1304348E-004, 1.1847719E+001, 3.5739478E-001
 1.0780000E+003, 5.5900232E+002, 3.6463645E-001, 3.0383130E-004, 1.1494325E+001, 3.5284230E-001
 1.0800000E+003, 5.6000232E+002, 3.6403772E-001, 2.9500065E-004, 1.1155703E+001, 3.4846398E-001
 1.0820000E+003, 5.6100232E+002, 3.6345628E-001, 2.8653463E-004, 1.0831196E+001, 3.4425199E-001
 1.0840000E+003, 5.6200232E+002, 3.6289144E-001, 2.7841690E-004, 1.0520169E+001, 3.4019947E-001
 1.0860000E+003, 5.6300232E+002, 3.6234248E-001, 2.7063166E-004, 1.0222008E+001, 3.3629912E-001
 1.0880000E+003, 5.6400232E+002, 3.6180878E-001, 2.6316362E-004, 9.9361181E+000, 3.3254430E-001
 1.0900000E+003, 5.6500232E+002, 3.6128968E-001, 2.5599811E-004, 9.6619320E+000, 3.2892847E-001
 1.0920000E+003, 5.6600232E+002, 3.6078465E-001, 2.4912105E-004, 9.3988972E+000, 3.2544550E-001
 1.0940000E+003, 5.6700232E+002, 3.6029309E-001, 2.4251880E-004, 9.1464891E+000, 3.2208911E-001
 1.0960000E+003, 5.6800232E+002, 3.5981447E-001, 2.3617840E-004, 8.9042015E+000, 3.1885386E-001
 1.0980000E+003, 5.6900232E+002, 3.5934827E-001, 2.3008736E-004, 8.6715488E+000, 3.1573403E-001
 1.1000000E+003, 5.7000232E+002, 3.5889402E-001, 2.2423374E-004, 8.4480667E+000, 3.1272438E-001
 1.1020000E+003, 5.7100232E+002, 3.5845125E-001, 2.1860610E-004, 8.2333136E+000, 3.0981994E-001
 1.1040000E+003, 5.7200232E+002, 3.5801950E-001, 2.1319356E-004, 8.0268631E+000, 3.0701581E-001
 1.1060000E+003, 5.7300232E+002, 3.5759839E-001, 2.0798571E-004, 7.8283134E+000, 3.0430728E-001
 1.1080000E+003, 5.7400232E+002, 3.5718748E-001, 2.0297262E-004, 7.6372781E+000, 3.0169025E-001
 1.1100000E+003, 5.7500232E+002, 3.5678643E-001, 1.9814481E-004, 7.4533896E+000, 2.9916015E-001
 1.1120000E+003, 5.7600232E+002, 3.5639483E-001, 1.9349332E-004, 7.2762995E+000, 2.9671326E-001
 1.1140000E+003, 5.7700232E+002, 3.5601237E-001, 1.8900959E-004, 7.1056747E+000, 2.9434565E-001
 1.1160000E+003, 5.7800238E+002, 3.5563874E-001, 1.8468544E-004, 6.9411998E+000, 2.9205382E-001
 1.1180000E+003, 5.7900238E+002, 3.5527357E-001, 1.8051321E-004, 6.7825747E+000, 2.8983423E-001
 1.1200000E+003, 5.8000238E+002, 3.5491663E-001, 1.7648551E-004, 6.6295152E+000, 2.8768367E-001
 1.1220000E+003, 5.8100238E+002, 3.5456759E-001, 1.7259544E-004, 6.4817514E+000, 2.8559893E-001
 1.1240000E+003, 5.8200238E+002, 3.5422620E-001, 1.6883636E-004, 6.3390284E+000, 2.8357726E-001
 1.1260000E+003, 5.8300238E+002, 3.5389221E-001, 1.6520206E-004, 6.2011027E+000, 2.8161576E-001
 1.1280000E+003, 5.8400238E+002, 3.5356534E-001, 1.6168661E-004, 6.0677462E+000, 2.7971178E-001
 1.1300000E+003, 5.8500238E+002, 3.5324541E-001, 1.5828443E-004, 5.9387412E+000, 2.7786285E-001
 1.1320000E+003, 5.8600238E+002, 3.5293216E-001, 1.5499022E-004, 5.8138833E+000, 2.7606660E-001
 1.1340000E+003, 5.8700238E+002, 3.5262540E-001, 1.5179899E-004, 5.6929779E+000, 2.7432066E-001
 1.1360000E+003, 5.8800238E+002, 3.5232493E-001, 1.4870598E-004, 5.5758424E+000, 2.7262303E-001
 1.1380000E+003, 5.8900238E+002, 3.5203055E-001, 1.4570676E-004, 5.4623032E+000, 2.7097163E-001
 1.1400000E+003, 5.9000238E+002, 3.5174209E-001, 1.4279706E-004, 5.3521967E+000, 2.6936460E-001
 1.1420000E+003, 5.9100238E+002, 3.5145935E-001, 1.3997294E-004, 5.2453690E+000, 2.6780003E-001
 1.1440000E+003, 5.9200238E+002, 3.5118216E-001, 1.3723059E-004, 5.1416736E+000, 2.6627633E-001
 1.1460000E+003, 5.9300238E+002, 3.5091040E-001, 1.3456648E-004, 5.0409732E+000, 2.6479176E-001
 1.1480000E+003, 5.9400238E+002, 3.5064387E-001, 1.3197724E-004, 4.9431381E+000, 2.6334494E-001
 1.1500000E+003, 5.9500238E+002, 3.5038245E-001, 1.2945970E-004, 4.8480449E+000, 2.6193425E-001
 1.1520000E+003, 5.9600238E+002, 3.5012603E-001, 1.2701088E-004, 4.7555790E+000, 2.6055840E-001
 1.1540000E+003, 5.9700238E+002, 3.4987441E-001, 1.2462793E-004, 4.6656303E+000, 2.5921607E-001
 1.1560000E+003, 5.9800238E+002, 3.4962749E-001, 1.2230818E-004, 4.5780954E+000, 2.5790605E-001
 1.1580000E+003, 5.9900238E+002, 3.4938514E-001, 1.2004912E-004, 4.4928770E+000, 2.5662717E-001
 1.1600000E+003, 6.0000238E+002, 3.4914726E-001, 1.1784835E-004, 4.4098835E+000, 2.5537825E-001
 1.1620000E+003, 6.0100238E+002, 3.4891373E-001, 1.1570362E-004, 4.3290272E+000, 2.5415826E-001
 1.1640000E+003, 6.0200238E+002, 3.4868443E-001, 1.1361280E-004, 4.2502265E+000, 2.5296628E-001
 1.1660000E+003, 6.0300238E+002, 3.4845927E-001, 1.1157387E-004, 4.1734028E+000, 2.5180131E-001
 1.1680000E+003, 6.0400238E+002, 3.4823814E-001, 1.0958491E-004, 4.0984826E+000, 2.5066233E-001
 1.1700000E+003, 6.0500238E+002, 3.4802091E-001, 1.0764413E-004, 4.0253963E+000, 2.4954873E-001
 1.1720000E+003, 6.0600238E+002, 3.4780756E-001, 1.0574979E-004, 3.9540777E+000, 2.4845946E-001
 1.1740000E+003, 6.0700238E+002, 3.4759790E-001, 1.0390027E-004, 3.8844643E+000, 2.4739385E-001
 1.1760000E+003, 6.0800238E+002, 3.4739193E-001, 1.0209403E-004, 3.8164966E+000, 2.4635120E-001
 1.1780000E+003, 6.0900238E+002, 3.4718952E-001, 1.0032961E-004, 3.7501185E+000, 2.4533072E-001
 1.1800000E+003, 6.1000238E+002, 3.4699062E-001, 9.8605597E-005, 3.6852758E+000, 2.4433179E-001
 1.1820000E+003, 6.1100238E+002, 3.4679508E-001, 9.6920689E-005, 3.6219180E+000, 2.4335374E-001
 1.1840000E+003, 6.1200238E+002, 3.4660292E-001, 9.5273601E-005, 3.5599964E+000, 2.4239597E-001
 1.1860000E+003, 6.1300238E+002, 3.4641400E-001, 9.3663148E-005, 3.4994648E+000, 2.4145791E-001
 1.1880000E+003, 6.1400238E+002, 3.4622824E-001, 9.2088179E-005, 3.4402795E+000, 2.4053900E-001
 1.1900000E+003, 6.1500238E+002, 3.4604564E-001, 9.0547597E-005, 3.3823984E+000, 2.3963863E-001
 1.1920000E+003, 6.1600238E+002, 3.4586605E-001, 8.9040368E-005, 3.3257813E+000, 2.3875634E-001
 1.1940000E+003, 6.1700238E+002, 3.4568948E-001, 8.7565480E-005, 3.2703903E+000, 2.3789160E-001
 1.1960000E+003, 6.1800238E+002, 3.4551579E-001, 8.6121989E-005, 3.2161887E+000, 2.3704407E-001
 1.1980000E+003, 6.1900238E+002, 3.4534496E-001, 8.4708976E-005, 3.1631413E+000, 2.3621310E-001
 1.2000000E+003, 6.2000238E+002, 3.4517694E-001, 8.3325569E-005, 3.1112146E+000, 2.3539840E-001
 1.2020000E+003, 6.2100238E+002, 3.4501165E-001, 8.1970924E-005, 3.0603769E+000, 2.3459944E-001
 1.2040000E+003, 6.2200238E+002, 3.4484905E-001, 8.0644248E-005, 3.0105972E+000, 2.3381598E-001
 1.2060000E+003, 6.2300238E+002, 3.4468907E-001, 7.9344754E-005, 2.9618456E+000, 2.3304746E-001
 1.2080000E+003, 6.2400238E+002, 3.4453169E-001, 7.8071709E-005, 2.9140944E+000, 2.3229350E-001
 1.2100000E+003, 6.2500238E+002, 3.4437680E-001, 7.6824399E-005, 2.8673158E+000, 2.3155385E-001
 1.2120000E+003, 6.2600238E+002, 3.4422436E-001, 7.5602133E-005, 2.8214836E+000, 2.3082814E-001
 1.2140000E+003, 6.2700238E+002, 3.4407437E-001, 7.4404248E-005, 2.7765729E+000, 2.3011592E-001
 1.2160000E+003, 6.2800238E+002, 3.4392676E-001, 7.3230112E-005, 2.7325590E+000, 2.2941695E-001
 1.2180000E+003, 6.2900238E+002, 3.4378144E-001, 7.2079107E-005, 2.6894188E+000, 2.2873093E-001
 1.2200000E+003, 6.3000238E+002, 3.4363842E-001, 7.0950649E-005, 2.6471293E+000, 2.2805759E-001
 1.2220000E+003, 6.3100238E+002, 3.4349763E-001, 6.9844158E-005, 2.6056693E+000, 2.2739647E-001
 1.2240000E+003, 6.3200238E+002, 3.4335905E-001, 6.8759080E-005, 2.5650172E+000, 2.2674739E-001
 1.2260000E+003, 6.3300238E+002, 3.4322262E-001, 6.7694891E-005, 2.5251532E+000, 2.2611009E-001
 1.2280000E+003, 6.3400238E+002, 3.4308827E-001, 6.6651075E-005, 2.4860573E+000, 2.2548431E-001
 1.2300000E+003, 6.3500238E+002, 3.4295601E-001, 6.5627122E-005, 2.4477108E+000, 2.2486970E-001
 1.2320000E+003, 6.3600238E+002, 3.4282577E-001, 6.4622567E-005, 2.4100950E+000, 2.2426610E-001
 1.2340000E+003, 6.3700238E+002, 3.4269750E-001, 6.3636937E-005, 2.3731925E+000, 2.2367314E-001
 1.2360000E+003, 6.3800238E+002, 3.4257120E-001, 6.2669773E-005, 2.3369863E+000, 2.2309092E-001
 1.2380000E+003, 6.3900238E+002, 3.4244683E-001, 6.1720646E-005, 2.3014593E+000, 2.2251865E-001
 1.2400000E+003, 6.4000238E+002, 3.4232432E-001, 6.0789127E-005, 2.2665956E+000, 2.2195652E-001
 1.2420000E+003, 6.4100238E+002, 3.4220368E-001, 5.9874812E-005, 2.2323797E+000, 2.2140428E-001
 1.2440000E+003, 6.4200238E+002, 3.4208483E-001, 5.8977297E-005, 2.1987963E+000, 2.2086164E-001
 1.2460000E+003, 6.4300238E+002, 3.4196776E-001, 5.8096201E-005, 2.1658309E+000, 2.2032820E-001
 1.2480000E+003, 6.4400238E+002, 3.4185243E-001, 5.7231144E-005, 2.1334691E+000, 2.1980429E-001
 1.2500000E+003, 6.4500238E+002, 3.4173882E-001, 5.6381763E-005, 2.1016972E+000, 2.1928906E-001
 1.2520000E+003, 6.4600238E+002, 3.4162691E-001, 5.5547709E-005, 2.0705018E+000, 2.1878283E-001
 1.2540000E+003, 6.4700238E+002, 3.4151664E-001, 5.4728640E-005, 2.0398700E+000, 2.1828510E-001
 1.2560000E+003, 6.4800238E+002, 3.4140798E-001, 5.3924214E-005, 2.0097890E+000, 2.1779589E-001
 1.2580000E+003, 6.4900238E+002, 3.4130093E-001, 5.3134117E-005, 1.9802467E+000, 2.1731496E-001
 1.2600000E+003, 6.5000238E+002, 3.4119546E-001, 5.2358031E-005, 1.9512310E+000, 2.1684207E-001
 1.2620000E+003, 6.5100238E+002, 3.4109151E-001, 5.1595645E-005, 1.9227303E+000, 2.1637715E-001
 1.2640000E+003, 6.5200238E+002, 3.4098905E-001, 5.0846673E-005, 1.8947337E+000, 2.1592008E-001
 1.2660000E+003, 6.5300238E+002, 3.4088811E-001, 5.0110815E-005, 1.8672298E+000, 2.1547054E-001
 1.2680000E+003, 6.5400238E+002, 3.4078863E-001, 4.9387796E-005, 1.8402083E+000, 2.1502851E-001
 1.2700000E+003, 6.5500238E+002, 3.4069055E-001, 4.8677339E-005, 1.8136586E+000, 2.1459374E-001
 1.2720000E+003, 6.5600238E+002, 3.4059390E-001, 4.7979182E-005, 1.7875707E+000, 2.1416613E-001
 1.2740000E+003, 6.5700238E+002, 3.4049866E-001, 4.7293059E-005, 1.7619348E+000, 2.1374547E-001
 1.2760000E+003, 6.5800238E+002, 3.4040475E-001, 4.6618723E-005, 1.7367413E+000, 2.1333183E-001
 1.2780000E+003, 6.5900238E+002, 3.4031218E-001, 4.5955923E-005, 1.7119811E+000, 2.1292491E-001
 1.2800000E+003, 6.6000238E+002, 3.4022093E-001, 4.5304427E-005, 1.6876448E+000, 2.1252461E-001
 1.2820000E+003, 6.6100238E+002, 3.4013095E-001, 4.4663997E-005, 1.6637239E+000, 2.1213073E-001
 1.2840000E+003, 6.6200238E+002, 3.4004226E-001, 4.4034401E-005, 1.6402097E+000, 2.1174316E-001
 1.2860000E+003, 6.6300238E+002, 3.3995482E-001, 4.3415428E-005, 1.6170937E+000, 2.1136203E-001
 1.2880000E+003, 6.6400238E+002, 3.3986861E-001, 4.2806852E-005, 1.5943680E+000, 2.1098684E-001
 1.2900000E+003, 6.6500238E+002, 3.3978358E-001, 4.2208470E-005, 1.5720243E+000, 2.1061772E-001
 1.2920000E+003, 6.6600238E+002, 3.3969975E-001, 4.1620071E-005, 1.5500551E+000, 2.1025442E-001
 1.2940000E+003, 6.6700238E+002, 3.3961710E-001, 4.1041458E-005, 1.5284530E+000, 2.0989698E-001
 1.2960000E+003, 6.6800238E+002, 3.3953559E-001, 4.0472434E-005, 1.5072103E+000, 2.0954515E-001
 1.2980000E+003, 6.6900238E+002, 3.3945522E-001, 3.9912808E-005, 1.4863198E+000, 2.0919891E-001
 1.3000000E+003, 6.7000238E+002, 3.3937594E-001, 3.9362396E-005, 1.4657747E+000, 2.0885809E-001
 1.3020000E+003, 6.7100238E+002, 3.3929777E-001, 3.8821014E-005, 1.4455680E+000, 2.0852269E-001
 1.3040000E+003, 6.7200238E+002, 3.3922064E-001, 3.8288486E-005, 1.4256932E+000, 2.0819242E-001
 1.3060000E+003, 6.7300238E+002, 3.3914462E-001, 3.7764643E-005, 1.4061435E+000, 2.0786741E-001
 1.3080000E+003, 6.7400238E+002, 3.3906960E-001, 3.7249309E-005, 1.3869128E+000, 2.0754743E-001
 1.3100000E+003, 6.7500238E+002, 3.3899561E-001, 3.6742324E-005, 1.3679948E+000, 2.0723239E-001
 1.3120000E+003, 6.7600238E+002, 3.3892262E-001, 3.6243528E-005, 1.3493835E+000, 2.0692229E-001
 1.3140000E+003, 6.7700238E+002, 3.3885065E-001, 3.5752757E-005, 1.3310728E+000, 2.0661691E-001
 1.3160000E+003, 6.7800238E+002, 3.3877963E-001, 3.5269866E-005, 1.3130569E+000, 2.0631620E-001
 1.3180000E+003, 6.7900238E+002, 3.3870956E-001, 3.4794699E-005, 1.2953305E+000, 2.0602016E-001
 1.3200000E+003, 6.8000238E+002, 3.3864045E-001, 3.4327113E-005, 1.2778878E+000, 2.0572861E-001
 1.3220000E+003, 6.8100238E+002, 3.3857223E-001, 3.3866960E-005, 1.2607234E+000, 2.0544150E-001
 1.3240000E+003, 6.8200238E+002, 3.3850497E-001, 3.3414104E-005, 1.2438321E+000, 2.0515878E-001
 1.3260000E+003, 6.8300238E+002, 3.3843860E-001, 3.2968408E-005, 1.2272087E+000, 2.0488037E-001
 1.3280000E+003, 6.8400238E+002, 3.3837309E-001, 3.2529737E-005, 1.2108483E+000, 2.0460615E-001
 1.3300000E+003, 6.8500238E+002, 3.3830848E-001, 3.2097960E-005, 1.1947459E+000, 2.0433612E-001
 1.3320000E+003, 6.8600238E+002, 3.3824471E-001, 3.1672953E-005, 1.1788965E+000, 2.0407008E-001
 1.3340000E+003, 6.8700238E+002, 3.3818179E-001, 3.1254585E-005, 1.1632957E+000, 2.0380801E-001
 1.3360000E+003, 6.8800238E+002, 3.3811969E-001, 3.0842737E-005, 1.1479388E+000, 2.0354995E-001
 1.3380000E+003, 6.8900238E+002, 3.3805841E-001, 3.0437288E-005, 1.1328213E+000, 2.0329572E-001
 1.3400000E+003, 6.9000238E+002, 3.3799794E-001, 3.0038122E-005, 1.1179388E+000, 2.0304525E-001
 1.3420000E+003, 6.9100238E+002, 3.3793825E-001, 2.9645125E-005, 1.1032869E+000, 2.0279847E-001
 1.3440000E+003, 6.9200238E+002, 3.3787936E-001, 2.9258184E-005, 1.0888615E+000, 2.0255537E-001
 1.3460000E+003, 6.9300238E+002, 3.3782122E-001, 2.8877190E-005, 1.0746584E+000, 2.0231588E-001
 1.3480000E+003, 6.9400238E+002, 3.3776385E-001, 2.8502034E-005, 1.0606737E+000, 2.0207997E-001
 1.3500000E+003, 6.9500238E+002, 3.3770722E-001, 2.8132616E-005, 1.0469034E+000, 2.0184754E-001
 1.3520000E+003, 6.9600238E+002, 3.3765131E-001, 2.7768827E-005, 1.0333436E+000, 2.0161836E-001
 1.3540000E+003, 6.9700238E+002, 3.3759615E-001, 2.7410571E-005, 1.0199906E+000, 2.0139265E-001
 1.3560000E+003, 6.9800238E+002, 3.3754167E-001, 2.7057748E-005, 1.0068406E+000, 2.0117019E-001
 1.3580000E+003, 6.9900238E+002, 3.3748791E-001, 2.6710260E-005, 9.9389005E-001, 2.0095102E-001
 1.3600000E+003, 7.0000238E+002, 3.3743483E-001, 2.6368016E-005, 9.8113537E-001, 2.0073499E-001
 1.3620000E+003, 7.0100238E+002, 3.3738244E-001, 2.6030921E-005, 9.6857321E-001, 2.0052211E-001
 1.3640000E+003, 7.0200238E+002, 3.3733070E-001, 2.5698886E-005, 9.5620006E-001, 2.0031218E-001
 1.3660000E+003, 7.0300238E+002, 3.3727965E-001, 2.5371821E-005, 9.4401258E-001, 2.0010555E-001
 1.3680000E+003, 7.0400238E+002, 3.3722922E-001, 2.5049640E-005, 9.3200761E-001, 1.9990161E-001
 1.3700000E+003, 7.0500238E+002, 3.3717945E-001, 2.4732259E-005, 9.2018193E-001, 1.9970082E-001
 1.3720000E+003, 7.0600238E+002, 3.3713028E-001, 2.4419593E-005, 9.0853232E-001, 1.9950277E-001
 1.3740000E+003, 7.0700238E+002, 3.3708176E-001, 2.4111561E-005, 8.9705586E-001, 1.9930752E-001
 1.3760000E+003, 7.0800238E+002, 3.3703384E-001, 2.3808085E-005, 8.8574952E-001, 1.9911519E-001
 1.3780000E+003, 7.0900238E+002, 3.3698654E-001, 2.3509083E-005, 8.7461025E-001, 1.9892554E-001
 1.3800000E+003, 7.1000238E+002, 3.3693981E-001, 2.3214481E-005, 8.6363530E-001, 1.9873853E-001
 1.3820000E+003, 7.1100238E+002, 3.3689368E-001, 2.2924201E-005, 8.5282183E-001, 1.9855417E-001
 1.3840000E+003, 7.1200238E+002, 3.3684811E-001, 2.2638174E-005, 8.4216708E-001, 1.9837248E-001
 1.3860000E+003, 7.1300238E+002, 3.3680311E-001, 2.2356324E-005, 8.3166826E-001, 1.9819330E-001
 1.3880000E+003, 7.1400238E+002, 3.3675867E-001, 2.2078581E-005, 8.2132280E-001, 1.9801663E-001
 1.3900000E+003, 7.1500238E+002, 3.3671480E-001, 2.1804875E-005, 8.1112808E-001, 1.9784255E-001
 1.3920000E+003, 7.1600238E+002, 3.3667147E-001, 2.1535141E-005, 8.0108154E-001, 1.9767067E-001
 1.3940000E+003, 7.1700238E+002, 3.3662868E-001, 2.1269308E-005, 7.9118067E-001, 1.9750142E-001
 1.3960000E+003, 7.1800238E+002, 3.3658639E-001, 2.1007314E-005, 7.8142303E-001, 1.9733439E-001
 1.3980000E+003, 7.1900238E+002, 3.3654463E-001, 2.0749092E-005, 7.7180624E-001, 1.9716972E-001
 1.4000000E+003, 7.2000238E+002, 3.3650339E-001, 2.0494581E-005, 7.6232791E-001, 1.9700734E-001
 1.4020000E+003, 7.2100238E+002, 3.3646265E-001, 2.0243719E-005, 7.5298578E-001, 1.9684719E-001
 1.4040000E+003, 7.2200238E+002, 3.3642241E-001, 1.9996445E-005, 7.4377751E-001, 1.9668929E-001
 1.4060000E+003, 7.2300238E+002, 3.3638269E-001, 1.9752701E-005, 7.3470092E-001, 1.9653350E-001
 1.4080000E+003, 7.2400238E+002, 3.3634341E-001, 1.9512427E-005, 7.2575384E-001, 1.9637989E-001
 1.4100000E+003, 7.2500238E+002, 3.3630463E-001, 1.9275565E-005, 7.1693414E-001, 1.9622840E-001
 1.4120000E+003, 7.2600238E+002, 3.3626631E-001, 1.9042063E-005, 7.0823967E-001, 1.9607897E-001
 1.4140000E+003, 7.2700238E+002, 3.3622846E-001, 1.8811863E-005, 6.9966847E-001, 1.9593164E-001
 1.4160000E+003, 7.2800238E+002, 3.3619106E-001, 1.8584911E-005, 6.9121844E-001, 1.9578624E-001
 1.4180000E+003, 7.2900238E+002, 3.3615410E-001, 1.8361156E-005, 6.8288755E-001, 1.9564277E-001
 1.4200000E+003, 7.3000238E+002, 3.3611763E-001, 1.8140545E-005, 6.7467403E-001, 1.9550139E-001
 1.4220000E+003, 7.3100238E+002, 3.3608156E-001, 1.7923026E-005, 6.6657585E-001, 1.9536190E-001
 1.4240000E+003, 7.3200238E+002, 3.3604592E-001, 1.7708551E-005, 6.5859115E-001, 1.9522418E-001
 1.4260000E+003, 7.3300238E+002, 3.3601072E-001, 1.7497070E-005, 6.5071809E-001, 1.9508839E-001
 1.4280000E+003, 7.3400238E+002, 3.3597594E-001, 1.7288534E-005, 6.4295489E-001, 1.9495441E-001
 1.4300000E+003, 7.3500238E+002, 3.3594155E-001, 1.7082897E-005, 6.3529980E-001, 1.9482228E-001
 1.4320000E+003, 7.3600238E+002, 3.3590761E-001, 1.6880113E-005, 6.2775111E-001, 1.9469188E-001
 1.4340000E+003, 7.3700238E+002, 3.3587405E-001, 1.6680135E-005, 6.2030703E-001, 1.9456317E-001
 1.4360000E+003, 7.3800238E+002, 3.3584088E-001, 1.6482918E-005, 6.1296594E-001, 1.9443618E-001
 1.4380000E+003, 7.3900238E+002, 3.3580813E-001, 1.6288421E-005, 6.0572618E-001, 1.9431098E-001
 1.4400000E+003, 7.4000238E+002, 3.3577573E-001, 1.6096597E-005, 5.9858620E-001, 1.9418740E-001
 1.4420000E+003, 7.4100238E+002, 3.3574373E-001, 1.5907406E-005, 5.9154433E-001, 1.9406545E-001
 1.4440000E+003, 7.4200238E+002, 3.3571211E-001, 1.5720809E-005, 5.8459908E-001, 1.9394520E-001
 1.4460000E+003, 7.4300238E+002, 3.3568084E-001, 1.5536760E-005, 5.7774889E-001, 1.9382639E-001
 1.4480000E+003, 7.4400238E+002, 3.3564997E-001, 1.5355221E-005, 5.7099229E-001, 1.9370921E-001
 1.4500000E+003, 7.4500238E+002, 3.3561942E-001, 1.5176154E-005, 5.6432778E-001, 1.9359362E-001
 1.4520000E+003, 7.4600238E+002, 3.3558926E-001, 1.4999519E-005, 5.5775398E-001, 1.9347942E-001
 1.4540000E+003, 7.4700238E+002, 3.3555943E-001, 1.4825279E-005, 5.5126935E-001, 1.9336686E-001
 1.4560000E+003, 7.4800238E+002, 3.3552995E-001, 1.4653396E-005, 5.4487264E-001, 1.9325575E-001
 1.4580000E+003, 7.4900238E+002, 3.3550081E-001, 1.4483834E-005, 5.3856242E-001, 1.9314598E-001
 1.4600000E+003, 7.5000238E+002, 3.3547202E-001, 1.4316556E-005, 5.3233737E-001, 1.9303772E-001
 1.4620000E+003, 7.5100238E+002, 3.3544356E-001, 1.4151528E-005, 5.2619606E-001, 1.9293091E-001
 1.4640000E+003, 7.5200238E+002, 3.3541539E-001, 1.3988714E-005, 5.2013737E-001, 1.9282542E-001
 1.4660000E+003, 7.5300238E+002, 3.3538759E-001, 1.3828081E-005, 5.1415992E-001, 1.9272125E-001
 1.4680000E+003, 7.5400238E+002, 3.3536008E-001, 1.3669596E-005, 5.0826246E-001, 1.9261861E-001
 1.4700000E+003, 7.5500238E+002, 3.3533290E-001, 1.3513224E-005, 5.0244379E-001, 1.9251718E-001
 1.4720000E+003, 7.5600238E+002, 3.3530605E-001, 1.3358935E-005, 4.9670267E-001, 1.9241689E-001
 1.4740000E+003, 7.5700238E+002, 3.3527946E-001, 1.3206695E-005, 4.9103796E-001, 1.9231816E-001
 1.4760000E+003, 7.5800238E+002, 3.3525321E-001, 1.3056475E-005, 4.8544848E-001, 1.9222048E-001
 1.4780000E+003, 7.5900238E+002, 3.3522725E-001, 1.2908244E-005, 4.7993305E-001, 1.9212425E-001
 1.4800000E+003, 7.6000238E+002, 3.3520159E-001, 1.2761970E-005, 4.7449061E-001, 1.9202913E-001
 1.4820000E+003, 7.6100238E+002, 3.3517620E-001, 1.2617625E-005, 4.6912000E-001, 1.9193529E-001
 1.4840000E+003, 7.6200238E+002, 3.3515111E-001, 1.2475179E-005, 4.6382016E-001, 1.9184257E-001
 1.4860000E+003, 7.6300238E+002, 3.3512631E-001, 1.2334604E-005, 4.5859000E-001, 1.9175117E-001
 1.4880000E+003, 7.6400238E+002, 3.3510178E-001, 1.2195872E-005, 4.5342851E-001, 1.9166067E-001
 1.4900000E+003, 7.6500238E+002, 3.3507752E-001, 1.2058955E-005, 4.4833460E-001, 1.9157155E-001
 1.4920000E+003, 7.6600238E+002, 3.3505353E-001, 1.1923827E-005, 4.4330731E-001, 1.9148339E-001
 1.4940000E+003, 7.6700238E+002, 3.3502981E-001, 1.1790458E-005, 4.3834561E-001, 1.9139646E-001
 1.4960000E+003, 7.6800238E+002, 3.3500639E-001, 1.1658826E-005, 4.3344855E-001, 1.9131061E-001
 1.4980000E+003, 7.6900238E+002, 3.3498320E-001, 1.1528902E-005, 4.2861515E-001, 1.9122575E-001
 1.5000000E+003, 7.7000238E+002, 3.3496025E-001, 1.1400663E-005, 4.2384446E-001, 1.9114202E-001
 1.5020000E+003, 7.7100238E+002, 3.3493760E-001, 1.1274083E-005, 4.1913554E-001, 1.9105941E-001
 1.5040000E+003, 7.7200238E+002, 3.3491516E-001, 1.1149136E-005, 4.1448751E-001, 1.9097769E-001
 1.5060000E+003, 7.7300238E+002, 3.3489299E-001, 1.1025801E-005, 4.0989941E-001, 1.9089712E-001
 1.5080000E+003, 7.7400238E+002, 3.3487105E-001, 1.0904051E-005, 4.0537044E-001, 1.9081743E-001
 1.5100000E+003, 7.7500238E+002, 3.3484939E-001, 1.0783865E-005, 4.0089965E-001, 1.9073883E-001
 1.5120000E+003, 7.7600238E+002, 3.3482793E-001, 1.0665219E-005, 3.9648625E-001, 1.9066116E-001
 1.5140000E+003, 7.7700238E+002, 3.3480671E-001, 1.0548091E-005, 3.9212933E-001, 1.9058442E-001
 1.5160000E+003, 7.7800238E+002, 3.3478573E-001, 1.0432459E-005, 3.8782814E-001, 1.9050868E-001
 1.5180000E+003, 7.7900238E+002, 3.3476499E-001, 1.0318300E-005, 3.8358182E-001, 1.9043392E-001
 1.5200000E+003, 7.8000238E+002, 3.3474445E-001, 1.0205594E-005, 3.7938955E-001, 1.9036007E-001
 1.5220000E+003, 7.8100238E+002, 3.3472416E-001, 1.0094319E-005, 3.7525061E-001, 1.9028701E-001
 1.5240000E+003, 7.8200238E+002, 3.3470407E-001, 9.9844547E-006, 3.7116417E-001, 1.9021495E-001
 1.5260000E+003, 7.8300238E+002, 3.3468422E-001, 9.8759801E-006, 3.6712947E-001, 1.9014363E-001
 1.5280000E+003, 7.8400238E+002, 3.3466458E-001, 9.7688762E-006, 3.6314580E-001, 1.9007336E-001
 1.5300000E+003, 7.8500238E+002, 3.3464515E-001, 9.6631229E-006, 3.5921240E-001, 1.9000392E-001
 1.5320000E+003, 7.8600238E+002, 3.3462593E-001, 9.5586993E-006, 3.5532853E-001, 1.8993522E-001
 1.5340000E+003, 7.8700238E+002, 3.3460692E-001, 9.4555880E-006, 3.5149351E-001, 1.8986751E-001
 1.5360000E+003, 7.8800238E+002, 3.3458811E-001, 9.3537701E-006, 3.4770665E-001, 1.8980037E-001
 1.5380000E+003, 7.8900238E+002, 3.3456951E-001, 9.2532264E-006, 3.4396720E-001, 1.8973412E-001
 1.5400000E+003, 7.9000238E+002, 3.3455110E-001, 9.1539396E-006, 3.4027451E-001, 1.8966888E-001
 1.5420000E+003, 7.9100238E+002, 3.3453289E-001, 9.0558906E-006, 3.3662796E-001, 1.8960421E-001
 1.5440000E+003, 7.9200238E+002, 3.3451486E-001, 8.9590621E-006, 3.3302683E-001, 1.8954048E-001
 1.5460000E+003, 7.9300238E+002, 3.3449703E-001, 8.8634379E-006, 3.2947049E-001, 1.8947743E-001
 1.5480000E+003, 7.9400238E+002, 3.3447942E-001, 8.7689996E-006, 3.2595831E-001, 1.8941516E-001
 1.5500000E+003, 7.9500238E+002, 3.3446199E-001, 8.6757309E-006, 3.2248968E-001, 1.8935356E-001
 1.5520000E+003, 7.9600238E+002, 3.3444470E-001, 8.5836155E-006, 3.1906399E-001, 1.8929288E-001
 1.5540000E+003, 7.9700238E+002, 3.3442762E-001, 8.4926369E-006, 3.1568059E-001, 1.8923280E-001
 1.5560000E+003, 7.9800238E+002, 3.3441076E-001, 8.4027797E-006, 3.1233892E-001, 1.8917347E-001
 1.5580000E+003, 7.9900238E+002, 3.3439404E-001, 8.3140267E-006, 3.0903837E-001, 1.8911475E-001
 1.5600000E+003, 8.0000238E+002, 3.3437750E-001, 8.2263641E-006, 3.0577838E-001, 1.8905681E-001
