s,kg,C,kW,m
Time,"null","null","null","null"
 0.0000000E+000, 1.4215082E+001, 2.0000000E+001, 0.0000000E+000, 5.0000000E-002
 1.5000000E+000, 1.4214867E+001, 9.6651285E+001, 0.0000000E+000, 4.9999785E-002
 2.5000000E+000, 1.4210588E+001, 1.8650380E+002, 3.5203721E-006, 4.9995506E-002
 3.6738334E+000, 1.4207093E+001, 2.2541578E+002, 3.1624876E-003, 4.9992012E-002
 4.8046021E+000, 1.4202955E+001, 2.6140672E+002, 4.3470248E-002, 4.9987873E-002
 6.0485729E+000, 1.4198979E+001, 2.9143646E+002, 3.1478851E-001, 4.9983888E-002
 7.2370432E+000, 1.4195159E+001, 3.1696198E+002, 1.4090210E+000, 4.9980035E-002
 8.4381769E+000, 1.4191500E+001, 3.3781110E+002, 4.5927603E+000, 4.9976271E-002
 9.6193149E+000, 1.4187659E+001, 3.5621122E+002, 1.1813639E+001, 4.9972150E-002
 1.0815959E+001, 1.4183201E+001, 3.7322002E+002, 2.5176666E+001, 4.9967049E-002
 1.2035713E+001, 1.4177487E+001, 3.9030738E+002, 4.6339424E+001, 4.9959932E-002
 1.3222305E+001, 1.4170169E+001, 4.0775238E+002, 7.1529195E+001, 4.9949704E-002
 1.4424538E+001, 1.4161174E+001, 4.1824665E+002, 9.3655234E+001, 4.9936385E-002
 1.5604109E+001, 1.4150688E+001, 4.2893568E+002, 1.1257521E+002, 4.9921115E-002
 1.6803985E+001, 1.4138702E+001, 4.4507540E+002, 1.3059644E+002, 4.9902073E-002
 1.8012835E+001, 1.4124906E+001, 4.4611340E+002, 1.5100083E+002, 4.9877122E-002
 1.9205644E+001, 1.4109250E+001, 4.5671662E+002, 1.7568315E+002, 4.9852739E-002
 2.0425140E+001, 1.4091515E+001, 4.5154705E+002, 1.9285891E+002, 4.9823188E-002
 2.1621305E+001, 1.4072681E+001, 4.5724030E+002, 2.0570792E+002, 4.9797895E-002
 2.2821708E+001, 1.4053289E+001, 4.6036714E+002, 2.0939836E+002, 4.9768351E-002
 2.4011359E+001, 1.4033499E+001, 4.6998544E+002, 2.1671993E+002, 4.9737658E-002
 2.5215510E+001, 1.4012789E+001, 4.5612367E+002, 2.3006413E+002, 4.9708546E-002
 2.6413617E+001, 1.3990761E+001, 4.5527116E+002, 2.4425560E+002, 4.9685796E-002
 2.7609188E+001, 1.3968865E+001, 4.7606638E+002, 2.3201533E+002, 4.9660821E-002
 2.8822241E+001, 1.3948164E+001, 4.8434668E+002, 2.1933446E+002, 4.9625263E-002
 3.0003751E+001, 1.3927914E+001, 4.9581683E+002, 2.2196130E+002, 4.9588681E-002
 3.1215086E+001, 1.3907305E+001, 4.8919684E+002, 2.2056738E+002, 4.9547526E-002
 3.2406962E+001, 1.3886895E+001, 5.0292505E+002, 2.2776776E+002, 4.9511786E-002
 3.3602478E+001, 1.3865097E+001, 5.0262406E+002, 2.4447116E+002, 4.9471662E-002
 3.4817598E+001, 1.3842321E+001, 5.1224668E+002, 2.4593386E+002, 4.9430750E-002
 3.6002443E+001, 1.3820230E+001, 5.0845564E+002, 2.4212223E+002, 4.9390047E-002
 3.7204167E+001, 1.3798584E+001, 4.9256849E+002, 2.3280781E+002, 4.9355713E-002
 3.8415769E+001, 1.3777017E+001, 4.9652025E+002, 2.3525102E+002, 4.9327483E-002
 3.9602891E+001, 1.3755307E+001, 5.1282855E+002, 2.3800354E+002, 4.9296519E-002
 4.0809699E+001, 1.3733721E+001, 5.0800964E+002, 2.3558141E+002, 4.9262182E-002
 4.2011640E+001, 1.3712053E+001, 5.1358161E+002, 2.3968452E+002, 4.9229291E-002
 4.3205139E+001, 1.3689648E+001, 5.1413677E+002, 2.5171286E+002, 4.9196102E-002
 4.4419304E+001, 1.3666380E+001, 5.2525372E+002, 2.5707518E+002, 4.9162752E-002
 4.5604577E+001, 1.3643028E+001, 5.2994319E+002, 2.5531748E+002, 4.9125934E-002
 4.6818250E+001, 1.3620771E+001, 5.2935901E+002, 2.3173023E+002, 4.9088111E-002
 4.8026044E+001, 1.3599774E+001, 5.2337623E+002, 2.2368729E+002, 4.9051716E-002
 4.9202371E+001, 1.3579657E+001, 5.2290778E+002, 2.1867847E+002, 4.9019099E-002
 5.0410124E+001, 1.3559439E+001, 5.3040772E+002, 2.2616446E+002, 4.8987687E-002
 5.1621321E+001, 1.3538322E+001, 5.2277003E+002, 2.2795802E+002, 4.8954956E-002
 5.2805751E+001, 1.3517310E+001, 5.1893981E+002, 2.3394133E+002, 4.8925201E-002
 5.4023117E+001, 1.3495628E+001, 5.2596712E+002, 2.3778868E+002, 4.8896956E-002
 5.5210218E+001, 1.3473864E+001, 5.1851728E+002, 2.3946828E+002, 4.8868087E-002
 5.6418926E+001, 1.3452078E+001, 5.1710425E+002, 2.4005847E+002, 4.8840971E-002
 5.7612392E+001, 1.3430408E+001, 5.1827712E+002, 2.3684977E+002, 4.8815022E-002
 5.8817008E+001, 1.3408934E+001, 5.1455823E+002, 2.3301027E+002, 4.8789628E-002
 6.0021722E+001, 1.3387878E+001, 5.3480410E+002, 2.2773059E+002, 4.8764376E-002
 6.1205933E+001, 1.3367330E+001, 5.2262952E+002, 2.2777162E+002, 4.8736177E-002
 6.2416972E+001, 1.3346432E+001, 5.2353040E+002, 2.3222111E+002, 4.8708713E-002
 6.3600557E+001, 1.3325236E+001, 5.3473597E+002, 2.3230015E+002, 4.8682419E-002
 6.4817779E+001, 1.3304199E+001, 5.5198250E+002, 2.3202752E+002, 4.8653979E-002
 6.6025066E+001, 1.3282765E+001, 5.5887497E+002, 2.3459002E+002, 4.8620539E-002
 6.7216573E+001, 1.3261515E+001, 5.6196153E+002, 2.3198789E+002, 4.8584522E-002
 6.8418169E+001, 1.3240702E+001, 5.5209935E+002, 2.2691458E+002, 4.8548228E-002
 6.9625135E+001, 1.3220090E+001, 5.3493334E+002, 2.2013899E+002, 4.8514750E-002
 7.0804994E+001, 1.3200399E+001, 5.3663160E+002, 2.1283467E+002, 4.8486287E-002
 7.2011246E+001, 1.3181167E+001, 5.3150592E+002, 2.1135335E+002, 4.8460243E-002
 7.3200355E+001, 1.3161764E+001, 5.3810322E+002, 2.1395048E+002, 4.8435060E-002
 7.4410690E+001, 1.3142123E+001, 5.3659912E+002, 2.1685861E+002, 4.8409589E-002
 7.5605833E+001, 1.3122141E+001, 5.3433305E+002, 2.2166738E+002, 4.8384331E-002
 7.6812211E+001, 1.3101644E+001, 5.3026682E+002, 2.2610948E+002, 4.8359715E-002
 7.8006378E+001, 1.3080924E+001, 5.2855299E+002, 2.2725557E+002, 4.8335993E-002
 7.9200905E+001, 1.3060638E+001, 5.2878140E+002, 2.2251485E+002, 4.8313073E-002
 8.0418465E+001, 1.3040513E+001, 5.2791494E+002, 2.1653698E+002, 4.8290613E-002
 8.1612257E+001, 1.3020792E+001, 5.3388113E+002, 2.1520733E+002, 4.8268246E-002
 8.2812882E+001, 1.3001371E+001, 5.3620247E+002, 2.1366679E+002, 4.8245872E-002
 8.4006443E+001, 1.2981844E+001, 5.4727916E+002, 2.1695069E+002, 4.8222389E-002
 8.5219977E+001, 1.2962194E+001, 5.4735134E+002, 2.1628761E+002, 4.8197600E-002
 8.6422140E+001, 1.2942236E+001, 5.3982367E+002, 2.1929557E+002, 4.8171280E-002
 8.7609549E+001, 1.2922337E+001, 5.3463686E+002, 2.1971580E+002, 4.8146104E-002
 8.8804836E+001, 1.2902597E+001, 5.3275815E+002, 2.1787248E+002, 4.8122291E-002
 9.0002685E+001, 1.2882730E+001, 5.3683460E+002, 2.2013114E+002, 4.8099525E-002
 9.1221409E+001, 1.2862694E+001, 5.3269394E+002, 2.1900161E+002, 4.8076883E-002
 9.2405868E+001, 1.2843047E+001, 5.3620765E+002, 2.1424427E+002, 4.8054755E-002
 9.3601721E+001, 1.2823863E+001, 5.3731697E+002, 2.1059038E+002, 4.8032962E-002
 9.4805022E+001, 1.2804850E+001, 5.4290185E+002, 2.0646426E+002, 4.8010813E-002
 9.6018224E+001, 1.2785936E+001, 5.4006260E+002, 2.0701579E+002, 4.7988161E-002
 9.7216485E+001, 1.2767085E+001, 5.4951294E+002, 2.0676353E+002, 4.7965071E-002
 9.8426076E+001, 1.2748279E+001, 5.4900807E+002, 2.0636008E+002, 4.7941457E-002
 9.9605417E+001, 1.2729503E+001, 5.4823375E+002, 2.0741532E+002, 4.7917474E-002
 1.0080470E+002, 1.2710717E+001, 5.5049531E+002, 2.0958527E+002, 4.7893659E-002
 1.0200907E+002, 1.2691559E+001, 5.5569356E+002, 2.1153397E+002, 4.7869434E-002
 1.0321372E+002, 1.2672366E+001, 5.7202664E+002, 2.0967942E+002, 4.7844763E-002
 1.0441214E+002, 1.2653377E+001, 5.6357921E+002, 2.0930617E+002, 4.7818313E-002
 1.0560302E+002, 1.2634457E+001, 5.7242291E+002, 2.0893117E+002, 4.7791227E-002
 1.0682483E+002, 1.2615396E+001, 5.7167169E+002, 2.0682861E+002, 4.7763799E-002
 1.0800376E+002, 1.2596661E+001, 5.7121582E+002, 2.0561592E+002, 4.7735827E-002
 1.0920809E+002, 1.2578217E+001, 5.6467958E+002, 2.0306899E+002, 4.7708351E-002
 1.1041077E+002, 1.2559613E+001, 5.5434558E+002, 2.0496990E+002, 4.7681064E-002
 1.1161295E+002, 1.2540974E+001, 5.5380757E+002, 2.0405705E+002, 4.7655589E-002
 1.1280733E+002, 1.2522473E+001, 5.5121265E+002, 2.0185641E+002, 4.7631655E-002
 1.1402132E+002, 1.2504202E+001, 5.5798902E+002, 2.0032365E+002, 4.7608688E-002
 1.1521870E+002, 1.2486053E+001, 5.5096688E+002, 1.9806915E+002, 4.7586046E-002
 1.1641487E+002, 1.2468209E+001, 5.5885162E+002, 1.9514285E+002, 4.7563927E-002
 1.1761707E+002, 1.2450405E+001, 5.5295102E+002, 1.9412355E+002, 4.7541716E-002
 1.1881099E+002, 1.2432844E+001, 5.5431485E+002, 1.9217783E+002, 4.7519712E-002
 1.2002108E+002, 1.2415388E+001, 5.6379360E+002, 1.9160281E+002, 4.7497872E-002
 1.2120735E+002, 1.2398007E+001, 5.7440030E+002, 1.9150207E+002, 4.7475890E-002
 1.2241995E+002, 1.2380619E+001, 5.6577530E+002, 1.9130426E+002, 4.7452718E-002
 1.2361088E+002, 1.2363159E+001, 5.5775656E+002, 1.8955536E+002, 4.7428762E-002
 1.2481601E+002, 1.2345903E+001, 5.5272593E+002, 1.8847132E+002, 4.7405340E-002
 1.2602052E+002, 1.2328788E+001, 5.5068326E+002, 1.8586651E+002, 4.7382765E-002
 1.2721764E+002, 1.2311787E+001, 5.5642536E+002, 1.8665339E+002, 4.7361231E-002
 1.2842528E+002, 1.2294707E+001, 5.5886668E+002, 1.8758871E+002, 4.7340257E-002
 1.2962168E+002, 1.2277554E+001, 5.5524890E+002, 1.8742696E+002, 4.7319271E-002
 1.3082594E+002, 1.2260463E+001, 5.5860338E+002, 1.8705832E+002, 4.7298280E-002
 1.3201476E+002, 1.2243462E+001, 5.5632808E+002, 1.8518879E+002, 4.7277380E-002
 1.3320060E+002, 1.2226706E+001, 5.5522486E+002, 1.8487295E+002, 4.7256769E-002
 1.3440016E+002, 1.2210019E+001, 5.5970973E+002, 1.8120395E+002, 4.7236110E-002
 1.3562174E+002, 1.2193335E+001, 5.6269145E+002, 1.7926221E+002, 4.7215274E-002
 1.3680380E+002, 1.2176936E+001, 5.6209474E+002, 1.8009033E+002, 4.7194426E-002
 1.3802383E+002, 1.2160580E+001, 5.6236550E+002, 1.7675006E+002, 4.7173354E-002
 1.3921461E+002, 1.2144195E+001, 5.5763922E+002, 1.7941836E+002, 4.7152085E-002
 1.4042015E+002, 1.2127958E+001, 5.5294617E+002, 1.7675841E+002, 4.7131080E-002
 1.4161312E+002, 1.2111841E+001, 5.5749938E+002, 1.7751928E+002, 4.7110544E-002
 1.4282089E+002, 1.2095778E+001, 5.6083200E+002, 1.7666067E+002, 4.7090416E-002
 1.4401631E+002, 1.2079546E+001, 5.5969230E+002, 1.7768060E+002, 4.7070251E-002
 1.4521250E+002, 1.2063313E+001, 5.6066211E+002, 1.8109814E+002, 4.7050185E-002
 1.4641259E+002, 1.2046835E+001, 5.6276241E+002, 1.8101674E+002, 4.7030012E-002
 1.4761470E+002, 1.2030223E+001, 5.5599003E+002, 1.8298746E+002, 4.7009786E-002
 1.4881165E+002, 1.2013603E+001, 5.6479699E+002, 1.8281763E+002, 4.6989645E-002
 1.5000642E+002, 1.1997070E+001, 5.6356339E+002, 1.8334156E+002, 4.6969715E-002
 1.5120107E+002, 1.1980589E+001, 5.7208977E+002, 1.8215776E+002, 4.6949683E-002
 1.5241564E+002, 1.1963948E+001, 5.7684038E+002, 1.8289881E+002, 4.6929184E-002
 1.5362249E+002, 1.1947190E+001, 5.7585321E+002, 1.8287516E+002, 4.6908058E-002
 1.5481691E+002, 1.1930523E+001, 5.7960293E+002, 1.8323764E+002, 4.6886523E-002
 1.5602061E+002, 1.1913935E+001, 5.7501026E+002, 1.8319828E+002, 4.6864677E-002
 1.5720934E+002, 1.1897395E+001, 5.7143788E+002, 1.8324976E+002, 4.6842584E-002
 1.5842941E+002, 1.1880851E+001, 5.6684684E+002, 1.7921063E+002, 4.6820459E-002
 1.5960186E+002, 1.1864545E+001, 5.6570602E+002, 1.8101321E+002, 4.6798891E-002
 1.6082342E+002, 1.1848344E+001, 5.7096272E+002, 1.7727268E+002, 4.6777832E-002
 1.6201774E+002, 1.1832096E+001, 5.7222122E+002, 1.7750148E+002, 4.6757052E-002
 1.6320930E+002, 1.1816126E+001, 5.7430179E+002, 1.7821020E+002, 4.6736674E-002
 1.6441145E+002, 1.1800062E+001, 5.7213342E+002, 1.7754689E+002, 4.6716113E-002
 1.6561357E+002, 1.1783890E+001, 5.7100899E+002, 1.7776318E+002, 4.6695443E-002
 1.6681855E+002, 1.1767665E+001, 5.7351477E+002, 1.7928277E+002, 4.6674883E-002
 1.6800838E+002, 1.1751499E+001, 5.7497784E+002, 1.7801948E+002, 4.6654516E-002
 1.6921347E+002, 1.1735339E+001, 5.6945174E+002, 1.7914095E+002, 4.6634162E-002
 1.7042108E+002, 1.1719022E+001, 5.7462738E+002, 1.7823592E+002, 4.6613702E-002
 1.7161278E+002, 1.1702804E+001, 5.8144590E+002, 1.7950951E+002, 4.6593531E-002
 1.7282518E+002, 1.1686636E+001, 5.7964266E+002, 1.7776885E+002, 4.6573295E-002
 1.7400950E+002, 1.1670646E+001, 5.8400532E+002, 1.7557132E+002, 4.6552888E-002
 1.7521752E+002, 1.1654801E+001, 5.8642953E+002, 1.7603197E+002, 4.6532311E-002
 1.7640144E+002, 1.1639045E+001, 5.7792292E+002, 1.7350855E+002, 4.6511486E-002
 1.7761944E+002, 1.1623265E+001, 5.7628275E+002, 1.7352485E+002, 4.6490334E-002
 1.7881271E+002, 1.1607464E+001, 5.8333537E+002, 1.7359939E+002, 4.6469238E-002
 1.8001855E+002, 1.1591741E+001, 5.8201165E+002, 1.7288997E+002, 4.6448473E-002
 1.8122320E+002, 1.1575971E+001, 5.9194122E+002, 1.7315374E+002, 4.6427688E-002
 1.8242264E+002, 1.1560275E+001, 5.9844196E+002, 1.7251125E+002, 4.6406922E-002
 1.8360561E+002, 1.1544748E+001, 5.9719424E+002, 1.7261375E+002, 4.6385959E-002
 1.8481911E+002, 1.1529227E+001, 5.9390089E+002, 1.7242172E+002, 4.6364429E-002
 1.8601853E+002, 1.1513567E+001, 5.8837299E+002, 1.7209548E+002, 4.6342287E-002
 1.8721674E+002, 1.1498035E+001, 5.8094763E+002, 1.7137712E+002, 4.6320227E-002
 1.8841903E+002, 1.1482497E+001, 5.8210676E+002, 1.7021414E+002, 4.6298429E-002
 1.8961932E+002, 1.1466987E+001, 5.9324948E+002, 1.7207456E+002, 4.6277138E-002
 1.9082201E+002, 1.1451531E+001, 5.8065670E+002, 1.6934296E+002, 4.6256263E-002
 1.9202593E+002, 1.1436078E+001, 5.9106123E+002, 1.6911853E+002, 4.6235464E-002
 1.9320905E+002, 1.1420836E+001, 5.9081415E+002, 1.6923857E+002, 4.6215106E-002
 1.9440347E+002, 1.1405733E+001, 6.0137046E+002, 1.6752662E+002, 4.6194896E-002
 1.9560373E+002, 1.1390588E+001, 5.9671969E+002, 1.6693154E+002, 4.6174388E-002
 1.9681113E+002, 1.1375421E+001, 5.9598294E+002, 1.6676623E+002, 4.6153479E-002
 1.9800247E+002, 1.1360358E+001, 6.0070296E+002, 1.6618963E+002, 4.6132432E-002
 1.9921604E+002, 1.1345293E+001, 6.1679393E+002, 1.6474561E+002, 4.6111208E-002
 2.0041780E+002, 1.1330217E+001, 6.0366342E+002, 1.6535825E+002, 4.6089699E-002
 2.0160808E+002, 1.1315273E+001, 5.9677362E+002, 1.6531973E+002, 4.6067879E-002
 2.0280333E+002, 1.1300387E+001, 5.9626830E+002, 1.6449660E+002, 4.6045944E-002
 2.0401284E+002, 1.1285414E+001, 5.9998670E+002, 1.6503767E+002, 4.6024040E-002
 2.0522115E+002, 1.1270404E+001, 5.9945627E+002, 1.6298603E+002, 4.6002310E-002
 2.0640132E+002, 1.1255603E+001, 5.8906005E+002, 1.6282641E+002, 4.5981041E-002
 2.0760048E+002, 1.1240913E+001, 5.8228140E+002, 1.6067264E+002, 4.5960086E-002
 2.0880523E+002, 1.1226165E+001, 5.8546110E+002, 1.6079424E+002, 4.5939370E-002
 2.1001608E+002, 1.1211453E+001, 5.9097839E+002, 1.6070563E+002, 4.5919149E-002
 2.1121911E+002, 1.1196904E+001, 5.9398335E+002, 1.5871059E+002, 4.5899471E-002
 2.1241175E+002, 1.1182563E+001, 5.9194246E+002, 1.5734143E+002, 4.5880183E-002
 2.1360236E+002, 1.1168380E+001, 5.8692258E+002, 1.5759655E+002, 4.5861082E-002
 2.1481379E+002, 1.1154082E+001, 5.9101667E+002, 1.5673723E+002, 4.5841839E-002
 2.1601321E+002, 1.1139778E+001, 5.8230396E+002, 1.5738526E+002, 4.5822701E-002
 2.1721840E+002, 1.1125488E+001, 5.8144002E+002, 1.5607695E+002, 4.5803715E-002
 2.1840603E+002, 1.1111270E+001, 5.7787042E+002, 1.5719217E+002, 4.5785049E-002
 2.1960022E+002, 1.1097138E+001, 5.7682786E+002, 1.5638638E+002, 4.5766800E-002
 2.2082145E+002, 1.1082809E+001, 5.7778314E+002, 1.5643229E+002, 4.5748646E-002
 2.2201878E+002, 1.1068465E+001, 5.8592947E+002, 1.5617837E+002, 4.5730812E-002
 2.2320181E+002, 1.1054366E+001, 5.8346452E+002, 1.5596869E+002, 4.5713485E-002
 2.2440122E+002, 1.1040332E+001, 5.7892109E+002, 1.5408207E+002, 4.5696236E-002
 2.2562464E+002, 1.1026140E+001, 5.7925535E+002, 1.5426255E+002, 4.5678711E-002
 2.2682605E+002, 1.1012011E+001, 5.8820689E+002, 1.5317723E+002, 4.5661251E-002
 2.2800758E+002, 1.0998178E+001, 5.8849880E+002, 1.5320219E+002, 4.5644161E-002
 2.2922571E+002, 1.0984353E+001, 5.9519982E+002, 1.5203653E+002, 4.5626963E-002
 2.3040738E+002, 1.0970571E+001, 5.9502347E+002, 1.5119322E+002, 4.5609601E-002
 2.3161480E+002, 1.0956875E+001, 5.9717671E+002, 1.5174474E+002, 4.5592048E-002
 2.3281468E+002, 1.0943063E+001, 6.0255084E+002, 1.5097867E+002, 4.5574073E-002
 2.3400882E+002, 1.0929356E+001, 5.9406197E+002, 1.5156492E+002, 4.5555974E-002
 2.3520939E+002, 1.0915623E+001, 5.8854246E+002, 1.5130476E+002, 4.5537550E-002
 2.3641751E+002, 1.0901827E+001, 5.8884908E+002, 1.5136403E+002, 4.5518886E-002
 2.3762795E+002, 1.0887950E+001, 5.8895153E+002, 1.5043421E+002, 4.5500158E-002
 2.3881291E+002, 1.0874250E+001, 5.9758627E+002, 1.5188616E+002, 4.5481814E-002
 2.4001276E+002, 1.0860603E+001, 5.9099283E+002, 1.5110477E+002, 4.5463690E-002
 2.4121979E+002, 1.0846855E+001, 5.9921044E+002, 1.5071886E+002, 4.5445466E-002
 2.4241304E+002, 1.0833153E+001, 6.0452549E+002, 1.5089060E+002, 4.5427293E-002
 2.4360399E+002, 1.0819567E+001, 5.9629280E+002, 1.5040875E+002, 4.5409205E-002
 2.4482095E+002, 1.0805871E+001, 6.1049382E+002, 1.4978054E+002, 4.5390777E-002
 2.4600346E+002, 1.0792242E+001, 6.0597837E+002, 1.4974932E+002, 4.5372274E-002
 2.4721733E+002, 1.0778640E+001, 6.0366142E+002, 1.5021185E+002, 4.5353604E-002
 2.4840724E+002, 1.0765010E+001, 5.9489555E+002, 1.4912547E+002, 4.5334687E-002
 2.4962065E+002, 1.0751385E+001, 6.0300802E+002, 1.4933368E+002, 4.5315646E-002
 2.5081505E+002, 1.0737783E+001, 5.9274840E+002, 1.4907729E+002, 4.5296651E-002
 2.5202183E+002, 1.0724245E+001, 5.8828562E+002, 1.4921227E+002, 4.5277804E-002
 2.5321944E+002, 1.0710723E+001, 6.0486133E+002, 1.4833333E+002, 4.5259104E-002
 2.5440737E+002, 1.0697316E+001, 6.0167098E+002, 1.4876797E+002, 4.5240808E-002
 2.5561987E+002, 1.0683844E+001, 5.9331805E+002, 1.4844414E+002, 4.5222577E-002
 2.5682508E+002, 1.0670291E+001, 5.9637224E+002, 1.4803737E+002, 4.5204251E-002
 2.5802556E+002, 1.0656784E+001, 6.0080060E+002, 1.4787942E+002, 4.5186050E-002
 2.5921145E+002, 1.0643420E+001, 5.9600697E+002, 1.4870007E+002, 4.5168162E-002
 2.6040152E+002, 1.0630073E+001, 5.9585941E+002, 1.4792431E+002, 4.5150389E-002
 2.6162418E+002, 1.0616545E+001, 5.9391541E+002, 1.4845571E+002, 4.5132448E-002
 2.6281316E+002, 1.0603014E+001, 5.9102384E+002, 1.4718930E+002, 4.5114586E-002
 2.6401834E+002, 1.0589622E+001, 5.9252821E+002, 1.4706977E+002, 4.5096982E-002
 2.6521046E+002, 1.0576253E+001, 5.9931795E+002, 1.4682107E+002, 4.5079513E-002
 2.6642485E+002, 1.0562860E+001, 5.9889393E+002, 1.4509728E+002, 4.5062118E-002
 2.6762695E+002, 1.0549475E+001, 5.9622087E+002, 1.4646272E+002, 4.5044763E-002
 2.6881117E+002, 1.0536285E+001, 5.9062451E+002, 1.4440342E+002, 4.5027609E-002
 2.7002505E+002, 1.0523092E+001, 5.8656773E+002, 1.4535231E+002, 4.5010388E-002
 2.7120259E+002, 1.0510001E+001, 5.9168014E+002, 1.4498153E+002, 4.4993298E-002
 2.7240105E+002, 1.0497046E+001, 5.9291100E+002, 1.4414552E+002, 4.4976475E-002
 2.7362300E+002, 1.0483871E+001, 5.9948353E+002, 1.4368342E+002, 4.4959499E-002
 2.7480428E+002, 1.0470787E+001, 5.9069600E+002, 1.4244650E+002, 4.4942738E-002
 2.7601436E+002, 1.0457774E+001, 5.8686520E+002, 1.4204696E+002, 4.4926082E-002
 2.7722472E+002, 1.0444642E+001, 5.8918968E+002, 1.4258870E+002, 4.4909276E-002
 2.7841284E+002, 1.0431672E+001, 5.9112031E+002, 1.4075493E+002, 4.4892718E-002
 2.7960555E+002, 1.0418858E+001, 5.8988006E+002, 1.4219631E+002, 4.4876412E-002
 2.8081637E+002, 1.0405980E+001, 5.9273817E+002, 1.4119879E+002, 4.4860048E-002
 2.8201074E+002, 1.0393152E+001, 5.8686772E+002, 1.4063045E+002, 4.4843766E-002
 2.8320842E+002, 1.0380421E+001, 5.8942889E+002, 1.4057991E+002, 4.4827604E-002
 2.8440737E+002, 1.0367718E+001, 5.8905690E+002, 1.3911520E+002, 4.4811502E-002
 2.8561238E+002, 1.0354974E+001, 5.8534576E+002, 1.3961457E+002, 4.4795411E-002
 2.8681165E+002, 1.0342232E+001, 5.8775472E+002, 1.3911504E+002, 4.4779390E-002
 2.8800046E+002, 1.0329592E+001, 5.9541609E+002, 1.3974139E+002, 4.4763571E-002
 2.8920634E+002, 1.0316951E+001, 5.9888056E+002, 1.3865109E+002, 4.4747818E-002
 2.9040522E+002, 1.0304258E+001, 5.9052889E+002, 1.3965386E+002, 4.4732015E-002
 2.9160842E+002, 1.0291597E+001, 5.9489591E+002, 1.3968814E+002, 4.4716178E-002
 2.9280626E+002, 1.0278957E+001, 5.8886062E+002, 1.3843384E+002, 4.4700292E-002
 2.9401363E+002, 1.0266296E+001, 5.8637582E+002, 1.3830107E+002, 4.4684329E-002
 2.9521114E+002, 1.0253658E+001, 5.8465907E+002, 1.3956465E+002, 4.4668380E-002
 2.9640943E+002, 1.0241075E+001, 5.8858406E+002, 1.3890798E+002, 4.4652544E-002
 2.9762304E+002, 1.0228395E+001, 5.9671220E+002, 1.3872064E+002, 4.4636683E-002
 2.9880299E+002, 1.0215814E+001, 5.9464360E+002, 1.3945943E+002, 4.4621060E-002
 3.0001784E+002, 1.0203219E+001, 5.9598368E+002, 1.3874700E+002, 4.4605481E-002
 3.0120907E+002, 1.0190530E+001, 6.0094247E+002, 1.3927199E+002, 4.4589792E-002
 3.0241285E+002, 1.0177910E+001, 6.0362022E+002, 1.3968718E+002, 4.4574156E-002
 3.0361952E+002, 1.0165190E+001, 5.9964093E+002, 1.3999373E+002, 4.4558322E-002
 3.0482652E+002, 1.0152464E+001, 6.0536484E+002, 1.3962555E+002, 4.4542357E-002
 3.0601010E+002, 1.0139848E+001, 6.0413275E+002, 1.3981534E+002, 4.4526396E-002
 3.0720696E+002, 1.0127295E+001, 6.0484575E+002, 1.3937347E+002, 4.4510391E-002
 3.0841318E+002, 1.0114599E+001, 6.0435596E+002, 1.3966819E+002, 4.4494074E-002
 3.0960009E+002, 1.0101992E+001, 6.0473401E+002, 1.3947636E+002, 4.4477755E-002
 3.1081568E+002, 1.0089298E+001, 6.0354654E+002, 1.4016319E+002, 4.4461232E-002
 3.1200765E+002, 1.0076598E+001, 5.9894380E+002, 1.3963555E+002, 4.4444633E-002
 3.1323072E+002, 1.0063866E+001, 6.0904880E+002, 1.3958602E+002, 4.4427936E-002
 3.1443264E+002, 1.0051048E+001, 6.1558512E+002, 1.3816923E+002, 4.4411101E-002
 3.1561583E+002, 1.0038527E+001, 6.1229041E+002, 1.3950937E+002, 4.4394626E-002
 3.1681768E+002, 1.0026017E+001, 6.0729931E+002, 1.3921896E+002, 4.4378068E-002
 3.1802170E+002, 1.0013424E+001, 6.0629461E+002, 1.3768991E+002, 4.4361233E-002
 3.1921943E+002, 1.0000900E+001, 6.0665239E+002, 1.3862757E+002, 4.4344343E-002
 3.2040350E+002, 9.9885162E+000, 6.0175263E+002, 1.3803990E+002, 4.4327562E-002
 3.2160567E+002, 9.9761327E+000, 6.1566289E+002, 1.3696594E+002, 4.4310762E-002
 3.2282665E+002, 9.9635619E+000, 6.0902940E+002, 1.3709355E+002, 4.4293732E-002
 3.2402534E+002, 9.9510072E+000, 6.0911414E+002, 1.3737531E+002, 4.4276758E-002
 3.2520508E+002, 9.9386987E+000, 6.1632488E+002, 1.3700659E+002, 4.4260110E-002
 3.2641147E+002, 9.9263490E+000, 6.1608773E+002, 1.3734226E+002, 4.4243387E-002
 3.2760030E+002, 9.9139698E+000, 6.1019403E+002, 1.3623860E+002, 4.4226591E-002
 3.2880689E+002, 9.9015847E+000, 6.1284676E+002, 1.3790086E+002, 4.4209726E-002
 3.3000939E+002, 9.8891707E+000, 6.1895898E+002, 1.3646340E+002, 4.4192763E-002
 3.3121512E+002, 9.8767272E+000, 6.1841156E+002, 1.3553051E+002, 4.4175731E-002
 3.3240277E+002, 9.8644153E+000, 6.2546802E+002, 1.3583090E+002, 4.4158839E-002
 3.3363784E+002, 9.8519411E+000, 6.2027045E+002, 1.3528707E+002, 4.4141639E-002
 3.3480772E+002, 9.8396575E+000, 6.2023035E+002, 1.3619650E+002, 4.4124573E-002
 3.3601442E+002, 9.8275315E+000, 6.0844839E+002, 1.3411266E+002, 4.4107557E-002
 3.3720524E+002, 9.8153836E+000, 6.1483804E+002, 1.3490442E+002, 4.4090347E-002
 3.3842770E+002, 9.8031795E+000, 6.0708360E+002, 1.3276555E+002, 4.4072953E-002
 3.3960732E+002, 9.7910996E+000, 6.0777056E+002, 1.3319554E+002, 4.4055719E-002
 3.4082153E+002, 9.7790945E+000, 6.0389753E+002, 1.3260284E+002, 4.4038636E-002
 3.4202026E+002, 9.7670324E+000, 6.0978589E+002, 1.3244872E+002, 4.4021561E-002
 3.4320847E+002, 9.7551111E+000, 6.0482296E+002, 1.3136729E+002, 4.4004814E-002
 3.4440485E+002, 9.7432271E+000, 6.1568034E+002, 1.3108854E+002, 4.3988263E-002
 3.4561941E+002, 9.7312304E+000, 6.1631901E+002, 1.3240547E+002, 4.3971696E-002
 3.4682942E+002, 9.7191638E+000, 6.1261736E+002, 1.3084006E+002, 4.3955145E-002
 3.4801595E+002, 9.7072453E+000, 6.0980430E+002, 1.3129127E+002, 4.3938850E-002
 3.4920159E+002, 9.6954847E+000, 6.0676249E+002, 1.3093410E+002, 4.3922782E-002
 3.5042006E+002, 9.6835424E+000, 6.0791960E+002, 1.3096912E+002, 4.3906472E-002
 3.5161662E+002, 9.6715927E+000, 6.0483539E+002, 1.3092766E+002, 4.3890173E-002
 3.5281352E+002, 9.6597944E+000, 6.1179583E+002, 1.3040537E+002, 4.3874119E-002
 3.5400159E+002, 9.6480386E+000, 6.0364890E+002, 1.3058123E+002, 4.3858175E-002
 3.5520317E+002, 9.6363011E+000, 6.0862377E+002, 1.3026102E+002, 4.3842313E-002
 3.5641788E+002, 9.6244459E+000, 6.0382194E+002, 1.2931685E+002, 4.3826342E-002
 3.5761017E+002, 9.6126455E+000, 5.9946472E+002, 1.2949635E+002, 4.3810501E-002
 3.5881282E+002, 9.6009393E+000, 6.1239108E+002, 1.2945416E+002, 4.3794845E-002
 3.6001941E+002, 9.5891504E+000, 6.0955465E+002, 1.2814741E+002, 4.3779158E-002
 3.6120361E+002, 9.5774995E+000, 6.1636119E+002, 1.2916638E+002, 4.3763735E-002
 3.6240057E+002, 9.5658688E+000, 6.1144416E+002, 1.2877770E+002, 4.3748388E-002
 3.6362459E+002, 9.5540681E+000, 6.1165549E+002, 1.2906392E+002, 4.3732829E-002
 3.6481471E+002, 9.5423168E+000, 6.1889899E+002, 1.2813740E+002, 4.3717315E-002
 3.6600567E+002, 9.5306960E+000, 6.1329574E+002, 1.2889545E+002, 4.3701944E-002
 3.6721316E+002, 9.5190404E+000, 6.1408869E+002, 1.2947175E+002, 4.3686483E-002
 3.6841327E+002, 9.5073573E+000, 6.1776239E+002, 1.2845353E+002, 4.3670922E-002
 3.6962648E+002, 9.4956315E+000, 6.1411665E+002, 1.2761694E+002, 4.3655239E-002
 3.7081561E+002, 9.4839787E+000, 6.1351131E+002, 1.2844862E+002, 4.3639601E-002
 3.7200579E+002, 9.4724565E+000, 6.0419990E+002, 1.2842750E+002, 4.3624089E-002
 3.7322173E+002, 9.4608040E+000, 6.0805840E+002, 1.2764612E+002, 4.3608364E-002
 3.7442421E+002, 9.4491057E+000, 6.0620838E+002, 1.2762244E+002, 4.3592571E-002
 3.7561335E+002, 9.4375343E+000, 6.1732989E+002, 1.2659836E+002, 4.3576988E-002
 3.7682511E+002, 9.4259401E+000, 6.2989255E+002, 1.2815100E+002, 4.3561434E-002
 3.7801290E+002, 9.4143851E+000, 6.2526962E+002, 1.2684643E+002, 4.3545986E-002
 3.7921875E+002, 9.4028710E+000, 6.2077310E+002, 1.2649708E+002, 4.3530587E-002
 3.8040424E+002, 9.3914017E+000, 6.1674768E+002, 1.2682448E+002, 4.3515159E-002
 3.8161156E+002, 9.3799364E+000, 6.2014827E+002, 1.2680639E+002, 4.3499603E-002
 3.8280447E+002, 9.3684622E+000, 6.1767958E+002, 1.2655141E+002, 4.3483915E-002
 3.8401064E+002, 9.3570244E+000, 6.1372039E+002, 1.2542982E+002, 4.3468185E-002
 3.8521027E+002, 9.3455653E+000, 6.2177947E+002, 1.2596886E+002, 4.3452360E-002
 3.8640270E+002, 9.3342192E+000, 6.1796979E+002, 1.2530521E+002, 4.3436657E-002
 3.8762769E+002, 9.3227374E+000, 6.1509400E+002, 1.2542619E+002, 4.3420754E-002
 3.8882166E+002, 9.3112898E+000, 6.2433522E+002, 1.2516958E+002, 4.3404886E-002
 3.9002070E+002, 9.2999827E+000, 6.1866771E+002, 1.2568430E+002, 4.3389205E-002
 3.9121791E+002, 9.2886588E+000, 6.2246202E+002, 1.2479006E+002, 4.3373504E-002
 3.9240503E+002, 9.2773978E+000, 6.1546214E+002, 1.2477187E+002, 4.3357892E-002
 3.9361994E+002, 9.2660619E+000, 6.2480052E+002, 1.2477907E+002, 4.3342175E-002
 3.9481923E+002, 9.2546490E+000, 6.2838897E+002, 1.2476849E+002, 4.3326358E-002
 3.9600246E+002, 9.2434016E+000, 6.1685750E+002, 1.2488954E+002, 4.3310784E-002
 3.9720124E+002, 9.2321735E+000, 6.1922372E+002, 1.2467875E+002, 4.3295235E-002
 3.9841471E+002, 9.2207823E+000, 6.1806037E+002, 1.2461820E+002, 4.3279437E-002
 3.9960387E+002, 9.2094566E+000, 6.2272786E+002, 1.2486879E+002, 4.3263718E-002
 4.0081440E+002, 9.1981306E+000, 6.1240857E+002, 1.2522104E+002, 4.3248002E-002
 4.0200855E+002, 9.1868219E+000, 6.0659611E+002, 1.2392811E+002, 4.3232324E-002
 4.0321097E+002, 9.1755606E+000, 6.1579560E+002, 1.2487436E+002, 4.3216729E-002
 4.0440250E+002, 9.1643141E+000, 6.1048913E+002, 1.2421846E+002, 4.3201198E-002
 4.0560656E+002, 9.1530686E+000, 6.1543944E+002, 1.2367945E+002, 4.3185745E-002
 4.0681462E+002, 9.1417865E+000, 6.1589255E+002, 1.2453562E+002, 4.3170327E-002
 4.0801290E+002, 9.1305232E+000, 6.1075111E+002, 1.2383380E+002, 4.3155022E-002
 4.0921670E+002, 9.1192876E+000, 6.1144937E+002, 1.2327345E+002, 4.3139836E-002
 4.1041914E+002, 9.1080566E+000, 6.1429474E+002, 1.2316862E+002, 4.3124727E-002
 4.1160619E+002, 9.0968970E+000, 6.1877612E+002, 1.2383611E+002, 4.3109784E-002
 4.1282686E+002, 9.0856412E+000, 6.1241182E+002, 1.2332068E+002, 4.3094778E-002
 4.1400421E+002, 9.0744753E+000, 6.1133753E+002, 1.2323723E+002, 4.3079945E-002
 4.1523310E+002, 9.0632319E+000, 6.0653142E+002, 1.2257374E+002, 4.3065042E-002
 4.1641642E+002, 9.0520370E+000, 6.0386138E+002, 1.2318432E+002, 4.3050224E-002
 4.1762187E+002, 9.0409371E+000, 6.1013769E+002, 1.2322782E+002, 4.3035563E-002
 4.1882222E+002, 9.0297921E+000, 6.0761499E+002, 1.2209732E+002, 4.3020888E-002
 4.2002194E+002, 9.0186812E+000, 6.1092085E+002, 1.2234920E+002, 4.3006317E-002
 4.2121858E+002, 9.0076072E+000, 6.1471727E+002, 1.2212832E+002, 4.2991853E-002
 4.2240702E+002, 8.9966230E+000, 6.1134745E+002, 1.2246255E+002, 4.2977558E-002
 4.2360039E+002, 8.9856690E+000, 6.1192974E+002, 1.2135408E+002, 4.2963344E-002
 4.2482831E+002, 8.9745350E+000, 6.0835777E+002, 1.2138037E+002, 4.2948922E-002
 4.2601715E+002, 8.9634472E+000, 6.1220367E+002, 1.2162286E+002, 4.2934578E-002
 4.2720185E+002, 8.9525729E+000, 6.2047236E+002, 1.2164200E+002, 4.2920528E-002
 4.2842143E+002, 8.9415479E+000, 6.1241432E+002, 1.2141295E+002, 4.2906305E-002
 4.2960883E+002, 8.9305260E+000, 6.2045858E+002, 1.2077196E+002, 4.2892104E-002
 4.3081818E+002, 8.9195290E+000, 6.2173044E+002, 1.2113410E+002, 4.2877936E-002
 4.3200882E+002, 8.9085562E+000, 6.1334371E+002, 1.2161475E+002, 4.2863783E-002
 4.3321285E+002, 8.8975926E+000, 6.2023655E+002, 1.2060077E+002, 4.2849613E-002
 4.3440518E+002, 8.8866240E+000, 6.1963679E+002, 1.2039941E+002, 4.2835391E-002
 4.3561301E+002, 8.8756676E+000, 6.2257674E+002, 1.1930414E+002, 4.2821137E-002
 4.3683460E+002, 8.8645837E+000, 6.2790627E+002, 1.2066866E+002, 4.2806665E-002
 4.3800093E+002, 8.8536887E+000, 6.2776717E+002, 1.2026975E+002, 4.2792382E-002
 4.3921519E+002, 8.8428800E+000, 6.3525383E+002, 1.2004189E+002, 4.2778143E-002
 4.4042567E+002, 8.8318815E+000, 6.3408961E+002, 1.1965003E+002, 4.2763565E-002
 4.4160614E+002, 8.8210668E+000, 6.2986658E+002, 1.1785944E+002, 4.2749119E-002
 4.4282540E+002, 8.8102414E+000, 6.2273077E+002, 1.1887998E+002, 4.2734522E-002
 4.4400874E+002, 8.7994537E+000, 6.2530834E+002, 1.1890449E+002, 4.2719824E-002
 4.4521031E+002, 8.7887462E+000, 6.2388139E+002, 1.1862791E+002, 4.2705090E-002
 4.4642225E+002, 8.7779559E+000, 6.2571108E+002, 1.1843180E+002, 4.2690121E-002
 4.4762450E+002, 8.7671793E+000, 6.2503618E+002, 1.1752765E+002, 4.2675085E-002
 4.4881449E+002, 8.7565321E+000, 6.2250708E+002, 1.1825913E+002, 4.2660174E-002
 4.5000390E+002, 8.7459419E+000, 6.2495685E+002, 1.1727907E+002, 4.2645312E-002
 4.5121226E+002, 8.7352836E+000, 6.1886111E+002, 1.1714676E+002, 4.2630342E-002
 4.5242639E+002, 8.7244993E+000, 6.1474843E+002, 1.1711458E+002, 4.2615201E-002
 4.5362018E+002, 8.7138101E+000, 6.2019714E+002, 1.1720892E+002, 4.2600214E-002
 4.5481214E+002, 8.7032092E+000, 6.1785580E+002, 1.1714940E+002, 4.2585384E-002
 4.5600450E+002, 8.6926351E+000, 6.1412034E+002, 1.1743015E+002, 4.2570639E-002
 4.5720228E+002, 8.6820481E+000, 6.1849650E+002, 1.1737703E+002, 4.2555931E-002
 4.5841120E+002, 8.6713786E+000, 6.2467542E+002, 1.1673228E+002, 4.2541164E-002
 4.5960350E+002, 8.6607570E+000, 6.1781419E+002, 1.1690222E+002, 4.2526519E-002
 4.6081128E+002, 8.6501672E+000, 6.1800811E+002, 1.1696295E+002, 4.2511976E-002
 4.6200144E+002, 8.6395842E+000, 6.1854680E+002, 1.1630224E+002, 4.2497495E-002
 4.6321537E+002, 8.6289777E+000, 6.1537871E+002, 1.1695389E+002, 4.2483026E-002
 4.6440831E+002, 8.6183768E+000, 6.1706347E+002, 1.1624410E+002, 4.2468612E-002
 4.6562171E+002, 8.6077722E+000, 6.2564067E+002, 1.1633243E+002, 4.2454242E-002
 4.6681752E+002, 8.5971457E+000, 6.1978798E+002, 1.1640061E+002, 4.2439893E-002
 4.6800055E+002, 8.5866733E+000, 6.1136526E+002, 1.1634399E+002, 4.2425792E-002
 4.6920168E+002, 8.5761852E+000, 6.1436677E+002, 1.1582341E+002, 4.2411702E-002
 4.7042473E+002, 8.5655114E+000, 6.0802131E+002, 1.1480221E+002, 4.2397378E-002
 4.7160201E+002, 8.5549788E+000, 6.0581623E+002, 1.1545881E+002, 4.2383259E-002
 4.7282656E+002, 8.5444522E+000, 6.0616039E+002, 1.1536124E+002, 4.2369177E-002
 4.7401393E+002, 8.5339047E+000, 6.1459929E+002, 1.1599392E+002, 4.2355109E-002
 4.7521592E+002, 8.5234649E+000, 6.0830760E+002, 1.1461818E+002, 4.2341244E-002
 4.7641543E+002, 8.5129972E+000, 6.1072383E+002, 1.1512980E+002, 4.2327408E-002
 4.7760679E+002, 8.5026087E+000, 6.1075185E+002, 1.1500794E+002, 4.2313745E-002
 4.7881419E+002, 8.4921977E+000, 6.1686467E+002, 1.1438373E+002, 4.2300117E-002
 4.8001230E+002, 8.4817699E+000, 6.2126214E+002, 1.1429832E+002, 4.2286527E-002
 4.8121143E+002, 8.4713916E+000, 6.1650760E+002, 1.1379695E+002, 4.2273052E-002
 4.8242908E+002, 8.4609397E+000, 6.1891854E+002, 1.1455895E+002, 4.2259521E-002
 4.8361547E+002, 8.4505344E+000, 6.1861947E+002, 1.1384871E+002, 4.2246071E-002
 4.8480644E+002, 8.4402768E+000, 6.2303546E+002, 1.1385677E+002, 4.2232814E-002
 4.8601047E+002, 8.4299536E+000, 6.2670455E+002, 1.1362708E+002, 4.2219465E-002
 4.8720075E+002, 8.4196041E+000, 6.2407814E+002, 1.1299373E+002, 4.2206066E-002
 4.8840512E+002, 8.4092692E+000, 6.2499523E+002, 1.1386284E+002, 4.2192655E-002
 4.8962559E+002, 8.3988346E+000, 6.2650470E+002, 1.1306131E+002, 4.2179073E-002
 4.9081564E+002, 8.3884511E+000, 6.2724627E+002, 1.1209404E+002, 4.2165500E-002
 4.9202343E+002, 8.3781925E+000, 6.2332049E+002, 1.1407223E+002, 4.2152023E-002
 4.9321135E+002, 8.3679279E+000, 6.1912836E+002, 1.1300526E+002, 4.2138465E-002
 4.9441784E+002, 8.3576721E+000, 6.1729507E+002, 1.1235090E+002, 4.2124839E-002
 4.9560452E+002, 8.3474391E+000, 6.1263739E+002, 1.1272016E+002, 4.2111167E-002
 4.9680083E+002, 8.3372750E+000, 6.1296371E+002, 1.1252360E+002, 4.2097523E-002
 4.9802808E+002, 8.3269527E+000, 6.1163301E+002, 1.1218640E+002, 4.2083626E-002
 4.9920519E+002, 8.3167263E+000, 6.1643503E+002, 1.1164905E+002, 4.2069844E-002
 5.0042098E+002, 8.3065418E+000, 6.1088613E+002, 1.1082025E+002, 4.2056129E-002
 5.0163407E+002, 8.2962706E+000, 6.1469626E+002, 1.1215633E+002, 4.2042325E-002
 5.0282666E+002, 8.2860651E+000, 6.1491895E+002, 1.1189916E+002, 4.2028648E-002
 5.0400966E+002, 8.2760139E+000, 6.2508627E+002, 1.1182242E+002, 4.2015222E-002
 5.0521800E+002, 8.2659043E+000, 6.1430048E+002, 1.1054453E+002, 4.2001763E-002
 5.0641727E+002, 8.2557334E+000, 6.1544557E+002, 1.1138425E+002, 4.1988260E-002
 5.0762259E+002, 8.2455876E+000, 6.1371854E+002, 1.1148958E+002, 4.1974825E-002
 5.0881246E+002, 8.2354635E+000, 6.1337809E+002, 1.1060470E+002, 4.1961442E-002
 5.1003131E+002, 8.2253026E+000, 6.1229500E+002, 1.0997358E+002, 4.1948032E-002
 5.1121576E+002, 8.2151576E+000, 6.1481873E+002, 1.1036741E+002, 4.1934667E-002
 5.1241254E+002, 8.2051248E+000, 6.2034915E+002, 1.1084685E+002, 4.1921477E-002
 5.1361488E+002, 8.1950310E+000, 6.1583886E+002, 1.1106486E+002, 4.1908237E-002
 5.1481742E+002, 8.1849090E+000, 6.2011402E+002, 1.1056156E+002, 4.1894985E-002
 5.1602610E+002, 8.1747761E+000, 6.2098740E+002, 1.1116729E+002, 4.1881736E-002
 5.1720201E+002, 8.1647637E+000, 6.1662615E+002, 1.1048377E+002, 4.1868646E-002
 5.1843028E+002, 8.1546906E+000, 6.2333202E+002, 1.1018421E+002, 4.1855472E-002
 5.1961209E+002, 8.1445995E+000, 6.1562799E+002, 1.0968996E+002, 4.1842261E-002
 5.2080184E+002, 8.1346989E+000, 6.1954983E+002, 1.1032775E+002, 4.1829278E-002
 5.2200462E+002, 8.1247242E+000, 6.1868546E+002, 1.0992017E+002, 4.1816180E-002
 5.2323338E+002, 8.1145749E+000, 6.1132724E+002, 1.0866381E+002, 4.1802829E-002
 5.2440187E+002, 8.1045946E+000, 6.1417657E+002, 1.0981978E+002, 4.1789681E-002
 5.2562735E+002, 8.0946482E+000, 6.1138880E+002, 1.0920283E+002, 4.1776565E-002
 5.2682661E+002, 8.0845765E+000, 6.1213334E+002, 1.0942296E+002, 4.1763279E-002
 5.2803012E+002, 8.0746057E+000, 6.0932443E+002, 1.0918769E+002, 4.1750131E-002
 5.2922143E+002, 8.0646609E+000, 6.1483601E+002, 1.0896157E+002, 4.1737031E-002
 5.3040477E+002, 8.0548201E+000, 6.1421416E+002, 1.0907023E+002, 4.1724095E-002
 5.3160224E+002, 8.0449486E+000, 6.1428786E+002, 1.0872243E+002, 4.1711152E-002
 5.3282357E+002, 8.0349348E+000, 6.1304689E+002, 1.0918608E+002, 4.1698061E-002
 5.3401379E+002, 8.0249422E+000, 6.1136371E+002, 1.0819217E+002, 4.1685037E-002
 5.3520469E+002, 8.0150851E+000, 6.0824514E+002, 1.0862012E+002, 4.1672221E-002
 5.3641256E+002, 8.0051447E+000, 6.1565049E+002, 1.0891078E+002, 4.1659329E-002
 5.3760026E+002, 7.9952262E+000, 6.1620405E+002, 1.0872298E+002, 4.1646496E-002
 5.3881194E+002, 7.9852960E+000, 6.1775316E+002, 1.0905113E+002, 4.1633678E-002
 5.4001943E+002, 7.9752902E+000, 6.2558559E+002, 1.0781485E+002, 4.1620796E-002
 5.4121754E+002, 7.9653345E+000, 6.2160438E+002, 1.0855481E+002, 4.1608004E-002
 5.4240798E+002, 7.9554684E+000, 6.2343376E+002, 1.0880662E+002, 4.1595340E-002
 5.4360095E+002, 7.9456221E+000, 6.1894429E+002, 1.0878043E+002, 4.1582704E-002
 5.4482334E+002, 7.9356259E+000, 6.1721272E+002, 1.0846775E+002, 4.1569861E-002
 5.4600467E+002, 7.9257016E+000, 6.2416517E+002, 1.0842807E+002, 4.1557085E-002
 5.4721234E+002, 7.9158529E+000, 6.2632404E+002, 1.0865610E+002, 4.1544379E-002
 5.4842480E+002, 7.9058775E+000, 6.1759071E+002, 1.0793155E+002, 4.1531478E-002
 5.4962227E+002, 7.8959445E+000, 6.1461347E+002, 1.0844346E+002, 4.1518600E-002
 5.5082096E+002, 7.8860551E+000, 6.1641433E+002, 1.0805716E+002, 4.1505749E-002
 5.5201284E+002, 7.8762024E+000, 6.1796677E+002, 1.0837871E+002, 4.1492920E-002
 5.5322080E+002, 7.8663191E+000, 6.1509645E+002, 1.0864380E+002, 4.1480030E-002
 5.5442764E+002, 7.8563652E+000, 6.1829926E+002, 1.0766113E+002, 4.1467040E-002
 5.5560498E+002, 7.8465362E+000, 6.1871318E+002, 1.0894556E+002, 4.1454216E-002
 5.5682272E+002, 7.8366604E+000, 6.1997437E+002, 1.0757441E+002, 4.1441339E-002
 5.5801929E+002, 7.8266927E+000, 6.2164729E+002, 1.0787452E+002, 4.1428357E-002
 5.5920788E+002, 7.8168663E+000, 6.2189276E+002, 1.0825596E+002, 4.1415575E-002
 5.6042849E+002, 7.8069212E+000, 6.2565631E+002, 1.0799970E+002, 4.1402652E-002
 5.6162469E+002, 7.7969315E+000, 6.2482895E+002, 1.0797672E+002, 4.1389682E-002
 5.6282597E+002, 7.7870598E+000, 6.2899036E+002, 1.0823275E+002, 4.1376865E-002
 5.6401938E+002, 7.7771924E+000, 6.1745818E+002, 1.0828002E+002, 4.1364043E-002
 5.6522947E+002, 7.7673011E+000, 6.1298626E+002, 1.0792487E+002, 4.1351166E-002
 5.6642364E+002, 7.7573985E+000, 6.1407243E+002, 1.0770661E+002, 4.1338245E-002
 5.6760086E+002, 7.7476523E+000, 6.1776112E+002, 1.0843724E+002, 4.1325496E-002
 5.6880620E+002, 7.7378717E+000, 6.1993040E+002, 1.0715254E+002, 4.1312683E-002
 5.7002263E+002, 7.7279146E+000, 6.1400333E+002, 1.0739134E+002, 4.1299625E-002
 5.7121016E+002, 7.7180558E+000, 6.1670803E+002, 1.0669268E+002, 4.1286697E-002
 5.7242709E+002, 7.7082021E+000, 6.1500167E+002, 1.0749011E+002, 4.1273785E-002
 5.7360691E+002, 7.6983881E+000, 6.1982921E+002, 1.0719321E+002, 4.1260938E-002
 5.7482238E+002, 7.6885641E+000, 6.2759302E+002, 1.0751639E+002, 4.1248099E-002
 5.7600711E+002, 7.6787558E+000, 6.2608392E+002, 1.0694492E+002, 4.1235304E-002
 5.7722520E+002, 7.6689249E+000, 6.2954846E+002, 1.0678305E+002, 4.1222499E-002
 5.7841965E+002, 7.6590607E+000, 6.2648196E+002, 1.0731964E+002, 4.1209669E-002
 5.7962910E+002, 7.6492466E+000, 6.2267494E+002, 1.0702795E+002, 4.1196905E-002
 5.8081757E+002, 7.6394641E+000, 6.2504726E+002, 1.0667782E+002, 4.1184176E-002
 5.8202457E+002, 7.6296821E+000, 6.2844192E+002, 1.0657460E+002, 4.1171431E-002
 5.8321888E+002, 7.6198849E+000, 6.2702522E+002, 1.0739210E+002, 4.1158645E-002
 5.8442611E+002, 7.6100862E+000, 6.2737288E+002, 1.0631090E+002, 4.1145832E-002
 5.8562340E+002, 7.6002690E+000, 6.3172303E+002, 1.0660835E+002, 4.1132971E-002
 5.8681454E+002, 7.5905281E+000, 6.3456599E+002, 1.0607782E+002, 4.1120188E-002
 5.8802857E+002, 7.5807297E+000, 6.3089513E+002, 1.0665595E+002, 4.1107301E-002
 5.8920000E+002, 7.5710004E+000, 6.3551154E+002, 1.0626932E+002, 4.1094475E-002
 5.9043025E+002, 7.5612266E+000, 6.3476683E+002, 1.0684312E+002, 4.1081561E-002
 5.9162057E+002, 7.5513756E+000, 6.3234217E+002, 1.0634640E+002, 4.1068505E-002
 5.9280011E+002, 7.5417170E+000, 6.3602395E+002, 1.0611166E+002, 4.1055663E-002
 5.9401911E+002, 7.5319495E+000, 6.4177605E+002, 1.0661764E+002, 4.1042636E-002
 5.9521509E+002, 7.5221339E+000, 6.4259899E+002, 1.0615196E+002, 4.1029503E-002
 5.9640234E+002, 7.5124550E+000, 6.3700540E+002, 1.0621182E+002, 4.1016503E-002
 5.9762505E+002, 7.5026366E+000, 6.2965196E+002, 1.0607200E+002, 4.1003260E-002
 5.9881930E+002, 7.4928387E+000, 6.2872722E+002, 1.0674796E+002, 4.0989982E-002
 6.0002686E+002, 7.4830875E+000, 6.2787142E+002, 1.0610521E+002, 4.0976707E-002
 6.0122419E+002, 7.4733225E+000, 6.2713333E+002, 1.0602813E+002, 4.0963355E-002
 6.0240282E+002, 7.4636859E+000, 6.2696517E+002, 1.0629364E+002, 4.0950133E-002
 6.0361956E+002, 7.4539672E+000, 6.3256452E+002, 1.0541688E+002, 4.0936769E-002
 6.0481760E+002, 7.4441851E+000, 6.3405224E+002, 1.0620350E+002, 4.0923305E-002
 6.0601670E+002, 7.4344579E+000, 6.3877757E+002, 1.0564195E+002, 4.0909921E-002
 6.0720982E+002, 7.4247573E+000, 6.3833614E+002, 1.0615828E+002, 4.0896586E-002
 6.0840411E+002, 7.4150714E+000, 6.3278565E+002, 1.0545800E+002, 4.0883283E-002
 6.0960264E+002, 7.4053695E+000, 6.3262821E+002, 1.0639587E+002, 4.0869964E-002
 6.1080433E+002, 7.3956506E+000, 6.2533341E+002, 1.0545478E+002, 4.0856625E-002
 6.1200748E+002, 7.3859013E+000, 6.3423959E+002, 1.0622451E+002, 4.0843239E-002
 6.1321880E+002, 7.3761057E+000, 6.3273570E+002, 1.0561111E+002, 4.0829789E-002
 6.1441130E+002, 7.3663637E+000, 6.2746570E+002, 1.0586095E+002, 4.0816406E-002
 6.1561889E+002, 7.3566502E+000, 6.2932178E+002, 1.0544255E+002, 4.0803063E-002
 6.1681025E+002, 7.3469336E+000, 6.2556665E+002, 1.0613797E+002, 4.0789716E-002
 6.1800483E+002, 7.3372789E+000, 6.2368750E+002, 1.0512409E+002, 4.0776457E-002
 6.1921744E+002, 7.3275640E+000, 6.2491912E+002, 1.0615765E+002, 4.0763122E-002
 6.2041840E+002, 7.3178060E+000, 6.2289425E+002, 1.0523989E+002, 4.0749740E-002
 6.2161973E+002, 7.3081109E+000, 6.2159861E+002, 1.0549691E+002, 4.0736463E-002
 6.2282237E+002, 7.2984029E+000, 6.1991561E+002, 1.0502014E+002, 4.0723191E-002
 6.2401887E+002, 7.2887304E+000, 6.3118098E+002, 1.0474522E+002, 4.0710003E-002
 6.2521032E+002, 7.2791065E+000, 6.3044277E+002, 1.0537874E+002, 4.0696923E-002
 6.2640388E+002, 7.2695043E+000, 6.2299228E+002, 1.0536213E+002, 4.0683913E-002
 6.2762357E+002, 7.2597859E+000, 6.2215858E+002, 1.0462532E+002, 4.0670787E-002
 6.2882519E+002, 7.2500459E+000, 6.3419630E+002, 1.0511986E+002, 4.0657674E-002
 6.3000315E+002, 7.2404816E+000, 6.2918293E+002, 1.0470887E+002, 4.0644838E-002
 6.3122868E+002, 7.2308270E+000, 6.3190172E+002, 1.0484198E+002, 4.0631907E-002
 6.3240448E+002, 7.2211913E+000, 6.2668553E+002, 1.0527511E+002, 4.0619027E-002
 6.3362971E+002, 7.2115851E+000, 6.2678407E+002, 1.0449984E+002, 4.0606204E-002
 6.3480788E+002, 7.2019490E+000, 6.2126416E+002, 1.0420124E+002, 4.0593350E-002
 6.3601848E+002, 7.1923897E+000, 6.2073855E+002, 1.0475310E+002, 4.0580601E-002
 6.3722854E+002, 7.1827319E+000, 6.1969707E+002, 1.0398244E+002, 4.0567721E-002
 6.3842289E+002, 7.1731344E+000, 6.2336522E+002, 1.0459224E+002, 4.0554926E-002
 6.3962188E+002, 7.1635899E+000, 6.1826579E+002, 1.0410841E+002, 4.0542209E-002
 6.4081923E+002, 7.1540506E+000, 6.2463945E+002, 1.0434459E+002, 4.0529511E-002
 6.4200273E+002, 7.1445634E+000, 6.1953574E+002, 1.0384789E+002, 4.0516905E-002
 6.4320737E+002, 7.1350506E+000, 6.2144024E+002, 1.0364692E+002, 4.0504288E-002
 6.4442473E+002, 7.1254310E+000, 6.3030134E+002, 1.0404963E+002, 4.0491561E-002
 6.4561820E+002, 7.1158446E+000, 6.2266458E+002, 1.0344312E+002, 4.0478912E-002
 6.4682183E+002, 7.1063439E+000, 6.2303024E+002, 1.0328300E+002, 4.0466403E-002
 6.4801361E+002, 7.0968285E+000, 6.2143513E+002, 1.0431120E+002, 4.0453904E-002
 6.4922855E+002, 7.0873117E+000, 6.2788045E+002, 1.0330296E+002, 4.0441429E-002
 6.5041689E+002, 7.0777896E+000, 6.2119901E+002, 1.0374654E+002, 4.0428966E-002
 6.5160651E+002, 7.0683683E+000, 6.2245475E+002, 1.0176654E+002, 4.0416649E-002
 6.5282329E+002, 7.0588503E+000, 6.1976267E+002, 1.0329770E+002, 4.0404215E-002
 6.5402401E+002, 7.0493217E+000, 6.1939574E+002, 1.0290850E+002, 4.0391777E-002
 6.5523123E+002, 7.0398114E+000, 6.2554690E+002, 1.0301579E+002, 4.0379374E-002
 6.5641656E+002, 7.0303617E+000, 6.1848068E+002, 1.0314852E+002, 4.0367058E-002
 6.5761996E+002, 7.0209951E+000, 6.2687784E+002, 1.0348459E+002, 4.0354857E-002
 6.5882328E+002, 7.0115263E+000, 6.2828076E+002, 1.0262138E+002, 4.0342534E-002
 6.6003105E+002, 7.0020539E+000, 6.2803680E+002, 1.0279179E+002, 4.0330215E-002
 6.6120211E+002, 6.9927311E+000, 6.3090582E+002, 1.0305000E+002, 4.0318096E-002
 6.6242121E+002, 6.9833696E+000, 6.2419495E+002, 1.0257468E+002, 4.0305930E-002
 6.6362199E+002, 6.9739212E+000, 6.2706246E+002, 1.0281281E+002, 4.0293644E-002
 6.6482089E+002, 6.9645538E+000, 6.2783560E+002, 1.0251937E+002, 4.0281462E-002
 6.6600346E+002, 6.9552747E+000, 6.2902503E+002, 1.0246351E+002, 4.0269384E-002
 6.6721972E+002, 6.9459185E+000, 6.2470941E+002, 1.0246826E+002, 4.0257197E-002
 6.6841748E+002, 6.9365187E+000, 6.3446494E+002, 1.0166039E+002, 4.0244943E-002
 6.6961500E+002, 6.9272057E+000, 6.3077463E+002, 1.0268813E+002, 4.0232796E-002
 6.7080005E+002, 6.9179442E+000, 6.2996186E+002, 1.0198047E+002, 4.0220706E-002
 6.7201887E+002, 6.9085968E+000, 6.2671430E+002, 1.0242858E+002, 4.0208492E-002
 6.7322444E+002, 6.8991895E+000, 6.2388613E+002, 1.0214669E+002, 4.0196186E-002
 6.7440371E+002, 6.8899280E+000, 6.2640049E+002, 1.0220754E+002, 4.0184055E-002
 6.7560628E+002, 6.8806818E+000, 6.2385755E+002, 1.0173227E+002, 4.0171929E-002
 6.7681368E+002, 6.8713473E+000, 6.2503146E+002, 1.0314774E+002, 4.0159670E-002
 6.7800361E+002, 6.8620629E+000, 6.2274201E+002, 1.0186767E+002, 4.0147466E-002
 6.7922839E+002, 6.8526959E+000, 6.2028694E+002, 1.0212697E+002, 4.0135143E-002
 6.8042151E+002, 6.8433378E+000, 6.1904511E+002, 1.0228179E+002, 4.0122825E-002
 6.8160832E+002, 6.8341297E+000, 6.2016063E+002, 1.0252380E+002, 4.0110704E-002
 6.8282305E+002, 6.8248530E+000, 6.2373863E+002, 1.0236342E+002, 4.0098494E-002
 6.8401027E+002, 6.8155794E+000, 6.3381418E+002, 1.0193310E+002, 4.0086299E-002
 6.8520385E+002, 6.8063897E+000, 6.3613101E+002, 1.0215855E+002, 4.0074232E-002
 6.8641767E+002, 6.7971026E+000, 6.3249053E+002, 1.0223307E+002, 4.0062053E-002
 6.8761318E+002, 6.7878208E+000, 6.3556387E+002, 1.0208159E+002, 4.0049897E-002
 6.8882397E+002, 6.7785531E+000, 6.3586277E+002, 1.0197851E+002, 4.0037772E-002
 6.9000999E+002, 6.7693229E+000, 6.3967776E+002, 1.0163349E+002, 4.0025702E-002
 6.9120854E+002, 6.7601700E+000, 6.4591972E+002, 1.0237087E+002, 4.0013729E-002
 6.9242467E+002, 6.7509197E+000, 6.3994966E+002, 1.0209459E+002, 4.0001617E-002
 6.9361700E+002, 6.7416879E+000, 6.3405026E+002, 1.0206682E+002, 3.9989499E-002
 6.9482743E+002, 6.7324932E+000, 6.3788843E+002, 1.0196913E+002, 3.9977396E-002
 6.9602259E+002, 6.7232946E+000, 6.4069152E+002, 1.0194376E+002, 3.9965251E-002
 6.9723369E+002, 6.7141052E+000, 6.3931321E+002, 1.0194394E+002, 3.9953075E-002
 6.9841259E+002, 6.7049874E+000, 6.3806611E+002, 1.0209123E+002, 3.9940947E-002
 6.9962532E+002, 6.6958776E+000, 6.3463994E+002, 1.0177668E+002, 3.9928780E-002
 7.0080827E+002, 6.6867615E+000, 6.3746963E+002, 1.0195221E+002, 3.9916559E-002
 7.0201223E+002, 6.6776745E+000, 6.3037151E+002, 1.0164142E+002, 3.9904332E-002
 7.0321213E+002, 6.6685325E+000, 6.2946284E+002, 1.0177947E+002, 3.9891985E-002
 7.0441726E+002, 6.6594155E+000, 6.2765926E+002, 1.0236177E+002, 3.9879632E-002
 7.0560043E+002, 6.6503628E+000, 6.3152284E+002, 1.0182540E+002, 3.9867331E-002
 7.0682332E+002, 6.6412431E+000, 6.2662207E+002, 1.0188023E+002, 3.9854912E-002
 7.0802553E+002, 6.6320617E+000, 6.2259315E+002, 1.0182231E+002, 3.9842383E-002
 7.0920604E+002, 6.6230441E+000, 6.1971672E+002, 1.0223314E+002, 3.9830063E-002
 7.1041937E+002, 6.6140147E+000, 6.2549965E+002, 1.0216315E+002, 3.9817719E-002
 7.1160926E+002, 6.6049415E+000, 6.2211660E+002, 1.0193412E+002, 3.9805318E-002
 7.1281161E+002, 6.5959214E+000, 6.2547981E+002, 1.0180901E+002, 3.9792998E-002
 7.1400981E+002, 6.5868881E+000, 6.2671373E+002, 1.0226725E+002, 3.9780676E-002
 7.1520471E+002, 6.5778784E+000, 6.3840533E+002, 1.0197342E+002, 3.9768413E-002
 7.1641105E+002, 6.5688300E+000, 6.2684315E+002, 1.0160691E+002, 3.9756129E-002
 7.1761905E+002, 6.5597879E+000, 6.3192109E+002, 1.0280565E+002, 3.9743878E-002
 7.1881497E+002, 6.5507755E+000, 6.2741145E+002, 1.0220838E+002, 3.9731702E-002
 7.2002799E+002, 6.5417564E+000, 6.2314102E+002, 1.0198738E+002, 3.9719540E-002
 7.2123127E+002, 6.5327037E+000, 6.2174869E+002, 1.0160137E+002, 3.9707354E-002
 7.2242146E+002, 6.5237544E+000, 6.2117226E+002, 1.0206871E+002, 3.9695321E-002
 7.2362919E+002, 6.5148065E+000, 6.2503553E+002, 1.0242924E+002, 3.9683306E-002
 7.2480072E+002, 6.5059284E+000, 6.2275014E+002, 1.0256959E+002, 3.9671397E-002
 7.2602044E+002, 6.4970208E+000, 6.2991928E+002, 1.0208695E+002, 3.9659463E-002
 7.2722651E+002, 6.4879994E+000, 6.3186128E+002, 1.0224897E+002, 3.9647399E-002
 7.2841025E+002, 6.4790979E+000, 6.3532323E+002, 1.0178216E+002, 3.9635515E-002
 7.2960054E+002, 6.4702976E+000, 6.3234722E+002, 1.0191262E+002, 3.9623786E-002
 7.3080272E+002, 6.4614162E+000, 6.3224079E+002, 1.0222631E+002, 3.9611967E-002
 7.3201590E+002, 6.4524768E+000, 6.3322039E+002, 1.0169338E+002, 3.9600085E-002
 7.3322037E+002, 6.4435364E+000, 6.3203161E+002, 1.0243744E+002, 3.9588210E-002
 7.3442822E+002, 6.4346237E+000, 6.2749859E+002, 1.0193315E+002, 3.9576374E-002
 7.3560365E+002, 6.4258097E+000, 6.2693732E+002, 1.0212871E+002, 3.9564663E-002
 7.3682568E+002, 6.4169884E+000, 6.2323264E+002, 1.0243863E+002, 3.9552931E-002
 7.3801659E+002, 6.4081071E+000, 6.2125063E+002, 1.0280224E+002, 3.9541102E-002
 7.3922802E+002, 6.3992719E+000, 6.2619714E+002, 1.0196476E+002, 3.9529319E-002
 7.4041265E+002, 6.3904729E+000, 6.2659810E+002, 1.0276385E+002, 3.9517572E-002
 7.4160121E+002, 6.3817655E+000, 6.2528842E+002, 1.0283033E+002, 3.9505937E-002
 7.4281331E+002, 6.3729732E+000, 6.3098262E+002, 1.0232928E+002, 3.9494183E-002
 7.4403071E+002, 6.3640778E+000, 6.3192450E+002, 1.0239722E+002, 3.9482291E-002
 7.4522413E+002, 6.3552627E+000, 6.3856726E+002, 1.0270277E+002, 3.9470512E-002
 7.4642024E+002, 6.3465253E+000, 6.3926338E+002, 1.0261771E+002, 3.9458846E-002
 7.4761391E+002, 6.3377886E+000, 6.3988567E+002, 1.0265965E+002, 3.9447187E-002
 7.4881677E+002, 6.3290476E+000, 6.3950660E+002, 1.0255435E+002, 3.9435529E-002
 7.5002891E+002, 6.3202163E+000, 6.4433989E+002, 1.0233655E+002, 3.9423755E-002
 7.5123268E+002, 6.3114031E+000, 6.4441864E+002, 1.0301756E+002, 3.9412005E-002
 7.5242166E+002, 6.3026731E+000, 6.4397313E+002, 1.0353698E+002, 3.9400359E-002
 7.5360015E+002, 6.2940414E+000, 6.4588083E+002, 1.0297548E+002, 3.9388828E-002
 7.5480877E+002, 6.2853124E+000, 6.4387791E+002, 1.0311934E+002, 3.9377149E-002
 7.5601876E+002, 6.2764847E+000, 6.3512399E+002, 1.0382958E+002, 3.9365306E-002
 7.5722835E+002, 6.2676540E+000, 6.3363822E+002, 1.0334310E+002, 3.9353419E-002
 7.5841395E+002, 6.2588877E+000, 6.3324269E+002, 1.0444110E+002, 3.9341579E-002
 7.5961902E+002, 6.2501570E+000, 6.2763308E+002, 1.0359593E+002, 3.9329745E-002
 7.6083024E+002, 6.2413024E+000, 6.3303760E+002, 1.0398095E+002, 3.9317701E-002
 7.6202050E+002, 6.2325050E+000, 6.2785580E+002, 1.0418364E+002, 3.9305699E-002
 7.6322035E+002, 6.2237436E+000, 6.3363648E+002, 1.0418461E+002, 3.9293714E-002
 7.6440788E+002, 6.2149777E+000, 6.3010357E+002, 1.0473738E+002, 3.9281701E-002
 7.6561622E+002, 6.2061753E+000, 6.3230660E+002, 1.0515852E+002, 3.9269621E-002
 7.6680203E+002, 6.1973673E+000, 6.3641245E+002, 1.0488421E+002, 3.9257527E-002
 7.6802202E+002, 6.1885108E+000, 6.3959524E+002, 1.0521040E+002, 3.9245370E-002
 7.6922459E+002, 6.1795749E+000, 6.2928403E+002, 1.0548034E+002, 3.9233107E-002
 7.7042488E+002, 6.1706996E+000, 6.3256823E+002, 1.0600272E+002, 3.9220929E-002
 7.7161186E+002, 6.1618673E+000, 6.3067391E+002, 1.0573846E+002, 3.9208822E-002
 7.7280781E+002, 6.1530483E+000, 6.3353626E+002, 1.0665467E+002, 3.9196742E-002
 7.7403126E+002, 6.1440642E+000, 6.2924921E+002, 1.0591970E+002, 3.9184448E-002
 7.7520476E+002, 6.1351510E+000, 6.3358193E+002, 1.0711839E+002, 3.9172261E-002
 7.7640956E+002, 6.1263024E+000, 6.3395123E+002, 1.0648347E+002, 3.9160176E-002
 7.7760454E+002, 6.1173469E+000, 6.4144392E+002, 1.0736935E+002, 3.9147963E-002
 7.7881881E+002, 6.1083373E+000, 6.3665675E+002, 1.0745918E+002, 3.9135695E-002
 7.8000102E+002, 6.0993543E+000, 6.3950710E+002, 1.0767564E+002, 3.9123478E-002
 7.8123560E+002, 6.0902725E+000, 6.3419090E+002, 1.0766281E+002, 3.9111143E-002
 7.8240490E+002, 6.0812036E+000, 6.3911906E+002, 1.0872319E+002, 3.9098837E-002
 7.8361361E+002, 6.0722406E+000, 6.3980089E+002, 1.0798687E+002, 3.9086688E-002
 7.8481438E+002, 6.0631175E+000, 6.3660678E+002, 1.0760220E+002, 3.9074327E-002
 7.8604211E+002, 6.0538911E+000, 6.4114871E+002, 1.0748594E+002, 3.9061826E-002
 7.8722124E+002, 6.0447501E+000, 6.4004369E+002, 1.0761535E+002, 3.9049441E-002
 7.8843491E+002, 6.0356510E+000, 6.3676091E+002, 1.0931833E+002, 3.9037108E-002
 7.8962601E+002, 6.0265015E+000, 6.3489494E+002, 1.0948430E+002, 3.9024694E-002
 7.9082511E+002, 6.0173809E+000, 6.3559778E+002, 1.1003785E+002, 3.9012307E-002
 7.9203059E+002, 6.0081807E+000, 6.3861103E+002, 1.1010312E+002, 3.8999795E-002
 7.9322648E+002, 5.9989758E+000, 6.3862792E+002, 1.1018117E+002, 3.8987259E-002
 7.9443242E+002, 5.9897677E+000, 6.3427079E+002, 1.1130871E+002, 3.8974698E-002
 7.9562112E+002, 5.9805546E+000, 6.3752968E+002, 1.1118287E+002, 3.8962107E-002
 7.9682461E+002, 5.9713534E+000, 6.3434065E+002, 1.1128583E+002, 3.8949515E-002
 7.9801940E+002, 5.9621042E+000, 6.3979119E+002, 1.1182132E+002, 3.8936839E-002
 7.9920747E+002, 5.9528977E+000, 6.3488302E+002, 1.1189479E+002, 3.8924208E-002
 8.0040680E+002, 5.9436575E+000, 6.3697673E+002, 1.1213872E+002, 3.8911516E-002
 8.0162057E+002, 5.9342923E+000, 6.3184497E+002, 1.1203203E+002, 3.8898642E-002
 8.0281592E+002, 5.9249232E+000, 6.3507727E+002, 1.1259592E+002, 3.8885752E-002
 8.0401230E+002, 5.9155842E+000, 6.3559860E+002, 1.1234776E+002, 3.8872903E-002
 8.0521611E+002, 5.9062095E+000, 6.3370938E+002, 1.1323319E+002, 3.8860002E-002
 8.0641293E+002, 5.8967849E+000, 6.3217753E+002, 1.1355530E+002, 3.8847033E-002
 8.0761377E+002, 5.8873530E+000, 6.3293882E+002, 1.1407787E+002, 3.8834059E-002
 8.0881908E+002, 5.8778461E+000, 6.3444807E+002, 1.1408123E+002, 3.8820990E-002
 8.1002426E+002, 5.8682897E+000, 6.3380297E+002, 1.1445265E+002, 3.8807865E-002
 8.1120183E+002, 5.8588170E+000, 6.3326579E+002, 1.1545569E+002, 3.8794866E-002
 8.1241621E+002, 5.8492575E+000, 6.3597677E+002, 1.1389007E+002, 3.8781762E-002
 8.1360613E+002, 5.8396485E+000, 6.4158065E+002, 1.1618778E+002, 3.8768606E-002
 8.1480384E+002, 5.8300496E+000, 6.3549604E+002, 1.1698796E+002, 3.8755482E-002
 8.1602400E+002, 5.8203093E+000, 6.3889065E+002, 1.1735029E+002, 3.8742176E-002
 8.1721850E+002, 5.8105250E+000, 6.3568230E+002, 1.1793334E+002, 3.8728825E-002
 8.1841142E+002, 5.8008233E+000, 6.3947115E+002, 1.1759587E+002, 3.8715599E-002
 8.1962203E+002, 5.7910219E+000, 6.3597237E+002, 1.1899669E+002, 3.8702249E-002
 8.2081472E+002, 5.7811849E+000, 6.3253967E+002, 1.1926417E+002, 3.8688855E-002
 8.2200642E+002, 5.7713854E+000, 6.3454416E+002, 1.1967927E+002, 3.8675516E-002
 8.2320334E+002, 5.7615235E+000, 6.3523320E+002, 1.2039707E+002, 3.8662100E-002
 8.2442504E+002, 5.7514972E+000, 6.3522748E+002, 1.1955651E+002, 3.8648466E-002
 8.2562439E+002, 5.7414004E+000, 6.3106792E+002, 1.2042481E+002, 3.8634742E-002
 8.2681715E+002, 5.7314237E+000, 6.3050564E+002, 1.2152634E+002, 3.8621186E-002
 8.2800750E+002, 5.7214325E+000, 6.3506304E+002, 1.2234685E+002, 3.8607621E-002
 8.2920423E+002, 5.7113540E+000, 6.3394258E+002, 1.2249628E+002, 3.8593953E-002
 8.3042424E+002, 5.7011160E+000, 6.4077711E+002, 1.2313003E+002, 3.8580084E-002
 8.3161855E+002, 5.6908339E+000, 6.3779982E+002, 1.2375957E+002, 3.8566174E-002
 8.3282575E+002, 5.6805724E+000, 6.4759393E+002, 1.2471361E+002, 3.8552311E-002
 8.3400166E+002, 5.6703176E+000, 6.4410210E+002, 1.2605845E+002, 3.8538481E-002
 8.3522057E+002, 5.6599743E+000, 6.4272838E+002, 1.2521609E+002, 3.8524550E-002
 8.3642469E+002, 5.6494602E+000, 6.4118760E+002, 1.2673262E+002, 3.8510402E-002
 8.3760745E+002, 5.6390418E+000, 6.3796374E+002, 1.2676229E+002, 3.8496394E-002
 8.3880143E+002, 5.6286259E+000, 6.4304759E+002, 1.2855558E+002, 3.8482398E-002
 8.4001108E+002, 5.6180406E+000, 6.5055296E+002, 1.2851090E+002, 3.8468187E-002
 8.4121275E+002, 5.6073535E+000, 6.5579370E+002, 1.2923028E+002, 3.8453849E-002
 8.4240174E+002, 5.5967002E+000, 6.4469499E+002, 1.2964984E+002, 3.8439559E-002
 8.4360625E+002, 5.5859767E+000, 6.4581034E+002, 1.2959795E+002, 3.8425168E-002
 8.4481035E+002, 5.5751345E+000, 6.4809393E+002, 1.3167816E+002, 3.8410617E-002
 8.4600651E+002, 5.5642646E+000, 6.4432951E+002, 1.3254102E+002, 3.8396026E-002
 8.4723043E+002, 5.5532135E+000, 6.4610200E+002, 1.3222618E+002, 3.8381180E-002
 8.4843160E+002, 5.5421130E+000, 6.4713674E+002, 1.3362930E+002, 3.8366260E-002
 8.4960532E+002, 5.5311608E+000, 6.5225456E+002, 1.3412980E+002, 3.8351528E-002
 8.5080038E+002, 5.5201888E+000, 6.4870719E+002, 1.3473334E+002, 3.8336760E-002
 8.5202692E+002, 5.5089019E+000, 6.4674669E+002, 1.3556560E+002, 3.8321552E-002
 8.5322333E+002, 5.4975413E+000, 6.3808468E+002, 1.3703678E+002, 3.8306225E-002
 8.5440322E+002, 5.4863328E+000, 6.4258985E+002, 1.3755710E+002, 3.8291085E-002
 8.5561877E+002, 5.4749591E+000, 6.4604704E+002, 1.3784555E+002, 3.8275707E-002
 8.5681027E+002, 5.4634713E+000, 6.4181676E+002, 1.3971253E+002, 3.8260162E-002
 8.5801060E+002, 5.4519705E+000, 6.4759563E+002, 1.4067557E+002, 3.8244582E-002
 8.5920322E+002, 5.4404045E+000, 6.4717099E+002, 1.4146621E+002, 3.8228903E-002
 8.6040195E+002, 5.4287658E+000, 6.4546764E+002, 1.4081582E+002, 3.8213115E-002
 8.6160090E+002, 5.4170360E+000, 6.4805743E+002, 1.4350463E+002, 3.8197192E-002
 8.6282164E+002, 5.4051222E+000, 6.4066957E+002, 1.4285474E+002, 3.8181011E-002
 8.6401540E+002, 5.3931694E+000, 6.4121304E+002, 1.4444789E+002, 3.8164767E-002
 8.6520638E+002, 5.3812947E+000, 6.4357792E+002, 1.4638372E+002, 3.8148624E-002
 8.6641595E+002, 5.3692302E+000, 6.3927053E+002, 1.4612428E+002, 3.8132220E-002
 8.6760137E+002, 5.3571473E+000, 6.4063704E+002, 1.4770964E+002, 3.8115787E-002
 8.6880120E+002, 5.3450276E+000, 6.4208975E+002, 1.4899476E+002, 3.8099304E-002
 8.7001180E+002, 5.3326952E+000, 6.5130836E+002, 1.5013014E+002, 3.8082538E-002
 8.7122265E+002, 5.3202223E+000, 6.6126493E+002, 1.5052581E+002, 3.8065598E-002
 8.7240784E+002, 5.3077819E+000, 6.4671126E+002, 1.5183599E+002, 3.8048715E-002
 8.7361406E+002, 5.2952973E+000, 6.4091263E+002, 1.5318276E+002, 3.8031774E-002
 8.7480343E+002, 5.2826876E+000, 6.3535855E+002, 1.5357418E+002, 3.8014669E-002
 8.7602328E+002, 5.2698974E+000, 6.3389271E+002, 1.5390281E+002, 3.7997327E-002
 8.7720439E+002, 5.2571092E+000, 6.3726802E+002, 1.5607918E+002, 3.7979997E-002
 8.7840129E+002, 5.2442839E+000, 6.3604239E+002, 1.5538235E+002, 3.7962626E-002
 8.7962208E+002, 5.2311995E+000, 6.4541829E+002, 1.5844226E+002, 3.7944912E-002
 8.8081295E+002, 5.2180358E+000, 6.4234853E+002, 1.6024487E+002, 3.7927105E-002
 8.8201523E+002, 5.2048731E+000, 6.4690557E+002, 1.6114780E+002, 3.7909313E-002
 8.8322514E+002, 5.1914744E+000, 6.3984260E+002, 1.6191175E+002, 3.7891220E-002
 8.8441506E+002, 5.1780371E+000, 6.3743344E+002, 1.6129783E+002, 3.7873090E-002
 8.8560132E+002, 5.1646761E+000, 6.3696020E+002, 1.6549118E+002, 3.7855081E-002
 8.8681992E+002, 5.1510138E+000, 6.3473560E+002, 1.6656073E+002, 3.7836684E-002
 8.8800514E+002, 5.1372684E+000, 6.3391593E+002, 1.6743314E+002, 3.7818194E-002
 8.8923135E+002, 5.1233600E+000, 6.5151953E+002, 1.6951306E+002, 3.7799508E-002
 8.9041533E+002, 5.1093379E+000, 6.4030100E+002, 1.7135161E+002, 3.7780694E-002
 8.9160299E+002, 5.0954510E+000, 6.4305091E+002, 1.7178680E+002, 3.7762078E-002
 8.9280475E+002, 5.0813359E+000, 6.4891967E+002, 1.7342763E+002, 3.7743176E-002
 8.9401699E+002, 5.0669731E+000, 6.4395636E+002, 1.7516067E+002, 3.7723968E-002
 8.9521626E+002, 5.0525113E+000, 6.6128323E+002, 1.7535676E+002, 3.7704651E-002
 8.9642338E+002, 5.0379379E+000, 6.5875186E+002, 1.7767378E+002, 3.7685216E-002
 8.9760802E+002, 5.0233466E+000, 6.4611950E+002, 1.7865189E+002, 3.7665777E-002
 8.9880557E+002, 5.0086786E+000, 6.4048929E+002, 1.8051154E+002, 3.7646244E-002
 9.0000179E+002, 4.9938557E+000, 6.3828978E+002, 1.8173652E+002, 3.7626515E-002
 9.0120922E+002, 4.9788671E+000, 6.4083775E+002, 1.8376253E+002, 3.7606573E-002
 9.0240297E+002, 4.9637386E+000, 6.3601491E+002, 1.8326551E+002, 3.7586450E-002
 9.0360276E+002, 4.9485398E+000, 6.4214947E+002, 1.8477303E+002, 3.7566231E-002
 9.0482267E+002, 4.9330537E+000, 6.4399603E+002, 1.8782497E+002, 3.7545631E-002
 9.0601383E+002, 4.9175150E+000, 6.4300625E+002, 1.8904214E+002, 3.7524959E-002
 9.0720145E+002, 4.9020607E+000, 6.4735070E+002, 1.9041044E+002, 3.7504397E-002
 9.0840770E+002, 4.8863943E+000, 6.5467985E+002, 1.9083944E+002, 3.7483556E-002
 9.0961707E+002, 4.8704718E+000, 6.5366134E+002, 1.9321873E+002, 3.7462382E-002
 9.1082084E+002, 4.8544244E+000, 6.5184777E+002, 1.9368453E+002, 3.7441046E-002
 9.1200709E+002, 4.8384476E+000, 6.5630224E+002, 1.9486006E+002, 3.7419809E-002
 9.1320371E+002, 4.8224196E+000, 6.6259885E+002, 1.9634648E+002, 3.7398512E-002
 9.1440897E+002, 4.8061544E+000, 6.5858977E+002, 1.9654694E+002, 3.7376906E-002
 9.1561785E+002, 4.7896883E+000, 6.6689342E+002, 1.9736073E+002, 3.7355036E-002
 9.1682024E+002, 4.7731611E+000, 6.5567699E+002, 1.9902099E+002, 3.7333083E-002
 9.1800533E+002, 4.7567036E+000, 6.8059848E+002, 1.9902776E+002, 3.7311213E-002
 9.1920394E+002, 4.7401880E+000, 6.8062578E+002, 2.0088558E+002, 3.7289273E-002
 9.2041030E+002, 4.7234403E+000, 6.6749092E+002, 2.0072676E+002, 3.7267011E-002
 9.2161740E+002, 4.7065528E+000, 6.6766797E+002, 2.0093952E+002, 3.7244530E-002
 9.2281990E+002, 4.6896067E+000, 6.6635222E+002, 2.0136566E+002, 3.7221937E-002
 9.2401189E+002, 4.6726871E+000, 6.6840262E+002, 2.0030875E+002, 3.7199343E-002
 9.2520683E+002, 4.6557846E+000, 6.7272012E+002, 2.0117636E+002, 3.7176735E-002
 9.2641375E+002, 4.6387151E+000, 6.6872499E+002, 2.0345174E+002, 3.7153862E-002
 9.2761669E+002, 4.6215216E+000, 6.8388976E+002, 2.0116212E+002, 3.7130781E-002
 9.2882182E+002, 4.6042564E+000, 6.6862111E+002, 2.0321462E+002, 3.7107574E-002
 9.3002004E+002, 4.5870165E+000, 6.6308475E+002, 2.0305269E+002, 3.7084354E-002
 9.3122174E+002, 4.5696759E+000, 6.6430419E+002, 2.0269035E+002, 3.7060965E-002
 9.3241773E+002, 4.5522946E+000, 6.7207536E+002, 2.0286038E+002, 3.7037518E-002
 9.3360587E+002, 4.5348951E+000, 6.7321286E+002, 2.0261253E+002, 3.7014067E-002
 9.3480248E+002, 4.5173961E+000, 6.7318920E+002, 2.0380781E+002, 3.6990521E-002
 9.3602529E+002, 4.4994867E+000, 6.7426423E+002, 2.0547349E+002, 3.6966485E-002
 9.3721557E+002, 4.4814426E+000, 6.8112510E+002, 2.0676778E+002, 3.6942356E-002
 9.3841103E+002, 4.4633930E+000, 6.7979524E+002, 2.0812447E+002, 3.6918331E-002
 9.3962416E+002, 4.4449561E+000, 6.7769238E+002, 2.1045472E+002, 3.6893891E-002
 9.4081806E+002, 4.4262654E+000, 6.8220149E+002, 2.1341062E+002, 3.6869206E-002
 9.4201774E+002, 4.4074381E+000, 6.7925978E+002, 2.1515139E+002, 3.6844382E-002
 9.4321258E+002, 4.3883052E+000, 6.8172192E+002, 2.1631721E+002, 3.6819132E-002
 9.4441717E+002, 4.3689372E+000, 6.8962449E+002, 2.1897091E+002, 3.6793457E-002
 9.4560429E+002, 4.3493711E+000, 6.8562804E+002, 2.1636726E+002, 3.6767302E-002
 9.4681500E+002, 4.3296931E+000, 6.7010486E+002, 2.2171955E+002, 3.6740636E-002
 9.4801222E+002, 4.3098294E+000, 6.6410807E+002, 2.2154396E+002, 3.6713210E-002
 9.4922659E+002, 4.2899613E+000, 6.7280922E+002, 2.1718300E+002, 3.6685141E-002
 9.5041869E+002, 4.2703703E+000, 6.7653439E+002, 2.1853039E+002, 3.6656712E-002
 9.5160984E+002, 4.2512696E+000, 6.6896739E+002, 2.1209573E+002, 3.6628112E-002
 9.5280352E+002, 4.2327035E+000, 6.7403875E+002, 2.0658071E+002, 3.6599299E-002
 9.5402274E+002, 4.2146473E+000, 6.7444821E+002, 1.9703803E+002, 3.6570120E-002
 9.5522673E+002, 4.1975329E+000, 6.7625495E+002, 1.8430754E+002, 3.6541169E-002
 9.5641494E+002, 4.1818460E+000, 6.7682859E+002, 1.7009671E+002, 3.6513255E-002
 9.5761809E+002, 4.1675997E+000, 6.7687136E+002, 1.5361068E+002, 3.6486496E-002
 9.5883116E+002, 4.1547282E+000, 6.7044764E+002, 1.3544365E+002, 3.6461030E-002
 9.6000007E+002, 4.1434420E+000, 6.5841976E+002, 1.2187576E+002, 3.6438051E-002
 9.6122074E+002, 4.1330961E+000, 6.5666451E+002, 1.1281361E+002, 3.6417712E-002
 9.6241342E+002, 4.1235552E+000, 6.5825360E+002, 1.0204728E+002, 3.6400516E-002
 9.6362697E+002, 4.1150940E+000, 6.6096050E+002, 8.8912685E+001, 3.6387225E-002
 9.6482457E+002, 4.1078138E+000, 6.5496515E+002, 7.5561004E+001, 3.6378118E-002
 9.6600693E+002, 4.1018988E+000, 6.5290546E+002, 6.0929898E+001, 3.6373310E-002
 9.6721721E+002, 4.0971497E+000, 6.5003688E+002, 4.9033618E+001, 3.6371937E-002
 9.6842697E+002, 4.0930978E+000, 6.4297279E+002, 4.2730033E+001, 3.6371962E-002
 9.6962966E+002, 4.0892820E+000, 6.4084778E+002, 4.2184569E+001, 3.6372051E-002
 9.7081591E+002, 4.0855679E+000, 6.4215968E+002, 4.1433513E+001, 3.6372136E-002
 9.7202275E+002, 4.0818978E+000, 6.3858082E+002, 4.0831367E+001, 3.6372219E-002
 9.7321067E+002, 4.0782949E+000, 6.3951469E+002, 4.0179300E+001, 3.6372299E-002
 9.7440146E+002, 4.0747835E+000, 6.3979685E+002, 3.9324498E+001, 3.6372378E-002
 9.7560483E+002, 4.0713090E+000, 6.3750788E+002, 3.8291293E+001, 3.6372456E-002
 9.7684508E+002, 4.0678308E+000, 6.3590232E+002, 3.7636116E+001, 3.6372533E-002
 9.7801498E+002, 4.0644795E+000, 6.3554877E+002, 3.6966577E+001, 3.6372608E-002
 9.7922857E+002, 4.0612396E+000, 6.3601985E+002, 3.6156050E+001, 3.6372681E-002
 9.8042459E+002, 4.0580321E+000, 6.3621991E+002, 3.5314219E+001, 3.6372754E-002
 9.8161942E+002, 4.0549192E+000, 6.3245268E+002, 3.4461536E+001, 3.6372826E-002
 9.8282052E+002, 4.0518653E+000, 6.3425141E+002, 3.3971825E+001, 3.6372896E-002
 9.8402203E+002, 4.0488672E+000, 6.3893531E+002, 3.2920216E+001, 3.6372967E-002
 9.8521975E+002, 4.0459421E+000, 6.3625267E+002, 3.2664744E+001, 3.6373040E-002
 9.8640501E+002, 4.0430979E+000, 6.3478943E+002, 3.1749693E+001, 3.6373112E-002
 9.8760266E+002, 4.0403112E+000, 6.3557769E+002, 3.0910215E+001, 3.6373184E-002
 9.8881803E+002, 4.0375557E+000, 6.3506097E+002, 3.0416980E+001, 3.6373255E-002
 9.9000975E+002, 4.0348581E+000, 6.3729339E+002, 2.9734713E+001, 3.6373328E-002
 9.9120693E+002, 4.0322372E+000, 6.3568614E+002, 2.9069687E+001, 3.6373400E-002
 9.9245088E+002, 4.0296084E+000, 6.3861671E+002, 2.8474086E+001, 3.6373475E-002
 9.9361596E+002, 4.0270794E+000, 6.3604835E+002, 2.7983676E+001, 3.6373549E-002
 9.9482917E+002, 4.0246262E+000, 6.3474582E+002, 2.7433713E+001, 3.6373622E-002
 9.9600716E+002, 4.0222105E+000, 6.3588608E+002, 2.6912410E+001, 3.6373695E-002
 9.9720108E+002, 4.0198603E+000, 6.3796339E+002, 2.6391161E+001, 3.6373768E-002
 9.9842989E+002, 4.0175026E+000, 6.3569416E+002, 2.5739066E+001, 3.6373844E-002
 9.9963759E+002, 4.0151820E+000, 6.3425248E+002, 2.5494589E+001, 3.6373919E-002
 1.0008251E+003, 4.0129366E+000, 6.3582798E+002, 2.4901944E+001, 3.6373993E-002
 1.0020032E+003, 4.0107619E+000, 6.3283699E+002, 2.4431365E+001, 3.6374065E-002
 1.0032119E+003, 4.0086016E+000, 6.3383506E+002, 2.3932563E+001, 3.6374138E-002
 1.0044117E+003, 4.0064631E+000, 6.3240109E+002, 2.3626013E+001, 3.6374211E-002
 1.0056361E+003, 4.0043449E+000, 6.3422390E+002, 2.3214806E+001, 3.6374285E-002
 1.0068144E+003, 4.0022967E+000, 6.3211380E+002, 2.2818191E+001, 3.6374358E-002
 1.0080367E+003, 4.0002755E+000, 6.3279820E+002, 2.2443324E+001, 3.6374431E-002
 1.0092287E+003, 3.9982748E+000, 6.3164030E+002, 2.1879985E+001, 3.6374504E-002
 1.0104357E+003, 3.9963218E+000, 6.3241717E+002, 2.1721425E+001, 3.6374576E-002
 1.0116364E+003, 3.9943945E+000, 6.3337320E+002, 2.1420178E+001, 3.6374649E-002
 1.0128144E+003, 3.9925246E+000, 6.3295847E+002, 2.0886606E+001, 3.6374722E-002
 1.0140237E+003, 3.9906680E+000, 6.3284409E+002, 2.0574247E+001, 3.6374795E-002
 1.0152199E+003, 3.9888379E+000, 6.3450536E+002, 2.0424840E+001, 3.6374870E-002
 1.0164054E+003, 3.9870475E+000, 6.3435102E+002, 2.0000967E+001, 3.6374944E-002
 1.0176349E+003, 3.9852585E+000, 6.3530957E+002, 1.9620956E+001, 3.6375021E-002
 1.0188162E+003, 3.9835033E+000, 6.3441376E+002, 1.9546058E+001, 3.6375098E-002
 1.0200163E+003, 3.9817969E+000, 6.3694589E+002, 1.8976301E+001, 3.6375175E-002
 1.0212159E+003, 3.9800946E+000, 6.3641054E+002, 1.8850156E+001, 3.6375254E-002
 1.0224053E+003, 3.9784347E+000, 6.3496842E+002, 1.8633185E+001, 3.6375333E-002
 1.0236480E+003, 3.9767618E+000, 6.3326468E+002, 1.8248624E+001, 3.6375413E-002
 1.0248479E+003, 3.9751119E+000, 6.3325011E+002, 1.8024965E+001, 3.6375493E-002
 1.0260409E+003, 3.9735143E+000, 6.3528597E+002, 1.7880318E+001, 3.6375572E-002
 1.0272459E+003, 3.9719349E+000, 6.3382816E+002, 1.7436077E+001, 3.6375651E-002
 1.0284148E+003, 3.9703974E+000, 6.3650978E+002, 1.7377143E+001, 3.6375730E-002
 1.0296350E+003, 3.9688670E+000, 6.3520391E+002, 1.7080906E+001, 3.6375811E-002
 1.0308036E+003, 3.9673557E+000, 6.3771270E+002, 1.6756157E+001, 3.6375892E-002
 1.0320037E+003, 3.9658814E+000, 6.3774871E+002, 1.6635302E+001, 3.6375975E-002
 1.0332395E+003, 3.9643826E+000, 6.3831619E+002, 1.6397060E+001, 3.6376060E-002
 1.0344291E+003, 3.9629096E+000, 6.3984338E+002, 1.6132808E+001, 3.6376148E-002
 1.0356261E+003, 3.9614814E+000, 6.4098072E+002, 1.6023811E+001, 3.6376235E-002
 1.0368054E+003, 3.9600768E+000, 6.3756334E+002, 1.5705385E+001, 3.6376323E-002
 1.0380433E+003, 3.9586671E+000, 6.3743516E+002, 1.5627403E+001, 3.6376412E-002
 1.0392356E+003, 3.9572670E+000, 6.3903376E+002, 1.5372854E+001, 3.6376502E-002
 1.0404165E+003, 3.9559146E+000, 6.3654384E+002, 1.5111141E+001, 3.6376591E-002
 1.0416328E+003, 3.9545686E+000, 6.3818192E+002, 1.4968633E+001, 3.6376680E-002
 1.0428491E+003, 3.9532190E+000, 6.3867714E+002, 1.4775747E+001, 3.6376771E-002
 1.0440335E+003, 3.9519006E+000, 6.3979022E+002, 1.4585552E+001, 3.6376862E-002
 1.0452258E+003, 3.9506142E+000, 6.3850295E+002, 1.4395586E+001, 3.6376953E-002
 1.0464523E+003, 3.9493203E+000, 6.3680670E+002, 1.4297923E+001, 3.6377046E-002
 1.0476101E+003, 3.9480627E+000, 6.3979967E+002, 1.4023358E+001, 3.6377137E-002
 1.0488453E+003, 3.9468146E+000, 6.3888384E+002, 1.3982907E+001, 3.6377230E-002
 1.0500332E+003, 3.9455690E+000, 6.3668099E+002, 1.3841590E+001, 3.6377324E-002
 1.0512475E+003, 3.9443453E+000, 6.3661322E+002, 1.3561954E+001, 3.6377417E-002
 1.0524034E+003, 3.9431532E+000, 6.3732915E+002, 1.3337098E+001, 3.6377509E-002
 1.0536264E+003, 3.9419679E+000, 6.4020805E+002, 1.3323522E+001, 3.6377602E-002
 1.0548126E+003, 3.9407833E+000, 6.3923590E+002, 1.3107382E+001, 3.6377697E-002
 1.0560450E+003, 3.9396085E+000, 6.3752796E+002, 1.2941773E+001, 3.6377794E-002
 1.0572156E+003, 3.9384556E+000, 6.3962527E+002, 1.2848699E+001, 3.6377890E-002
 1.0584395E+003, 3.9373167E+000, 6.3808124E+002, 1.2631992E+001, 3.6377987E-002
 1.0596592E+003, 3.9361676E+000, 6.3912304E+002, 1.2467823E+001, 3.6378086E-002
 1.0608465E+003, 3.9350516E+000, 6.3901866E+002, 1.2436986E+001, 3.6378184E-002
 1.0620367E+003, 3.9339633E+000, 6.3858363E+002, 1.2216754E+001, 3.6378282E-002
 1.0632161E+003, 3.9328874E+000, 6.3853982E+002, 1.2149628E+001, 3.6378380E-002
 1.0644337E+003, 3.9318158E+000, 6.3996170E+002, 1.2012050E+001, 3.6378479E-002
 1.0656364E+003, 3.9307388E+000, 6.3818138E+002, 1.1774697E+001, 3.6378581E-002
 1.0668161E+003, 3.9296904E+000, 6.3911354E+002, 1.1680262E+001, 3.6378681E-002
 1.0680313E+003, 3.9286525E+000, 6.3949469E+002, 1.1607493E+001, 3.6378782E-002
 1.0692501E+003, 3.9276094E+000, 6.3875734E+002, 1.1491385E+001, 3.6378885E-002
 1.0704311E+003, 3.9265899E+000, 6.4230166E+002, 1.1302963E+001, 3.6378988E-002
 1.0716419E+003, 3.9255860E+000, 6.4032409E+002, 1.1209180E+001, 3.6379093E-002
 1.0728368E+003, 3.9245846E+000, 6.3947964E+002, 1.1070911E+001, 3.6379199E-002
 1.0740018E+003, 3.9236137E+000, 6.4009910E+002, 1.1058772E+001, 3.6379303E-002
 1.0752404E+003, 3.9226368E+000, 6.4196047E+002, 1.0807211E+001, 3.6379409E-002
 1.0764577E+003, 3.9216447E+000, 6.4207297E+002, 1.0745789E+001, 3.6379521E-002
 1.0776304E+003, 3.9206951E+000, 6.4042540E+002, 1.0657742E+001, 3.6379629E-002
 1.0788171E+003, 3.9197624E+000, 6.3984598E+002, 1.0489607E+001, 3.6379737E-002
 1.0800339E+003, 3.9188248E+000, 6.3967212E+002, 1.0404023E+001, 3.6379846E-002
 1.0812202E+003, 3.9178969E+000, 6.4206969E+002, 1.0304142E+001, 3.6379956E-002
 1.0824525E+003, 3.9169718E+000, 6.4067174E+002, 1.0234664E+001, 3.6380068E-002
 1.0836001E+003, 3.9160697E+000, 6.3916407E+002, 1.0100932E+001, 3.6380179E-002
 1.0848366E+003, 3.9151803E+000, 6.4008906E+002, 1.0027911E+001, 3.6380289E-002
 1.0860212E+003, 3.9142812E+000, 6.4036316E+002, 9.8437512E+000, 3.6380401E-002
 1.0872401E+003, 3.9133987E+000, 6.4039011E+002, 9.7842864E+000, 3.6380514E-002
 1.0884380E+003, 3.9125222E+000, 6.4058386E+002, 9.7217382E+000, 3.6380627E-002
 1.0896428E+003, 3.9116581E+000, 6.4037177E+002, 9.5704023E+000, 3.6380741E-002
 1.0908482E+003, 3.9107983E+000, 6.4081464E+002, 9.5090132E+000, 3.6380856E-002
 1.0920189E+003, 3.9099631E+000, 6.4309836E+002, 9.4522801E+000, 3.6380969E-002
 1.0932543E+003, 3.9091245E+000, 6.4088693E+002, 9.2726072E+000, 3.6381086E-002
 1.0944345E+003, 3.9082854E+000, 6.4015166E+002, 9.2191408E+000, 3.6381204E-002
 1.0956054E+003, 3.9074826E+000, 6.4110184E+002, 9.1380114E+000, 3.6381318E-002
 1.0968570E+003, 3.9066626E+000, 6.4152383E+002, 9.0684229E+000, 3.6381437E-002
 1.0980351E+003, 3.9058476E+000, 6.4076349E+002, 9.0099943E+000, 3.6381557E-002
 1.0992357E+003, 3.9050549E+000, 6.4083035E+002, 8.8533774E+000, 3.6381674E-002
 1.1004080E+003, 3.9042707E+000, 6.4213245E+002, 8.8172536E+000, 3.6381793E-002
 1.1016413E+003, 3.9034880E+000, 6.4254299E+002, 8.7547525E+000, 3.6381913E-002
 1.1028209E+003, 3.9027101E+000, 6.4298101E+002, 8.6237161E+000, 3.6382036E-002
 1.1040187E+003, 3.9019468E+000, 6.4218429E+002, 8.5340746E+000, 3.6382158E-002
 1.1052074E+003, 3.9011895E+000, 6.4391394E+002, 8.4612720E+000, 3.6382281E-002
 1.1064470E+003, 3.9004244E+000, 6.4193785E+002, 8.3789055E+000, 3.6382408E-002
 1.1076087E+003, 3.8996747E+000, 6.4244291E+002, 8.3183982E+000, 3.6382534E-002
 1.1088466E+003, 3.8989345E+000, 6.4299028E+002, 8.2563374E+000, 3.6382660E-002
 1.1100373E+003, 3.8981913E+000, 6.4212819E+002, 8.1513155E+000, 3.6382788E-002
 1.1112369E+003, 3.8974666E+000, 6.4327607E+002, 8.1240038E+000, 3.6382915E-002
 1.1124296E+003, 3.8967496E+000, 6.4182370E+002, 8.0073891E+000, 3.6383043E-002
 1.1136223E+003, 3.8960379E+000, 6.4188481E+002, 7.9502975E+000, 3.6383171E-002
 1.1148129E+003, 3.8953337E+000, 6.4351662E+002, 7.8786994E+000, 3.6383299E-002
 1.1160317E+003, 3.8946325E+000, 6.4325707E+002, 7.8150452E+000, 3.6383430E-002
 1.1172459E+003, 3.8939263E+000, 6.4348740E+002, 7.7470387E+000, 3.6383564E-002
 1.1184024E+003, 3.8932445E+000, 6.4320320E+002, 7.6748462E+000, 3.6383695E-002
 1.1196364E+003, 3.8925620E+000, 6.4463084E+002, 7.5592486E+000, 3.6383829E-002
 1.1208010E+003, 3.8918871E+000, 6.4484082E+002, 7.5685423E+000, 3.6383964E-002
 1.1220247E+003, 3.8912181E+000, 6.4496469E+002, 7.4818146E+000, 3.6384101E-002
 1.1232005E+003, 3.8905554E+000, 6.4591642E+002, 7.4155265E+000, 3.6384239E-002
 1.1244456E+003, 3.8898897E+000, 6.4594907E+002, 7.3722399E+000, 3.6384380E-002
 1.1256057E+003, 3.8892335E+000, 6.4611412E+002, 7.2186865E+000, 3.6384522E-002
 1.1268463E+003, 3.8885843E+000, 6.4606874E+002, 7.2204889E+000, 3.6384666E-002
 1.1280093E+003, 3.8879400E+000, 6.4617327E+002, 7.1334034E+000, 3.6384810E-002
 1.1292428E+003, 3.8873042E+000, 6.4675202E+002, 7.1225966E+000, 3.6384956E-002
 1.1304048E+003, 3.8866728E+000, 6.4558370E+002, 7.0259500E+000, 3.6385103E-002
 1.1316440E+003, 3.8860466E+000, 6.4437424E+002, 6.9743860E+000, 3.6385250E-002
 1.1328484E+003, 3.8854136E+000, 6.4443492E+002, 6.9226297E+000, 3.6385400E-002
 1.1340505E+003, 3.8847959E+000, 6.4583455E+002, 6.8335181E+000, 3.6385549E-002
 1.1352061E+003, 3.8841983E+000, 6.4662311E+002, 6.8176107E+000, 3.6385695E-002
 1.1364150E+003, 3.8836002E+000, 6.4562147E+002, 6.7517628E+000, 3.6385844E-002
 1.1376394E+003, 3.8829914E+000, 6.4778378E+002, 6.6800986E+000, 3.6385998E-002
 1.1388462E+003, 3.8823876E+000, 6.4617258E+002, 6.6506930E+000, 3.6386154E-002
 1.1400327E+003, 3.8817975E+000, 6.4612235E+002, 6.5863546E+000, 3.6386309E-002
 1.1412168E+003, 3.8812192E+000, 6.4547138E+002, 6.4814054E+000, 3.6386463E-002
 1.1424209E+003, 3.8806392E+000, 6.4499035E+002, 6.4788844E+000, 3.6386618E-002
 1.1436092E+003, 3.8800636E+000, 6.4602976E+002, 6.4210726E+000, 3.6386775E-002
 1.1448023E+003, 3.8794974E+000, 6.4525944E+002, 6.3824115E+000, 3.6386930E-002
 1.1460282E+003, 3.8789236E+000, 6.4535852E+002, 6.2838266E+000, 3.6387090E-002
 1.1472175E+003, 3.8783583E+000, 6.4595134E+002, 6.3058031E+000, 3.6387250E-002
 1.1484522E+003, 3.8777941E+000, 6.4662211E+002, 6.1986743E+000, 3.6387412E-002
 1.1496441E+003, 3.8772342E+000, 6.4804622E+002, 6.1426281E+000, 3.6387575E-002
 1.1508109E+003, 3.8766929E+000, 6.4856079E+002, 6.0955632E+000, 3.6387737E-002
 1.1520137E+003, 3.8761558E+000, 6.4895700E+002, 6.1242472E+000, 3.6387900E-002
 1.1532514E+003, 3.8756078E+000, 6.4703503E+002, 5.9796257E+000, 3.6388071E-002
 1.1544261E+003, 3.8750688E+000, 6.4778206E+002, 6.0015671E+000, 3.6388240E-002
 1.1556404E+003, 3.8745384E+000, 6.4728131E+002, 5.9282411E+000, 3.6388409E-002
 1.1568271E+003, 3.8740098E+000, 6.4642571E+002, 5.8702316E+000, 3.6388580E-002
 1.1580190E+003, 3.8734904E+000, 6.4751192E+002, 5.8399642E+000, 3.6388749E-002
 1.1592171E+003, 3.8729725E+000, 6.4890844E+002, 5.7646774E+000, 3.6388921E-002
 1.1604244E+003, 3.8724559E+000, 6.4752926E+002, 5.7656061E+000, 3.6389096E-002
 1.1616415E+003, 3.8719400E+000, 6.4699441E+002, 5.7010769E+000, 3.6389272E-002
 1.1628190E+003, 3.8714320E+000, 6.4708549E+002, 5.6601123E+000, 3.6389448E-002
 1.1640318E+003, 3.8709287E+000, 6.4727243E+002, 5.5921268E+000, 3.6389625E-002
 1.1652359E+003, 3.8704248E+000, 6.4839740E+002, 5.5749116E+000, 3.6389804E-002
 1.1664421E+003, 3.8699253E+000, 6.4811122E+002, 5.5335135E+000, 3.6389984E-002
 1.1676308E+003, 3.8694362E+000, 6.4868466E+002, 5.5388328E+000, 3.6390164E-002
 1.1688384E+003, 3.8689454E+000, 6.4956182E+002, 5.3988990E+000, 3.6390347E-002
 1.1700081E+003, 3.8684657E+000, 6.4814874E+002, 5.4201121E+000, 3.6390530E-002
 1.1712392E+003, 3.8679833E+000, 6.4904095E+002, 5.3745095E+000, 3.6390716E-002
 1.1724142E+003, 3.8675026E+000, 6.4983992E+002, 5.3363261E+000, 3.6390904E-002
 1.1736040E+003, 3.8670349E+000, 6.4949161E+002, 5.2930659E+000, 3.6391091E-002
 1.1748344E+003, 3.8665583E+000, 6.4798027E+002, 5.2235540E+000, 3.6391284E-002
 1.1760549E+003, 3.8660798E+000, 6.4964333E+002, 5.2175877E+000, 3.6391480E-002
 1.1772084E+003, 3.8656201E+000, 6.4920996E+002, 5.1367658E+000, 3.6391671E-002
 1.1784010E+003, 3.8651696E+000, 6.5033581E+002, 5.1625071E+000, 3.6391862E-002
 1.1796228E+003, 3.8647098E+000, 6.4811222E+002, 5.0973935E+000, 3.6392060E-002
 1.1808234E+003, 3.8642509E+000, 6.4798687E+002, 5.0511112E+000, 3.6392260E-002
 1.1820319E+003, 3.8637960E+000, 6.4817931E+002, 5.0031782E+000, 3.6392460E-002
 1.1832024E+003, 3.8633536E+000, 6.4916536E+002, 5.0467142E+000, 3.6392658E-002
 1.1844226E+003, 3.8629115E+000, 6.4936725E+002, 4.9205689E+000, 3.6392859E-002
 1.1856349E+003, 3.8624646E+000, 6.4932913E+002, 4.9422441E+000, 3.6393065E-002
 1.1868180E+003, 3.8620259E+000, 6.4949969E+002, 4.8486872E+000, 3.6393271E-002
 1.1880506E+003, 3.8615881E+000, 6.4962110E+002, 4.8667344E+000, 3.6393480E-002
 1.1892175E+003, 3.8611562E+000, 6.4885640E+002, 4.7972544E+000, 3.6393690E-002
 1.1904464E+003, 3.8607274E+000, 6.4854584E+002, 4.7504662E+000, 3.6393900E-002
 1.1916491E+003, 3.8602970E+000, 6.5042943E+002, 4.7755893E+000, 3.6394114E-002
 1.1928414E+003, 3.8598747E+000, 6.4899673E+002, 4.7045070E+000, 3.6394328E-002
 1.1940563E+003, 3.8594532E+000, 6.4841361E+002, 4.6780161E+000, 3.6394545E-002
 1.1952019E+003, 3.8590411E+000, 6.4928256E+002, 4.6287169E+000, 3.6394759E-002
 1.1964263E+003, 3.8586337E+000, 6.4984303E+002, 4.6574696E+000, 3.6394974E-002
 1.1976235E+003, 3.8582199E+000, 6.4871066E+002, 4.5793445E+000, 3.6395196E-002
 1.1988382E+003, 3.8578087E+000, 6.5011157E+002, 4.5451107E+000, 3.6395420E-002
 1.2000000E+003, 3.8574077E+000, 6.4978590E+002, 4.5083736E+000, 3.6395642E-002
