s,kg/m2,C,C
Time,"null","null","null"
 0.0000000E+000, 5.5689153E-003, 2.0000000E+001, 2.0000000E+001
 2.4000000E+001, 5.5688855E-003, 2.0420000E+001, 2.0328622E+001
 4.8000000E+001, 5.5688238E-003, 2.1220000E+001, 2.1126735E+001
 7.2000000E+001, 5.5687548E-003, 2.2020000E+001, 2.1926993E+001
 9.6000000E+001, 5.5686778E-003, 2.2820000E+001, 2.2727235E+001
 1.2000000E+002, 5.5685919E-003, 2.3620000E+001, 2.3527461E+001
 1.4400000E+002, 5.5684961E-003, 2.4420000E+001, 2.4327670E+001
 1.6800000E+002, 5.5683894E-003, 2.5220000E+001, 2.5127860E+001
 1.9200000E+002, 5.5682706E-003, 2.6020000E+001, 2.5928031E+001
 2.1600000E+002, 5.5681384E-003, 2.6820000E+001, 2.6728180E+001
 2.4000000E+002, 5.5679914E-003, 2.7620000E+001, 2.7528307E+001
 2.6400000E+002, 5.5678281E-003, 2.8420000E+001, 2.8328409E+001
 2.8800000E+002, 5.5676467E-003, 2.9220000E+001, 2.9128486E+001
 3.1200000E+002, 5.5674455E-003, 3.0020000E+001, 2.9928535E+001
 3.3600000E+002, 5.5672223E-003, 3.0820000E+001, 3.0728555E+001
 3.6000000E+002, 5.5669750E-003, 3.1620000E+001, 3.1528542E+001
 3.8400000E+002, 5.5667012E-003, 3.2420000E+001, 3.2328496E+001
 4.0800000E+002, 5.5663982E-003, 3.3220000E+001, 3.3128414E+001
 4.3200000E+002, 5.5660632E-003, 3.4020000E+001, 3.3928293E+001
 4.5600000E+002, 5.5656931E-003, 3.4820000E+001, 3.4728130E+001
 4.8000000E+002, 5.5652845E-003, 3.5620000E+001, 3.5527924E+001
 5.0400000E+002, 5.5648338E-003, 3.6420000E+001, 3.6327670E+001
 5.2800000E+002, 5.5643371E-003, 3.7220000E+001, 3.7127367E+001
 5.5200000E+002, 5.5637901E-003, 3.8020000E+001, 3.7927010E+001
 5.7600000E+002, 5.5631883E-003, 3.8820000E+001, 3.8726598E+001
 6.0000000E+002, 5.5625268E-003, 3.9620000E+001, 3.9526127E+001
 6.2400000E+002, 5.5618003E-003, 4.0420000E+001, 4.0325593E+001
 6.4800000E+002, 5.5610033E-003, 4.1220000E+001, 4.1124994E+001
 6.7200000E+002, 5.5601299E-003, 4.2020000E+001, 4.1924326E+001
 6.9600000E+002, 5.5591738E-003, 4.2820000E+001, 4.2723586E+001
 7.2000000E+002, 5.5581282E-003, 4.3620000E+001, 4.3522773E+001
 7.4400000E+002, 5.5569863E-003, 4.4420000E+001, 4.4321882E+001
 7.6800000E+002, 5.5557407E-003, 4.5220000E+001, 4.5120913E+001
 7.9200000E+002, 5.5543838E-003, 4.6020000E+001, 4.5919863E+001
 8.1600000E+002, 5.5529077E-003, 4.6820000E+001, 4.6718733E+001
 8.4000000E+002, 5.5513044E-003, 4.7620000E+001, 4.7517520E+001
 8.6400000E+002, 5.5495657E-003, 4.8420000E+001, 4.8316227E+001
 8.8800000E+002, 5.5476832E-003, 4.9220000E+001, 4.9114854E+001
 9.1200000E+002, 5.5456486E-003, 5.0020000E+001, 4.9913406E+001
 9.3600000E+002, 5.5434540E-003, 5.0820000E+001, 5.0711887E+001
 9.6000000E+002, 5.5410915E-003, 5.1620000E+001, 5.1510302E+001
 9.8400000E+002, 5.5385537E-003, 5.2420000E+001, 5.2308660E+001
 1.0080000E+003, 5.5358339E-003, 5.3220000E+001, 5.3106972E+001
 1.0320000E+003, 5.5329263E-003, 5.4020000E+001, 5.3905250E+001
 1.0560000E+003, 5.5298261E-003, 5.4820000E+001, 5.4703510E+001
 1.0800000E+003, 5.5265300E-003, 5.5620000E+001, 5.5501770E+001
 1.1040000E+003, 5.5230362E-003, 5.6420000E+001, 5.6300051E+001
 1.1280000E+003, 5.5193449E-003, 5.7220000E+001, 5.7098377E+001
 1.1520000E+003, 5.5154586E-003, 5.8020000E+001, 5.7896774E+001
 1.1760000E+003, 5.5113826E-003, 5.8820000E+001, 5.8695274E+001
 1.2000000E+003, 5.5071247E-003, 5.9620000E+001, 5.9493907E+001
 1.2240000E+003, 5.5026962E-003, 6.0420000E+001, 6.0292710E+001
 1.2480000E+003, 5.4981120E-003, 6.1220000E+001, 6.1091718E+001
 1.2720000E+003, 5.4933905E-003, 6.2020000E+001, 6.1890969E+001
 1.2960000E+003, 5.4885540E-003, 6.2820000E+001, 6.2690500E+001
 1.3200000E+003, 5.4836288E-003, 6.3620000E+001, 6.3490347E+001
 1.3440000E+003, 5.4786448E-003, 6.4420000E+001, 6.4290543E+001
 1.3680000E+003, 5.4736356E-003, 6.5220000E+001, 6.5091118E+001
 1.3920000E+003, 5.4686381E-003, 6.6020000E+001, 6.5892093E+001
 1.4160000E+003, 5.4636917E-003, 6.6820000E+001, 6.6693485E+001
 1.4400000E+003, 5.4588376E-003, 6.7620000E+001, 6.7495297E+001
 1.4640000E+003, 5.4541179E-003, 6.8420000E+001, 6.8297526E+001
 1.4880000E+003, 5.4495745E-003, 6.9220000E+001, 6.9100151E+001
 1.5120000E+003, 5.4452477E-003, 7.0020000E+001, 6.9903141E+001
 1.5360000E+003, 5.4411745E-003, 7.0820000E+001, 7.0706451E+001
 1.5600000E+003, 5.4373881E-003, 7.1620000E+001, 7.1510020E+001
 1.5840000E+003, 5.4339154E-003, 7.2420000E+001, 7.2313780E+001
 1.6080000E+003, 5.4307765E-003, 7.3220000E+001, 7.3117650E+001
 1.6320000E+003, 5.4279836E-003, 7.4020000E+001, 7.3921545E+001
 1.6560000E+003, 5.4255404E-003, 7.4820000E+001, 7.4725378E+001
 1.6800000E+003, 5.4234417E-003, 7.5620000E+001, 7.5529066E+001
 1.7040000E+003, 5.4216740E-003, 7.6420000E+001, 7.6332533E+001
 1.7280000E+003, 5.4202163E-003, 7.7220000E+001, 7.7135714E+001
 1.7520000E+003, 5.4190413E-003, 7.8020000E+001, 7.7938564E+001
 1.7760000E+003, 5.4181171E-003, 7.8820000E+001, 7.8741053E+001
 1.8000000E+003, 5.4174091E-003, 7.9620000E+001, 7.9543172E+001
 1.8240000E+003, 5.4168818E-003, 8.0420000E+001, 8.0344929E+001
 1.8480000E+003, 5.4165009E-003, 8.1220000E+001, 8.1146349E+001
 1.8720000E+003, 5.4162346E-003, 8.2020000E+001, 8.1947470E+001
 1.8960000E+003, 5.4160548E-003, 8.2820000E+001, 8.2748335E+001
 1.9200000E+003, 5.4159380E-003, 8.3620000E+001, 8.3548991E+001
 1.9440000E+003, 5.4158650E-003, 8.4420000E+001, 8.4349486E+001
 1.9680000E+003, 5.4158214E-003, 8.5220000E+001, 8.5149861E+001
 1.9920000E+003, 5.4157966E-003, 8.6020000E+001, 8.5950150E+001
 2.0160000E+003, 5.4157831E-003, 8.6820000E+001, 8.6750383E+001
 2.0400000E+003, 5.4157761E-003, 8.7620000E+001, 8.7550579E+001
 2.0640000E+003, 5.4157728E-003, 8.8420000E+001, 8.8350752E+001
 2.0880000E+003, 5.4157712E-003, 8.9220000E+001, 8.9150913E+001
 2.1120000E+003, 5.4157706E-003, 9.0020000E+001, 8.9951066E+001
 2.1360000E+003, 5.4157703E-003, 9.0820000E+001, 9.0751215E+001
 2.1600000E+003, 5.4157702E-003, 9.1620000E+001, 9.1551361E+001
 2.1840000E+003, 5.4157702E-003, 9.2420000E+001, 9.2351506E+001
 2.2080000E+003, 5.4157702E-003, 9.3220000E+001, 9.3151649E+001
 2.2320000E+003, 5.4157702E-003, 9.4020000E+001, 9.3951790E+001
 2.2560000E+003, 5.4157702E-003, 9.4820000E+001, 9.4751931E+001
 2.2800000E+003, 5.4157702E-003, 9.5620000E+001, 9.5552070E+001
 2.3040000E+003, 5.4157702E-003, 9.6420000E+001, 9.6352208E+001
 2.3280000E+003, 5.4157702E-003, 9.7220000E+001, 9.7152344E+001
 2.3520000E+003, 5.4157702E-003, 9.8020000E+001, 9.7952480E+001
 2.3760000E+003, 5.4157702E-003, 9.8820000E+001, 9.8752614E+001
 2.4000000E+003, 5.4157702E-003, 9.9620000E+001, 9.9552748E+001
 2.4240000E+003, 5.4157702E-003, 1.0042000E+002, 1.0035288E+002
 2.4480000E+003, 5.4157702E-003, 1.0122000E+002, 1.0115301E+002
 2.4720000E+003, 5.4157702E-003, 1.0202000E+002, 1.0195314E+002
 2.4960000E+003, 5.4157702E-003, 1.0282000E+002, 1.0275327E+002
 2.5200000E+003, 5.4157702E-003, 1.0362000E+002, 1.0355340E+002
 2.5440000E+003, 5.4157702E-003, 1.0442000E+002, 1.0435352E+002
 2.5680000E+003, 5.4157702E-003, 1.0522000E+002, 1.0515365E+002
 2.5920000E+003, 5.4157702E-003, 1.0602000E+002, 1.0595377E+002
 2.6160000E+003, 5.4157702E-003, 1.0682000E+002, 1.0675390E+002
 2.6400000E+003, 5.4157702E-003, 1.0762000E+002, 1.0755402E+002
 2.6640000E+003, 5.4157702E-003, 1.0842000E+002, 1.0835414E+002
 2.6880000E+003, 5.4157702E-003, 1.0922000E+002, 1.0915426E+002
 2.7120000E+003, 5.4157702E-003, 1.1002000E+002, 1.0995438E+002
 2.7360000E+003, 5.4157702E-003, 1.1082000E+002, 1.1075450E+002
 2.7600000E+003, 5.4157702E-003, 1.1162000E+002, 1.1155462E+002
 2.7840000E+003, 5.4157702E-003, 1.1242000E+002, 1.1235473E+002
 2.8080000E+003, 5.4157702E-003, 1.1322000E+002, 1.1315485E+002
 2.8320000E+003, 5.4157701E-003, 1.1402000E+002, 1.1395496E+002
 2.8560000E+003, 5.4157701E-003, 1.1482000E+002, 1.1475508E+002
 2.8800000E+003, 5.4157701E-003, 1.1562000E+002, 1.1555519E+002
 2.9040000E+003, 5.4157701E-003, 1.1642000E+002, 1.1635530E+002
 2.9280000E+003, 5.4157701E-003, 1.1722000E+002, 1.1715541E+002
 2.9520000E+003, 5.4157701E-003, 1.1802000E+002, 1.1795552E+002
 2.9760000E+003, 5.4157701E-003, 1.1882000E+002, 1.1875563E+002
 3.0000000E+003, 5.4157701E-003, 1.1962000E+002, 1.1955574E+002
 3.0240000E+003, 5.4157701E-003, 1.2042000E+002, 1.2035584E+002
 3.0480000E+003, 5.4157701E-003, 1.2122000E+002, 1.2115595E+002
 3.0720000E+003, 5.4157701E-003, 1.2202000E+002, 1.2195606E+002
 3.0960000E+003, 5.4157701E-003, 1.2282000E+002, 1.2275616E+002
 3.1200000E+003, 5.4157701E-003, 1.2362000E+002, 1.2355626E+002
 3.1440000E+003, 5.4157701E-003, 1.2442000E+002, 1.2435637E+002
 3.1680000E+003, 5.4157701E-003, 1.2522000E+002, 1.2515647E+002
 3.1920000E+003, 5.4157701E-003, 1.2602000E+002, 1.2595657E+002
 3.2160000E+003, 5.4157701E-003, 1.2682000E+002, 1.2675667E+002
 3.2400000E+003, 5.4157701E-003, 1.2762000E+002, 1.2755677E+002
 3.2640000E+003, 5.4157701E-003, 1.2842000E+002, 1.2835687E+002
 3.2880000E+003, 5.4157701E-003, 1.2922000E+002, 1.2915697E+002
 3.3120000E+003, 5.4157701E-003, 1.3002000E+002, 1.2995707E+002
 3.3360000E+003, 5.4157701E-003, 1.3082000E+002, 1.3075716E+002
 3.3600000E+003, 5.4157701E-003, 1.3162000E+002, 1.3155726E+002
 3.3840000E+003, 5.4157701E-003, 1.3242000E+002, 1.3235735E+002
 3.4080000E+003, 5.4157701E-003, 1.3322000E+002, 1.3315745E+002
 3.4320000E+003, 5.4157701E-003, 1.3402000E+002, 1.3395754E+002
 3.4560000E+003, 5.4157700E-003, 1.3482000E+002, 1.3475763E+002
 3.4800000E+003, 5.4157700E-003, 1.3562000E+002, 1.3555773E+002
 3.5040000E+003, 5.4157700E-003, 1.3642000E+002, 1.3635782E+002
 3.5280000E+003, 5.4157700E-003, 1.3722000E+002, 1.3715791E+002
 3.5520000E+003, 5.4157700E-003, 1.3802000E+002, 1.3795800E+002
 3.5760000E+003, 5.4157700E-003, 1.3882000E+002, 1.3875809E+002
 3.6000000E+003, 5.4157700E-003, 1.3962000E+002, 1.3955818E+002
 3.6240000E+003, 5.4157699E-003, 1.4042000E+002, 1.4035826E+002
 3.6480000E+003, 5.4157699E-003, 1.4122000E+002, 1.4115835E+002
 3.6720000E+003, 5.4157699E-003, 1.4202000E+002, 1.4195844E+002
 3.6960000E+003, 5.4157698E-003, 1.4282000E+002, 1.4275852E+002
 3.7200000E+003, 5.4157698E-003, 1.4362000E+002, 1.4355861E+002
 3.7440000E+003, 5.4157698E-003, 1.4442000E+002, 1.4435869E+002
 3.7680000E+003, 5.4157697E-003, 1.4522000E+002, 1.4515878E+002
 3.7920000E+003, 5.4157697E-003, 1.4602000E+002, 1.4595886E+002
 3.8160000E+003, 5.4157696E-003, 1.4682000E+002, 1.4675894E+002
 3.8400000E+003, 5.4157696E-003, 1.4762000E+002, 1.4755902E+002
 3.8640000E+003, 5.4157695E-003, 1.4842000E+002, 1.4835911E+002
 3.8880000E+003, 5.4157695E-003, 1.4922000E+002, 1.4915919E+002
 3.9120000E+003, 5.4157694E-003, 1.5002000E+002, 1.4995927E+002
 3.9360000E+003, 5.4157693E-003, 1.5082000E+002, 1.5075935E+002
 3.9600000E+003, 5.4157692E-003, 1.5162000E+002, 1.5155942E+002
 3.9840000E+003, 5.4157691E-003, 1.5242000E+002, 1.5235950E+002
 4.0080000E+003, 5.4157690E-003, 1.5322000E+002, 1.5315958E+002
 4.0320000E+003, 5.4157689E-003, 1.5402000E+002, 1.5395966E+002
 4.0560000E+003, 5.4157688E-003, 1.5482000E+002, 1.5475973E+002
 4.0800000E+003, 5.4157687E-003, 1.5562000E+002, 1.5555981E+002
 4.1040000E+003, 5.4157685E-003, 1.5642000E+002, 1.5635989E+002
 4.1280000E+003, 5.4157684E-003, 1.5722000E+002, 1.5715996E+002
 4.1520000E+003, 5.4157682E-003, 1.5802000E+002, 1.5796004E+002
 4.1760000E+003, 5.4157680E-003, 1.5882000E+002, 1.5876011E+002
 4.2000000E+003, 5.4157678E-003, 1.5962000E+002, 1.5956018E+002
 4.2240000E+003, 5.4157676E-003, 1.6042000E+002, 1.6036026E+002
 4.2480000E+003, 5.4157673E-003, 1.6122000E+002, 1.6116033E+002
 4.2720000E+003, 5.4157670E-003, 1.6202000E+002, 1.6196040E+002
 4.2960000E+003, 5.4157667E-003, 1.6282000E+002, 1.6276047E+002
 4.3200000E+003, 5.4157664E-003, 1.6362000E+002, 1.6356054E+002
 4.3440000E+003, 5.4157660E-003, 1.6442000E+002, 1.6436061E+002
 4.3680000E+003, 5.4157656E-003, 1.6522000E+002, 1.6516068E+002
 4.3920000E+003, 5.4157652E-003, 1.6602000E+002, 1.6596075E+002
 4.4160000E+003, 5.4157647E-003, 1.6682000E+002, 1.6676082E+002
 4.4400000E+003, 5.4157642E-003, 1.6762000E+002, 1.6756089E+002
 4.4640000E+003, 5.4157637E-003, 1.6842000E+002, 1.6836095E+002
 4.4880000E+003, 5.4157630E-003, 1.6922000E+002, 1.6916102E+002
 4.5120000E+003, 5.4157624E-003, 1.7002000E+002, 1.6996109E+002
 4.5360000E+003, 5.4157616E-003, 1.7082000E+002, 1.7076115E+002
 4.5600000E+003, 5.4157609E-003, 1.7162000E+002, 1.7156122E+002
 4.5840000E+003, 5.4157600E-003, 1.7242000E+002, 1.7236128E+002
 4.6080000E+003, 5.4157591E-003, 1.7322000E+002, 1.7316135E+002
 4.6320000E+003, 5.4157580E-003, 1.7402000E+002, 1.7396141E+002
 4.6560000E+003, 5.4157569E-003, 1.7482000E+002, 1.7476148E+002
 4.6800000E+003, 5.4157557E-003, 1.7562000E+002, 1.7556154E+002
 4.7040000E+003, 5.4157544E-003, 1.7642000E+002, 1.7636160E+002
 4.7280000E+003, 5.4157530E-003, 1.7722000E+002, 1.7716167E+002
 4.7520000E+003, 5.4157514E-003, 1.7802000E+002, 1.7796173E+002
 4.7760000E+003, 5.4157498E-003, 1.7882000E+002, 1.7876179E+002
 4.8000000E+003, 5.4157479E-003, 1.7962000E+002, 1.7956185E+002
 4.8240000E+003, 5.4157459E-003, 1.8042000E+002, 1.8036191E+002
 4.8480000E+003, 5.4157438E-003, 1.8122000E+002, 1.8116197E+002
 4.8720000E+003, 5.4157415E-003, 1.8202000E+002, 1.8196203E+002
 4.8960000E+003, 5.4157389E-003, 1.8282000E+002, 1.8276209E+002
 4.9200000E+003, 5.4157362E-003, 1.8362000E+002, 1.8356215E+002
 4.9440000E+003, 5.4157332E-003, 1.8442000E+002, 1.8436221E+002
 4.9680000E+003, 5.4157300E-003, 1.8522000E+002, 1.8516226E+002
 4.9920000E+003, 5.4157265E-003, 1.8602000E+002, 1.8596232E+002
 5.0160000E+003, 5.4157227E-003, 1.8682000E+002, 1.8676238E+002
 5.0400000E+003, 5.4157186E-003, 1.8762000E+002, 1.8756244E+002
 5.0640000E+003, 5.4157141E-003, 1.8842000E+002, 1.8836249E+002
 5.0880000E+003, 5.4157093E-003, 1.8922000E+002, 1.8916255E+002
 5.1120000E+003, 5.4157041E-003, 1.9002000E+002, 1.8996260E+002
 5.1360000E+003, 5.4156985E-003, 1.9082000E+002, 1.9076266E+002
 5.1600000E+003, 5.4156924E-003, 1.9162000E+002, 1.9156271E+002
 5.1840000E+003, 5.4156859E-003, 1.9242000E+002, 1.9236277E+002
 5.2080000E+003, 5.4156788E-003, 1.9322000E+002, 1.9316282E+002
 5.2320000E+003, 5.4156711E-003, 1.9402000E+002, 1.9396288E+002
 5.2560000E+003, 5.4156628E-003, 1.9482000E+002, 1.9476293E+002
 5.2800000E+003, 5.4156538E-003, 1.9562000E+002, 1.9556298E+002
 5.3040000E+003, 5.4156442E-003, 1.9642000E+002, 1.9636304E+002
 5.3280000E+003, 5.4156337E-003, 1.9722000E+002, 1.9716309E+002
 5.3520000E+003, 5.4156224E-003, 1.9802000E+002, 1.9796314E+002
 5.3760000E+003, 5.4156103E-003, 1.9882000E+002, 1.9876319E+002
 5.4000000E+003, 5.4155972E-003, 1.9962000E+002, 1.9956324E+002
 5.4240000E+003, 5.4155831E-003, 2.0042000E+002, 2.0036329E+002
 5.4480000E+003, 5.4155678E-003, 2.0122000E+002, 2.0116334E+002
 5.4720000E+003, 5.4155514E-003, 2.0202000E+002, 2.0196339E+002
 5.4960000E+003, 5.4155337E-003, 2.0282000E+002, 2.0276344E+002
 5.5200000E+003, 5.4155147E-003, 2.0362000E+002, 2.0356349E+002
 5.5440000E+003, 5.4154941E-003, 2.0442000E+002, 2.0436354E+002
 5.5680000E+003, 5.4154720E-003, 2.0522000E+002, 2.0516359E+002
 5.5920000E+003, 5.4154482E-003, 2.0602000E+002, 2.0596364E+002
 5.6160000E+003, 5.4154227E-003, 2.0682000E+002, 2.0676368E+002
 5.6400000E+003, 5.4153951E-003, 2.0762000E+002, 2.0756373E+002
 5.6640000E+003, 5.4153655E-003, 2.0842000E+002, 2.0836378E+002
 5.6880000E+003, 5.4153337E-003, 2.0922000E+002, 2.0916382E+002
 5.7120000E+003, 5.4152994E-003, 2.1002000E+002, 2.0996387E+002
 5.7360000E+003, 5.4152626E-003, 2.1082000E+002, 2.1076392E+002
 5.7600000E+003, 5.4152231E-003, 2.1162000E+002, 2.1156396E+002
 5.7840000E+003, 5.4151806E-003, 2.1242000E+002, 2.1236401E+002
 5.8080000E+003, 5.4151350E-003, 2.1322000E+002, 2.1316405E+002
 5.8320000E+003, 5.4150860E-003, 2.1402000E+002, 2.1396410E+002
 5.8560000E+003, 5.4150334E-003, 2.1482000E+002, 2.1476414E+002
 5.8800000E+003, 5.4149769E-003, 2.1562000E+002, 2.1556418E+002
 5.9040000E+003, 5.4149164E-003, 2.1642000E+002, 2.1636423E+002
 5.9280000E+003, 5.4148514E-003, 2.1722000E+002, 2.1716427E+002
 5.9520000E+003, 5.4147817E-003, 2.1802000E+002, 2.1796431E+002
 5.9760000E+003, 5.4147070E-003, 2.1882000E+002, 2.1876435E+002
 6.0000000E+003, 5.4146269E-003, 2.1962000E+002, 2.1956440E+002
 6.0240000E+003, 5.4145410E-003, 2.2042000E+002, 2.2036444E+002
 6.0480000E+003, 5.4144490E-003, 2.2122000E+002, 2.2116448E+002
 6.0720000E+003, 5.4143504E-003, 2.2202000E+002, 2.2196452E+002
 6.0960000E+003, 5.4142448E-003, 2.2282000E+002, 2.2276456E+002
 6.1200000E+003, 5.4141317E-003, 2.2362000E+002, 2.2356460E+002
 6.1440000E+003, 5.4140107E-003, 2.2442000E+002, 2.2436464E+002
 6.1680000E+003, 5.4138811E-003, 2.2522000E+002, 2.2516468E+002
 6.1920000E+003, 5.4137425E-003, 2.2602000E+002, 2.2596471E+002
 6.2160000E+003, 5.4135941E-003, 2.2682000E+002, 2.2676475E+002
 6.2400000E+003, 5.4134355E-003, 2.2762000E+002, 2.2756479E+002
 6.2640000E+003, 5.4132658E-003, 2.2842000E+002, 2.2836482E+002
 6.2880000E+003, 5.4130843E-003, 2.2922000E+002, 2.2916486E+002
 6.3120000E+003, 5.4128904E-003, 2.3002000E+002, 2.2996490E+002
 6.3360000E+003, 5.4126831E-003, 2.3082000E+002, 2.3076493E+002
 6.3600000E+003, 5.4124616E-003, 2.3162000E+002, 2.3156497E+002
 6.3840000E+003, 5.4122250E-003, 2.3242000E+002, 2.3236500E+002
 6.4080000E+003, 5.4119723E-003, 2.3322000E+002, 2.3316503E+002
 6.4320000E+003, 5.4117024E-003, 2.3402000E+002, 2.3396507E+002
 6.4560000E+003, 5.4114143E-003, 2.3482000E+002, 2.3476510E+002
 6.4800000E+003, 5.4111068E-003, 2.3562000E+002, 2.3556513E+002
 6.5040000E+003, 5.4107786E-003, 2.3642000E+002, 2.3636516E+002
 6.5280000E+003, 5.4104285E-003, 2.3722000E+002, 2.3716519E+002
 6.5520000E+003, 5.4100550E-003, 2.3802000E+002, 2.3796522E+002
 6.5760000E+003, 5.4096567E-003, 2.3882000E+002, 2.3876525E+002
 6.6000000E+003, 5.4092319E-003, 2.3962000E+002, 2.3956528E+002
 6.6240000E+003, 5.4087792E-003, 2.4042000E+002, 2.4036531E+002
 6.6480000E+003, 5.4082966E-003, 2.4122000E+002, 2.4116534E+002
 6.6720000E+003, 5.4077823E-003, 2.4202000E+002, 2.4196536E+002
 6.6960000E+003, 5.4072345E-003, 2.4282000E+002, 2.4276539E+002
 6.7200000E+003, 5.4066509E-003, 2.4362000E+002, 2.4356541E+002
 6.7440000E+003, 5.4060294E-003, 2.4442000E+002, 2.4436544E+002
 6.7680000E+003, 5.4053677E-003, 2.4522000E+002, 2.4516546E+002
 6.7920000E+003, 5.4046633E-003, 2.4602000E+002, 2.4596548E+002
 6.8160000E+003, 5.4039136E-003, 2.4682000E+002, 2.4676550E+002
 6.8400000E+003, 5.4031158E-003, 2.4762000E+002, 2.4756553E+002
 6.8640000E+003, 5.4022671E-003, 2.4842000E+002, 2.4836554E+002
 6.8880000E+003, 5.4013643E-003, 2.4922000E+002, 2.4916556E+002
 6.9120000E+003, 5.4004043E-003, 2.5002000E+002, 2.4996558E+002
 6.9360000E+003, 5.3993835E-003, 2.5082000E+002, 2.5076560E+002
 6.9600000E+003, 5.3982985E-003, 2.5162000E+002, 2.5156561E+002
 6.9840000E+003, 5.3971452E-003, 2.5242000E+002, 2.5236562E+002
 7.0080000E+003, 5.3959198E-003, 2.5322000E+002, 2.5316564E+002
 7.0320000E+003, 5.3946180E-003, 2.5402000E+002, 2.5396565E+002
 7.0560000E+003, 5.3932353E-003, 2.5482000E+002, 2.5476566E+002
 7.0800000E+003, 5.3917669E-003, 2.5562000E+002, 2.5556566E+002
 7.1040000E+003, 5.3902078E-003, 2.5642000E+002, 2.5636567E+002
 7.1280000E+003, 5.3885529E-003, 2.5722000E+002, 2.5716568E+002
 7.1520000E+003, 5.3867965E-003, 2.5802000E+002, 2.5796568E+002
 7.1760000E+003, 5.3849329E-003, 2.5882000E+002, 2.5876568E+002
 7.2000000E+003, 5.3829558E-003, 2.5962000E+002, 2.5956568E+002
 7.2240000E+003, 5.3808588E-003, 2.6042000E+002, 2.6036568E+002
 7.2480000E+003, 5.3786350E-003, 2.6122000E+002, 2.6116567E+002
 7.2720000E+003, 5.3762774E-003, 2.6202000E+002, 2.6196567E+002
 7.2960000E+003, 5.3737784E-003, 2.6282000E+002, 2.6276566E+002
 7.3200000E+003, 5.3711300E-003, 2.6362000E+002, 2.6356565E+002
 7.3440000E+003, 5.3683239E-003, 2.6442000E+002, 2.6436564E+002
 7.3680000E+003, 5.3653513E-003, 2.6522000E+002, 2.6516562E+002
 7.3920000E+003, 5.3622031E-003, 2.6602000E+002, 2.6596561E+002
 7.4160000E+003, 5.3588695E-003, 2.6682000E+002, 2.6676559E+002
 7.4400000E+003, 5.3553404E-003, 2.6762000E+002, 2.6756556E+002
 7.4640000E+003, 5.3516052E-003, 2.6842000E+002, 2.6836554E+002
 7.4880000E+003, 5.3476526E-003, 2.6922000E+002, 2.6916551E+002
 7.5120000E+003, 5.3434710E-003, 2.7002000E+002, 2.6996548E+002
 7.5360000E+003, 5.3390481E-003, 2.7082000E+002, 2.7076544E+002
 7.5600000E+003, 5.3343710E-003, 2.7162000E+002, 2.7156541E+002
 7.5840000E+003, 5.3294262E-003, 2.7242000E+002, 2.7236537E+002
 7.6080000E+003, 5.3241995E-003, 2.7322000E+002, 2.7316532E+002
 7.6320000E+003, 5.3186763E-003, 2.7402000E+002, 2.7396527E+002
 7.6560000E+003, 5.3128410E-003, 2.7482000E+002, 2.7476522E+002
 7.6800000E+003, 5.3066776E-003, 2.7562000E+002, 2.7556517E+002
 7.7040000E+003, 5.3001690E-003, 2.7642000E+002, 2.7636511E+002
 7.7280000E+003, 5.2932978E-003, 2.7722000E+002, 2.7716504E+002
 7.7520000E+003, 5.2860455E-003, 2.7802000E+002, 2.7796498E+002
 7.7760000E+003, 5.2783929E-003, 2.7882000E+002, 2.7876490E+002
 7.8000000E+003, 5.2703199E-003, 2.7962000E+002, 2.7956483E+002
 7.8240000E+003, 5.2618058E-003, 2.8042000E+002, 2.8036475E+002
 7.8480000E+003, 5.2528289E-003, 2.8122000E+002, 2.8116466E+002
 7.8720000E+003, 5.2433665E-003, 2.8202000E+002, 2.8196457E+002
 7.8960000E+003, 5.2333952E-003, 2.8282000E+002, 2.8276447E+002
 7.9200000E+003, 5.2228905E-003, 2.8362000E+002, 2.8356437E+002
 7.9440000E+003, 5.2118273E-003, 2.8442000E+002, 2.8436426E+002
 7.9680000E+003, 5.2001791E-003, 2.8522000E+002, 2.8516415E+002
 7.9920000E+003, 5.1879189E-003, 2.8602000E+002, 2.8596403E+002
 8.0160000E+003, 5.1750183E-003, 2.8682000E+002, 2.8676390E+002
 8.0400000E+003, 5.1614484E-003, 2.8762000E+002, 2.8756377E+002
 8.0640000E+003, 5.1471790E-003, 2.8842000E+002, 2.8836363E+002
 8.0880000E+003, 5.1321791E-003, 2.8922000E+002, 2.8916349E+002
 8.1120000E+003, 5.1164165E-003, 2.9002000E+002, 2.8996334E+002
 8.1360000E+003, 5.0998585E-003, 2.9082000E+002, 2.9076318E+002
 8.1600000E+003, 5.0824711E-003, 2.9162000E+002, 2.9156301E+002
 8.1840000E+003, 5.0642196E-003, 2.9242000E+002, 2.9236284E+002
 8.2080000E+003, 5.0450682E-003, 2.9322000E+002, 2.9316266E+002
 8.2320000E+003, 5.0249807E-003, 2.9402000E+002, 2.9396248E+002
 8.2560000E+003, 5.0039196E-003, 2.9482000E+002, 2.9476229E+002
 8.2800000E+003, 4.9818471E-003, 2.9562000E+002, 2.9556209E+002
 8.3040000E+003, 4.9587245E-003, 2.9642000E+002, 2.9636188E+002
 8.3280000E+003, 4.9345127E-003, 2.9722000E+002, 2.9716166E+002
 8.3520000E+003, 4.9091718E-003, 2.9802000E+002, 2.9796144E+002
 8.3760000E+003, 4.8826619E-003, 2.9882000E+002, 2.9876121E+002
 8.4000000E+003, 4.8549425E-003, 2.9962000E+002, 2.9956098E+002
 8.4240000E+003, 4.8259731E-003, 3.0042000E+002, 3.0036074E+002
 8.4480000E+003, 4.7957133E-003, 3.0122000E+002, 3.0116049E+002
 8.4720000E+003, 4.7641224E-003, 3.0202000E+002, 3.0196023E+002
 8.4960000E+003, 4.7311607E-003, 3.0282000E+002, 3.0275997E+002
 8.5200000E+003, 4.6967883E-003, 3.0362000E+002, 3.0355970E+002
 8.5440000E+003, 4.6609667E-003, 3.0442000E+002, 3.0435942E+002
 8.5680000E+003, 4.6236578E-003, 3.0522000E+002, 3.0515915E+002
 8.5920000E+003, 4.5848251E-003, 3.0602000E+002, 3.0595886E+002
 8.6160000E+003, 4.5444333E-003, 3.0682000E+002, 3.0675857E+002
 8.6400000E+003, 4.5024492E-003, 3.0762000E+002, 3.0755828E+002
 8.6640000E+003, 4.4588413E-003, 3.0842000E+002, 3.0835798E+002
 8.6880000E+003, 4.4135809E-003, 3.0922000E+002, 3.0915769E+002
 8.7120000E+003, 4.3666418E-003, 3.1002000E+002, 3.0995739E+002
 8.7360000E+003, 4.3180012E-003, 3.1082000E+002, 3.1075708E+002
 8.7600000E+003, 4.2676395E-003, 3.1162000E+002, 3.1155678E+002
 8.7840000E+003, 4.2155416E-003, 3.1242000E+002, 3.1235649E+002
 8.8080000E+003, 4.1616963E-003, 3.1322000E+002, 3.1315619E+002
 8.8320000E+003, 4.1060975E-003, 3.1402000E+002, 3.1395589E+002
 8.8560000E+003, 4.0487446E-003, 3.1482000E+002, 3.1475561E+002
 8.8800000E+003, 3.9896423E-003, 3.1562000E+002, 3.1555532E+002
 8.9040000E+003, 3.9288022E-003, 3.1642000E+002, 3.1635505E+002
 8.9280000E+003, 3.8662421E-003, 3.1722000E+002, 3.1715478E+002
 8.9520000E+003, 3.8019874E-003, 3.1802000E+002, 3.1795453E+002
 8.9760000E+003, 3.7360712E-003, 3.1882000E+002, 3.1875429E+002
 9.0000000E+003, 3.6685347E-003, 3.1962000E+002, 3.1955406E+002
 9.0240000E+003, 3.5994278E-003, 3.2042000E+002, 3.2035385E+002
 9.0480000E+003, 3.5288093E-003, 3.2122000E+002, 3.2115365E+002
 9.0720000E+003, 3.4567477E-003, 3.2202000E+002, 3.2195348E+002
 9.0960000E+003, 3.3833211E-003, 3.2282000E+002, 3.2275333E+002
 9.1200000E+003, 3.3086177E-003, 3.2362000E+002, 3.2355320E+002
 9.1440000E+003, 3.2327360E-003, 3.2442000E+002, 3.2435310E+002
 9.1680000E+003, 3.1557848E-003, 3.2522000E+002, 3.2515302E+002
 9.1920000E+003, 3.0778837E-003, 3.2602000E+002, 3.2595298E+002
 9.2160000E+003, 2.9991623E-003, 3.2682000E+002, 3.2675296E+002
 9.2400000E+003, 2.9197608E-003, 3.2762000E+002, 3.2755298E+002
 9.2640000E+003, 2.8398295E-003, 3.2842000E+002, 3.2835304E+002
 9.2880000E+003, 2.7595280E-003, 3.2922000E+002, 3.2915313E+002
 9.3120000E+003, 2.6790255E-003, 3.3002000E+002, 3.2995326E+002
 9.3360000E+003, 2.5984991E-003, 3.3082000E+002, 3.3075343E+002
 9.3600000E+003, 2.5181339E-003, 3.3162000E+002, 3.3155364E+002
 9.3840000E+003, 2.4381216E-003, 3.3242000E+002, 3.3235389E+002
 9.4080000E+003, 2.3586592E-003, 3.3322000E+002, 3.3315418E+002
 9.4320000E+003, 2.2799479E-003, 3.3402000E+002, 3.3395451E+002
 9.4560000E+003, 2.2021918E-003, 3.3482000E+002, 3.3475488E+002
 9.4800000E+003, 2.1255960E-003, 3.3562000E+002, 3.3555529E+002
 9.5040000E+003, 2.0503650E-003, 3.3642000E+002, 3.3635575E+002
 9.5280000E+003, 1.9767007E-003, 3.3722000E+002, 3.3715624E+002
 9.5520000E+003, 1.9048008E-003, 3.3802000E+002, 3.3795676E+002
 9.5760000E+003, 1.8348563E-003, 3.3882000E+002, 3.3875732E+002
 9.6000000E+003, 1.7670497E-003, 3.3962000E+002, 3.3955791E+002
 9.6240000E+003, 1.7015530E-003, 3.4042000E+002, 3.4035853E+002
 9.6480000E+003, 1.6385254E-003, 3.4122000E+002, 3.4115917E+002
 9.6720000E+003, 1.5781112E-003, 3.4202000E+002, 3.4195984E+002
 9.6960000E+003, 1.5204386E-003, 3.4282000E+002, 3.4276052E+002
 9.7200000E+003, 1.4656169E-003, 3.4362000E+002, 3.4356122E+002
 9.7440000E+003, 1.4137360E-003, 3.4442000E+002, 3.4436192E+002
 9.7680000E+003, 1.3648645E-003, 3.4522000E+002, 3.4516263E+002
 9.7920000E+003, 1.3190487E-003, 3.4602000E+002, 3.4596334E+002
 9.8160000E+003, 1.2763125E-003, 3.4682000E+002, 3.4676404E+002
 9.8400000E+003, 1.2366564E-003, 3.4762000E+002, 3.4756473E+002
 9.8640000E+003, 1.2000578E-003, 3.4842000E+002, 3.4836541E+002
 9.8880000E+003, 1.1664716E-003, 3.4922000E+002, 3.4916607E+002
 9.9120000E+003, 1.1358310E-003, 3.5002000E+002, 3.4996670E+002
 9.9360000E+003, 1.1080486E-003, 3.5082000E+002, 3.5076731E+002
 9.9600000E+003, 1.0830181E-003, 3.5162000E+002, 3.5156789E+002
 9.9840000E+003, 1.0606164E-003, 3.5242000E+002, 3.5236844E+002
 1.0008000E+004, 1.0407057E-003, 3.5322000E+002, 3.5316895E+002
 1.0032000E+004, 1.0231359E-003, 3.5402000E+002, 3.5396942E+002
 1.0056000E+004, 1.0077475E-003, 3.5482000E+002, 3.5476986E+002
 1.0080000E+004, 9.9437454E-004, 3.5562000E+002, 3.5557026E+002
 1.0104000E+004, 9.8284686E-004, 3.5642000E+002, 3.5637063E+002
 1.0128000E+004, 9.7299343E-004, 3.5722000E+002, 3.5717095E+002
 1.0152000E+004, 9.6464473E-004, 3.5802000E+002, 3.5797124E+002
 1.0176000E+004, 9.5763535E-004, 3.5882000E+002, 3.5877150E+002
 1.0200000E+004, 9.5180609E-004, 3.5962000E+002, 3.5957172E+002
 1.0224000E+004, 9.4700597E-004, 3.6042000E+002, 3.6037191E+002
 1.0248000E+004, 9.4309375E-004, 3.6122000E+002, 3.6117208E+002
 1.0272000E+004, 9.3993911E-004, 3.6202000E+002, 3.6197222E+002
 1.0296000E+004, 9.3742349E-004, 3.6282000E+002, 3.6277233E+002
 1.0320000E+004, 9.3544051E-004, 3.6362000E+002, 3.6357243E+002
 1.0344000E+004, 9.3389610E-004, 3.6442000E+002, 3.6437251E+002
 1.0368000E+004, 9.3270820E-004, 3.6522000E+002, 3.6517257E+002
 1.0392000E+004, 9.3180632E-004, 3.6602000E+002, 3.6597262E+002
 1.0416000E+004, 9.3113078E-004, 3.6682000E+002, 3.6677266E+002
 1.0440000E+004, 9.3063185E-004, 3.6762000E+002, 3.6757269E+002
 1.0464000E+004, 9.3026869E-004, 3.6842000E+002, 3.6837272E+002
 1.0488000E+004, 9.3000834E-004, 3.6922000E+002, 3.6917274E+002
 1.0512000E+004, 9.2982462E-004, 3.7002000E+002, 3.6997275E+002
 1.0536000E+004, 9.2969708E-004, 3.7082000E+002, 3.7077276E+002
 1.0560000E+004, 9.2961004E-004, 3.7162000E+002, 3.7157277E+002
 1.0584000E+004, 9.2955168E-004, 3.7242000E+002, 3.7237278E+002
 1.0608000E+004, 9.2951326E-004, 3.7322000E+002, 3.7317278E+002
 1.0632000E+004, 9.2948845E-004, 3.7402000E+002, 3.7397278E+002
 1.0656000E+004, 9.2947275E-004, 3.7482000E+002, 3.7477279E+002
 1.0680000E+004, 9.2946301E-004, 3.7562000E+002, 3.7557279E+002
 1.0704000E+004, 9.2945709E-004, 3.7642000E+002, 3.7637279E+002
 1.0728000E+004, 9.2945358E-004, 3.7722000E+002, 3.7717280E+002
 1.0752000E+004, 9.2945155E-004, 3.7802000E+002, 3.7797280E+002
 1.0776000E+004, 9.2945039E-004, 3.7882000E+002, 3.7877280E+002
 1.0800000E+004, 9.2944976E-004, 3.7962000E+002, 3.7957280E+002
 1.0824000E+004, 9.2944941E-004, 3.8042000E+002, 3.8037280E+002
 1.0848000E+004, 9.2944923E-004, 3.8122000E+002, 3.8117281E+002
 1.0872000E+004, 9.2944914E-004, 3.8202000E+002, 3.8197281E+002
 1.0896000E+004, 9.2944910E-004, 3.8282000E+002, 3.8277281E+002
 1.0920000E+004, 9.2944908E-004, 3.8362000E+002, 3.8357281E+002
 1.0944000E+004, 9.2944907E-004, 3.8442000E+002, 3.8437281E+002
 1.0968000E+004, 9.2944906E-004, 3.8522000E+002, 3.8517282E+002
 1.0992000E+004, 9.2944906E-004, 3.8602000E+002, 3.8597282E+002
 1.1016000E+004, 9.2944906E-004, 3.8682000E+002, 3.8677282E+002
 1.1040000E+004, 9.2944906E-004, 3.8762000E+002, 3.8757282E+002
 1.1064000E+004, 9.2944906E-004, 3.8842000E+002, 3.8837282E+002
 1.1088000E+004, 9.2944906E-004, 3.8922000E+002, 3.8917283E+002
 1.1112000E+004, 9.2944906E-004, 3.9002000E+002, 3.8997283E+002
 1.1136000E+004, 9.2944906E-004, 3.9082000E+002, 3.9077283E+002
 1.1160000E+004, 9.2944906E-004, 3.9162000E+002, 3.9157283E+002
 1.1184000E+004, 9.2944906E-004, 3.9242000E+002, 3.9237283E+002
 1.1208000E+004, 9.2944906E-004, 3.9322000E+002, 3.9317283E+002
 1.1232000E+004, 9.2944906E-004, 3.9402000E+002, 3.9397284E+002
 1.1256000E+004, 9.2944906E-004, 3.9482000E+002, 3.9477284E+002
 1.1280000E+004, 9.2944906E-004, 3.9562000E+002, 3.9557284E+002
 1.1304000E+004, 9.2944906E-004, 3.9642000E+002, 3.9637284E+002
 1.1328000E+004, 9.2944906E-004, 3.9722000E+002, 3.9717284E+002
 1.1352000E+004, 9.2944906E-004, 3.9802000E+002, 3.9797285E+002
 1.1376000E+004, 9.2944906E-004, 3.9882000E+002, 3.9877285E+002
 1.1400000E+004, 9.2944906E-004, 3.9962000E+002, 3.9957285E+002
 1.1424000E+004, 9.2944906E-004, 4.0042000E+002, 4.0037285E+002
 1.1448000E+004, 9.2944906E-004, 4.0122000E+002, 4.0117285E+002
 1.1472000E+004, 9.2944906E-004, 4.0202000E+002, 4.0197285E+002
 1.1496000E+004, 9.2944906E-004, 4.0282000E+002, 4.0277286E+002
 1.1520000E+004, 9.2944906E-004, 4.0362000E+002, 4.0357286E+002
 1.1544000E+004, 9.2944906E-004, 4.0442000E+002, 4.0437286E+002
 1.1568000E+004, 9.2944906E-004, 4.0522000E+002, 4.0517286E+002
 1.1592000E+004, 9.2944906E-004, 4.0602000E+002, 4.0597286E+002
 1.1616000E+004, 9.2944906E-004, 4.0682000E+002, 4.0677286E+002
 1.1640000E+004, 9.2944906E-004, 4.0762000E+002, 4.0757287E+002
 1.1664000E+004, 9.2944906E-004, 4.0842000E+002, 4.0837287E+002
 1.1688000E+004, 9.2944906E-004, 4.0922000E+002, 4.0917287E+002
 1.1712000E+004, 9.2944906E-004, 4.1002000E+002, 4.0997287E+002
 1.1736000E+004, 9.2944906E-004, 4.1082000E+002, 4.1077287E+002
 1.1760000E+004, 9.2944906E-004, 4.1162000E+002, 4.1157287E+002
 1.1784000E+004, 9.2944906E-004, 4.1242000E+002, 4.1237288E+002
 1.1808000E+004, 9.2944906E-004, 4.1322000E+002, 4.1317288E+002
 1.1832000E+004, 9.2944906E-004, 4.1402000E+002, 4.1397288E+002
 1.1856000E+004, 9.2944906E-004, 4.1482000E+002, 4.1477288E+002
 1.1880000E+004, 9.2944906E-004, 4.1562000E+002, 4.1557288E+002
 1.1904000E+004, 9.2944906E-004, 4.1642000E+002, 4.1637288E+002
 1.1928000E+004, 9.2944906E-004, 4.1722000E+002, 4.1717289E+002
 1.1952000E+004, 9.2944906E-004, 4.1802000E+002, 4.1797289E+002
 1.1976000E+004, 9.2944906E-004, 4.1882000E+002, 4.1877289E+002
 1.2000000E+004, 9.2944906E-004, 4.1962000E+002, 4.1957289E+002
 1.2024000E+004, 9.2944906E-004, 4.2042000E+002, 4.2037289E+002
 1.2048000E+004, 9.2944906E-004, 4.2122000E+002, 4.2117289E+002
 1.2072000E+004, 9.2944906E-004, 4.2202000E+002, 4.2197289E+002
 1.2096000E+004, 9.2944906E-004, 4.2282000E+002, 4.2277290E+002
 1.2120000E+004, 9.2944906E-004, 4.2362000E+002, 4.2357290E+002
 1.2144000E+004, 9.2944906E-004, 4.2442000E+002, 4.2437290E+002
 1.2168000E+004, 9.2944906E-004, 4.2522000E+002, 4.2517290E+002
 1.2192000E+004, 9.2944906E-004, 4.2602000E+002, 4.2597290E+002
 1.2216000E+004, 9.2944906E-004, 4.2682000E+002, 4.2677290E+002
 1.2240000E+004, 9.2944906E-004, 4.2762000E+002, 4.2757291E+002
 1.2264000E+004, 9.2944906E-004, 4.2842000E+002, 4.2837291E+002
 1.2288000E+004, 9.2944906E-004, 4.2922000E+002, 4.2917291E+002
 1.2312000E+004, 9.2944906E-004, 4.3002000E+002, 4.2997291E+002
 1.2336000E+004, 9.2944906E-004, 4.3082000E+002, 4.3077291E+002
 1.2360000E+004, 9.2944906E-004, 4.3162000E+002, 4.3157291E+002
 1.2384000E+004, 9.2944906E-004, 4.3242000E+002, 4.3237291E+002
 1.2408000E+004, 9.2944906E-004, 4.3322000E+002, 4.3317292E+002
 1.2432000E+004, 9.2944906E-004, 4.3402000E+002, 4.3397292E+002
 1.2456000E+004, 9.2944906E-004, 4.3482000E+002, 4.3477292E+002
 1.2480000E+004, 9.2944906E-004, 4.3562000E+002, 4.3557292E+002
 1.2504000E+004, 9.2944906E-004, 4.3642000E+002, 4.3637292E+002
 1.2528000E+004, 9.2944906E-004, 4.3722000E+002, 4.3717292E+002
 1.2552000E+004, 9.2944906E-004, 4.3802000E+002, 4.3797292E+002
 1.2576000E+004, 9.2944906E-004, 4.3882000E+002, 4.3877293E+002
 1.2600000E+004, 9.2944906E-004, 4.3962000E+002, 4.3957293E+002
 1.2624000E+004, 9.2944906E-004, 4.4042000E+002, 4.4037293E+002
 1.2648000E+004, 9.2944906E-004, 4.4122000E+002, 4.4117293E+002
 1.2672000E+004, 9.2944906E-004, 4.4202000E+002, 4.4197293E+002
 1.2696000E+004, 9.2944906E-004, 4.4282000E+002, 4.4277293E+002
 1.2720000E+004, 9.2944906E-004, 4.4362000E+002, 4.4357293E+002
 1.2744000E+004, 9.2944906E-004, 4.4442000E+002, 4.4437293E+002
 1.2768000E+004, 9.2944906E-004, 4.4522000E+002, 4.4517294E+002
 1.2792000E+004, 9.2944906E-004, 4.4602000E+002, 4.4597294E+002
 1.2816000E+004, 9.2944906E-004, 4.4682000E+002, 4.4677294E+002
 1.2840000E+004, 9.2944906E-004, 4.4762000E+002, 4.4757294E+002
 1.2864000E+004, 9.2944906E-004, 4.4842000E+002, 4.4837294E+002
 1.2888000E+004, 9.2944906E-004, 4.4922000E+002, 4.4917294E+002
 1.2912000E+004, 9.2944906E-004, 4.5002000E+002, 4.4997294E+002
 1.2936000E+004, 9.2944906E-004, 4.5082000E+002, 4.5077295E+002
 1.2960000E+004, 9.2944906E-004, 4.5162000E+002, 4.5157295E+002
 1.2984000E+004, 9.2944906E-004, 4.5242000E+002, 4.5237295E+002
 1.3008000E+004, 9.2944906E-004, 4.5322000E+002, 4.5317295E+002
 1.3032000E+004, 9.2944906E-004, 4.5402000E+002, 4.5397295E+002
 1.3056000E+004, 9.2944906E-004, 4.5482000E+002, 4.5477295E+002
 1.3080000E+004, 9.2944906E-004, 4.5562000E+002, 4.5557295E+002
 1.3104000E+004, 9.2944906E-004, 4.5642000E+002, 4.5637295E+002
 1.3128000E+004, 9.2944906E-004, 4.5722000E+002, 4.5717296E+002
 1.3152000E+004, 9.2944906E-004, 4.5802000E+002, 4.5797296E+002
 1.3176000E+004, 9.2944906E-004, 4.5882000E+002, 4.5877296E+002
 1.3200000E+004, 9.2944906E-004, 4.5962000E+002, 4.5957296E+002
 1.3224000E+004, 9.2944906E-004, 4.6042000E+002, 4.6037296E+002
 1.3248000E+004, 9.2944906E-004, 4.6122000E+002, 4.6117296E+002
 1.3272000E+004, 9.2944906E-004, 4.6202000E+002, 4.6197296E+002
 1.3296000E+004, 9.2944906E-004, 4.6282000E+002, 4.6277296E+002
 1.3320000E+004, 9.2944906E-004, 4.6362000E+002, 4.6357297E+002
 1.3344000E+004, 9.2944906E-004, 4.6442000E+002, 4.6437297E+002
 1.3368000E+004, 9.2944906E-004, 4.6522000E+002, 4.6517297E+002
 1.3392000E+004, 9.2944906E-004, 4.6602000E+002, 4.6597297E+002
 1.3416000E+004, 9.2944906E-004, 4.6682000E+002, 4.6677297E+002
 1.3440000E+004, 9.2944906E-004, 4.6762000E+002, 4.6757297E+002
 1.3464000E+004, 9.2944906E-004, 4.6842000E+002, 4.6837297E+002
 1.3488000E+004, 9.2944906E-004, 4.6922000E+002, 4.6917297E+002
 1.3512000E+004, 9.2944906E-004, 4.7002000E+002, 4.6997298E+002
 1.3536000E+004, 9.2944906E-004, 4.7082000E+002, 4.7077298E+002
 1.3560000E+004, 9.2944906E-004, 4.7162000E+002, 4.7157298E+002
 1.3584000E+004, 9.2944906E-004, 4.7242000E+002, 4.7237298E+002
 1.3608000E+004, 9.2944906E-004, 4.7322000E+002, 4.7317298E+002
 1.3632000E+004, 9.2944906E-004, 4.7402000E+002, 4.7397298E+002
 1.3656000E+004, 9.2944906E-004, 4.7482000E+002, 4.7477298E+002
 1.3680000E+004, 9.2944906E-004, 4.7562000E+002, 4.7557298E+002
 1.3704000E+004, 9.2944906E-004, 4.7642000E+002, 4.7637298E+002
 1.3728000E+004, 9.2944906E-004, 4.7722000E+002, 4.7717299E+002
 1.3752000E+004, 9.2944906E-004, 4.7802000E+002, 4.7797299E+002
 1.3776000E+004, 9.2944906E-004, 4.7882000E+002, 4.7877299E+002
 1.3800000E+004, 9.2944906E-004, 4.7962000E+002, 4.7957299E+002
 1.3824000E+004, 9.2944906E-004, 4.8042000E+002, 4.8037299E+002
 1.3848000E+004, 9.2944906E-004, 4.8122000E+002, 4.8117299E+002
 1.3872000E+004, 9.2944906E-004, 4.8202000E+002, 4.8197299E+002
 1.3896000E+004, 9.2944906E-004, 4.8282000E+002, 4.8277299E+002
 1.3920000E+004, 9.2944906E-004, 4.8362000E+002, 4.8357299E+002
 1.3944000E+004, 9.2944906E-004, 4.8442000E+002, 4.8437300E+002
 1.3968000E+004, 9.2944906E-004, 4.8522000E+002, 4.8517300E+002
 1.3992000E+004, 9.2944906E-004, 4.8602000E+002, 4.8597300E+002
 1.4016000E+004, 9.2944906E-004, 4.8682000E+002, 4.8677300E+002
 1.4040000E+004, 9.2944906E-004, 4.8762000E+002, 4.8757300E+002
 1.4064000E+004, 9.2944906E-004, 4.8842000E+002, 4.8837300E+002
 1.4088000E+004, 9.2944906E-004, 4.8922000E+002, 4.8917300E+002
 1.4112000E+004, 9.2944906E-004, 4.9002000E+002, 4.8997300E+002
 1.4136000E+004, 9.2944906E-004, 4.9082000E+002, 4.9077300E+002
 1.4160000E+004, 9.2944906E-004, 4.9162000E+002, 4.9157300E+002
 1.4184000E+004, 9.2944906E-004, 4.9242000E+002, 4.9237301E+002
 1.4208000E+004, 9.2944906E-004, 4.9322000E+002, 4.9317301E+002
 1.4232000E+004, 9.2944906E-004, 4.9402000E+002, 4.9397301E+002
 1.4256000E+004, 9.2944906E-004, 4.9482000E+002, 4.9477301E+002
 1.4280000E+004, 9.2944906E-004, 4.9562000E+002, 4.9557301E+002
 1.4304000E+004, 9.2944906E-004, 4.9642000E+002, 4.9637301E+002
 1.4328000E+004, 9.2944906E-004, 4.9722000E+002, 4.9717301E+002
 1.4352000E+004, 9.2944906E-004, 4.9802000E+002, 4.9797301E+002
 1.4376000E+004, 9.2944906E-004, 4.9882000E+002, 4.9877301E+002
 1.4400000E+004, 9.2944906E-004, 4.9962000E+002, 4.9957302E+002
 1.4424000E+004, 9.2944906E-004, 5.0042000E+002, 5.0037302E+002
 1.4448000E+004, 9.2944906E-004, 5.0122000E+002, 5.0117302E+002
 1.4472000E+004, 9.2944906E-004, 5.0202000E+002, 5.0197302E+002
 1.4496000E+004, 9.2944906E-004, 5.0282000E+002, 5.0277302E+002
 1.4520000E+004, 9.2944906E-004, 5.0362000E+002, 5.0357302E+002
 1.4544000E+004, 9.2944906E-004, 5.0442000E+002, 5.0437302E+002
 1.4568000E+004, 9.2944906E-004, 5.0522000E+002, 5.0517302E+002
 1.4592000E+004, 9.2944906E-004, 5.0602000E+002, 5.0597302E+002
 1.4616000E+004, 9.2944906E-004, 5.0682000E+002, 5.0677302E+002
 1.4640000E+004, 9.2944906E-004, 5.0762000E+002, 5.0757302E+002
 1.4664000E+004, 9.2944906E-004, 5.0842000E+002, 5.0837303E+002
 1.4688000E+004, 9.2944906E-004, 5.0922000E+002, 5.0917303E+002
 1.4712000E+004, 9.2944906E-004, 5.1002000E+002, 5.0997303E+002
 1.4736000E+004, 9.2944906E-004, 5.1082000E+002, 5.1077303E+002
 1.4760000E+004, 9.2944906E-004, 5.1162000E+002, 5.1157303E+002
 1.4784000E+004, 9.2944906E-004, 5.1242000E+002, 5.1237303E+002
 1.4808000E+004, 9.2944906E-004, 5.1322000E+002, 5.1317303E+002
 1.4832000E+004, 9.2944906E-004, 5.1402000E+002, 5.1397303E+002
 1.4856000E+004, 9.2944906E-004, 5.1482000E+002, 5.1477303E+002
 1.4880000E+004, 9.2944906E-004, 5.1562000E+002, 5.1557303E+002
 1.4904000E+004, 9.2944906E-004, 5.1642000E+002, 5.1637304E+002
 1.4928000E+004, 9.2944906E-004, 5.1722000E+002, 5.1717304E+002
 1.4952000E+004, 9.2944906E-004, 5.1802000E+002, 5.1797304E+002
 1.4976000E+004, 9.2944906E-004, 5.1882000E+002, 5.1877304E+002
 1.5000000E+004, 9.2944906E-004, 5.1962000E+002, 5.1957304E+002
 1.5024000E+004, 9.2944906E-004, 5.2042000E+002, 5.2037304E+002
 1.5048000E+004, 9.2944906E-004, 5.2122000E+002, 5.2117304E+002
 1.5072000E+004, 9.2944906E-004, 5.2202000E+002, 5.2197304E+002
 1.5096000E+004, 9.2944906E-004, 5.2282000E+002, 5.2277304E+002
 1.5120000E+004, 9.2944906E-004, 5.2362000E+002, 5.2357304E+002
 1.5144000E+004, 9.2944906E-004, 5.2442000E+002, 5.2437304E+002
 1.5168000E+004, 9.2944906E-004, 5.2522000E+002, 5.2517305E+002
 1.5192000E+004, 9.2944906E-004, 5.2602000E+002, 5.2597305E+002
 1.5216000E+004, 9.2944906E-004, 5.2682000E+002, 5.2677305E+002
 1.5240000E+004, 9.2944906E-004, 5.2762000E+002, 5.2757305E+002
 1.5264000E+004, 9.2944906E-004, 5.2842000E+002, 5.2837305E+002
 1.5288000E+004, 9.2944906E-004, 5.2922000E+002, 5.2917305E+002
 1.5312000E+004, 9.2944906E-004, 5.3002000E+002, 5.2997305E+002
 1.5336000E+004, 9.2944906E-004, 5.3082000E+002, 5.3077305E+002
 1.5360000E+004, 9.2944906E-004, 5.3162000E+002, 5.3157305E+002
 1.5384000E+004, 9.2944906E-004, 5.3242000E+002, 5.3237305E+002
 1.5408000E+004, 9.2944906E-004, 5.3322000E+002, 5.3317305E+002
 1.5432000E+004, 9.2944906E-004, 5.3402000E+002, 5.3397305E+002
 1.5456000E+004, 9.2944906E-004, 5.3482000E+002, 5.3477306E+002
 1.5480000E+004, 9.2944906E-004, 5.3562000E+002, 5.3557306E+002
 1.5504000E+004, 9.2944906E-004, 5.3642000E+002, 5.3637306E+002
 1.5528000E+004, 9.2944906E-004, 5.3722000E+002, 5.3717306E+002
 1.5552000E+004, 9.2944906E-004, 5.3802000E+002, 5.3797306E+002
 1.5576000E+004, 9.2944906E-004, 5.3882000E+002, 5.3877306E+002
 1.5600000E+004, 9.2944906E-004, 5.3962000E+002, 5.3957306E+002
 1.5624000E+004, 9.2944906E-004, 5.4042000E+002, 5.4037306E+002
 1.5648000E+004, 9.2944906E-004, 5.4122000E+002, 5.4117306E+002
 1.5672000E+004, 9.2944906E-004, 5.4202000E+002, 5.4197306E+002
 1.5696000E+004, 9.2944906E-004, 5.4282000E+002, 5.4277306E+002
 1.5720000E+004, 9.2944906E-004, 5.4362000E+002, 5.4357306E+002
 1.5744000E+004, 9.2944906E-004, 5.4442000E+002, 5.4437307E+002
 1.5768000E+004, 9.2944906E-004, 5.4522000E+002, 5.4517307E+002
 1.5792000E+004, 9.2944906E-004, 5.4602000E+002, 5.4597307E+002
 1.5816000E+004, 9.2944906E-004, 5.4682000E+002, 5.4677307E+002
 1.5840000E+004, 9.2944906E-004, 5.4762000E+002, 5.4757307E+002
 1.5864000E+004, 9.2944906E-004, 5.4842000E+002, 5.4837307E+002
 1.5888000E+004, 9.2944906E-004, 5.4922000E+002, 5.4917307E+002
 1.5912000E+004, 9.2944906E-004, 5.5002000E+002, 5.4997307E+002
 1.5936000E+004, 9.2944906E-004, 5.5082000E+002, 5.5077307E+002
 1.5960000E+004, 9.2944906E-004, 5.5162000E+002, 5.5157307E+002
 1.5984000E+004, 9.2944906E-004, 5.5242000E+002, 5.5237307E+002
 1.6008000E+004, 9.2944906E-004, 5.5322000E+002, 5.5317307E+002
 1.6032000E+004, 9.2944906E-004, 5.5402000E+002, 5.5397307E+002
 1.6056000E+004, 9.2944906E-004, 5.5482000E+002, 5.5477308E+002
 1.6080000E+004, 9.2944906E-004, 5.5562000E+002, 5.5557308E+002
 1.6104000E+004, 9.2944906E-004, 5.5642000E+002, 5.5637308E+002
 1.6128000E+004, 9.2944906E-004, 5.5722000E+002, 5.5717308E+002
 1.6152000E+004, 9.2944906E-004, 5.5802000E+002, 5.5797308E+002
 1.6176000E+004, 9.2944906E-004, 5.5882000E+002, 5.5877308E+002
 1.6200000E+004, 9.2944906E-004, 5.5962000E+002, 5.5957308E+002
 1.6224000E+004, 9.2944906E-004, 5.6042000E+002, 5.6037308E+002
 1.6248000E+004, 9.2944906E-004, 5.6122000E+002, 5.6117308E+002
 1.6272000E+004, 9.2944906E-004, 5.6202000E+002, 5.6197308E+002
 1.6296000E+004, 9.2944906E-004, 5.6282000E+002, 5.6277308E+002
 1.6320000E+004, 9.2944906E-004, 5.6362000E+002, 5.6357308E+002
 1.6344000E+004, 9.2944906E-004, 5.6442000E+002, 5.6437308E+002
 1.6368000E+004, 9.2944906E-004, 5.6522000E+002, 5.6517309E+002
 1.6392000E+004, 9.2944906E-004, 5.6602000E+002, 5.6597309E+002
 1.6416000E+004, 9.2944906E-004, 5.6682000E+002, 5.6677309E+002
 1.6440000E+004, 9.2944906E-004, 5.6762000E+002, 5.6757309E+002
 1.6464000E+004, 9.2944906E-004, 5.6842000E+002, 5.6837309E+002
 1.6488000E+004, 9.2944906E-004, 5.6922000E+002, 5.6917309E+002
 1.6512000E+004, 9.2944906E-004, 5.7002000E+002, 5.6997309E+002
 1.6536000E+004, 9.2944906E-004, 5.7082000E+002, 5.7077309E+002
 1.6560000E+004, 9.2944906E-004, 5.7162000E+002, 5.7157309E+002
 1.6584000E+004, 9.2944906E-004, 5.7242000E+002, 5.7237309E+002
 1.6608000E+004, 9.2944906E-004, 5.7322000E+002, 5.7317309E+002
 1.6632000E+004, 9.2944906E-004, 5.7402000E+002, 5.7397309E+002
 1.6656000E+004, 9.2944906E-004, 5.7482000E+002, 5.7477309E+002
 1.6680000E+004, 9.2944906E-004, 5.7562000E+002, 5.7557309E+002
 1.6704000E+004, 9.2944906E-004, 5.7642000E+002, 5.7637309E+002
 1.6728000E+004, 9.2944906E-004, 5.7722000E+002, 5.7717310E+002
 1.6752000E+004, 9.2944906E-004, 5.7802000E+002, 5.7797310E+002
 1.6776000E+004, 9.2944906E-004, 5.7882000E+002, 5.7877310E+002
 1.6800000E+004, 9.2944906E-004, 5.7962000E+002, 5.7957310E+002
 1.6824000E+004, 9.2944906E-004, 5.8042000E+002, 5.8037310E+002
 1.6848000E+004, 9.2944906E-004, 5.8122000E+002, 5.8117310E+002
 1.6872000E+004, 9.2944906E-004, 5.8202000E+002, 5.8197310E+002
 1.6896000E+004, 9.2944906E-004, 5.8282000E+002, 5.8277310E+002
 1.6920000E+004, 9.2944906E-004, 5.8362000E+002, 5.8357310E+002
 1.6944000E+004, 9.2944906E-004, 5.8442000E+002, 5.8437310E+002
 1.6968000E+004, 9.2944906E-004, 5.8522000E+002, 5.8517310E+002
 1.6992000E+004, 9.2944906E-004, 5.8602000E+002, 5.8597310E+002
 1.7016000E+004, 9.2944906E-004, 5.8682000E+002, 5.8677310E+002
 1.7040000E+004, 9.2944906E-004, 5.8762000E+002, 5.8757310E+002
 1.7064000E+004, 9.2944906E-004, 5.8842000E+002, 5.8837310E+002
 1.7088000E+004, 9.2944906E-004, 5.8922000E+002, 5.8917311E+002
 1.7112000E+004, 9.2944906E-004, 5.9002000E+002, 5.8997311E+002
 1.7136000E+004, 9.2944906E-004, 5.9082000E+002, 5.9077311E+002
 1.7160000E+004, 9.2944906E-004, 5.9162000E+002, 5.9157311E+002
 1.7184000E+004, 9.2944906E-004, 5.9242000E+002, 5.9237311E+002
 1.7208000E+004, 9.2944906E-004, 5.9322000E+002, 5.9317311E+002
 1.7232000E+004, 9.2944906E-004, 5.9402000E+002, 5.9397311E+002
 1.7256000E+004, 9.2944906E-004, 5.9482000E+002, 5.9477311E+002
 1.7280000E+004, 9.2944906E-004, 5.9562000E+002, 5.9557311E+002
 1.7304000E+004, 9.2944906E-004, 5.9642000E+002, 5.9637311E+002
 1.7328000E+004, 9.2944906E-004, 5.9722000E+002, 5.9717311E+002
 1.7352000E+004, 9.2944906E-004, 5.9802000E+002, 5.9797311E+002
 1.7376000E+004, 9.2944906E-004, 5.9882000E+002, 5.9877311E+002
 1.7400000E+004, 9.2944906E-004, 5.9962000E+002, 5.9957311E+002
 1.7424000E+004, 9.2944906E-004, 6.0042000E+002, 6.0037311E+002
 1.7448000E+004, 9.2944906E-004, 6.0122000E+002, 6.0117311E+002
 1.7472000E+004, 9.2944906E-004, 6.0202000E+002, 6.0197312E+002
 1.7496000E+004, 9.2944906E-004, 6.0282000E+002, 6.0277312E+002
 1.7520000E+004, 9.2944906E-004, 6.0362000E+002, 6.0357312E+002
 1.7544000E+004, 9.2944906E-004, 6.0442000E+002, 6.0437312E+002
 1.7568000E+004, 9.2944906E-004, 6.0522000E+002, 6.0517312E+002
 1.7592000E+004, 9.2944906E-004, 6.0602000E+002, 6.0597312E+002
 1.7616000E+004, 9.2944906E-004, 6.0682000E+002, 6.0677312E+002
 1.7640000E+004, 9.2944906E-004, 6.0762000E+002, 6.0757312E+002
 1.7664000E+004, 9.2944906E-004, 6.0842000E+002, 6.0837312E+002
 1.7688000E+004, 9.2944906E-004, 6.0922000E+002, 6.0917312E+002
 1.7712000E+004, 9.2944906E-004, 6.1002000E+002, 6.0997312E+002
 1.7736000E+004, 9.2944906E-004, 6.1082000E+002, 6.1077312E+002
 1.7760000E+004, 9.2944906E-004, 6.1162000E+002, 6.1157312E+002
 1.7784000E+004, 9.2944906E-004, 6.1242000E+002, 6.1237312E+002
 1.7808000E+004, 9.2944906E-004, 6.1322000E+002, 6.1317312E+002
 1.7832000E+004, 9.2944906E-004, 6.1402000E+002, 6.1397312E+002
 1.7856000E+004, 9.2944906E-004, 6.1482000E+002, 6.1477313E+002
 1.7880000E+004, 9.2944906E-004, 6.1562000E+002, 6.1557313E+002
 1.7904000E+004, 9.2944906E-004, 6.1642000E+002, 6.1637313E+002
 1.7928000E+004, 9.2944906E-004, 6.1722000E+002, 6.1717313E+002
 1.7952000E+004, 9.2944906E-004, 6.1802000E+002, 6.1797313E+002
 1.7976000E+004, 9.2944906E-004, 6.1882000E+002, 6.1877313E+002
 1.8000000E+004, 9.2944906E-004, 6.1962000E+002, 6.1957313E+002
 1.8024000E+004, 9.2944906E-004, 6.2042000E+002, 6.2037313E+002
 1.8048000E+004, 9.2944906E-004, 6.2122000E+002, 6.2117313E+002
 1.8072000E+004, 9.2944906E-004, 6.2202000E+002, 6.2197313E+002
 1.8096000E+004, 9.2944906E-004, 6.2282000E+002, 6.2277313E+002
 1.8120000E+004, 9.2944906E-004, 6.2362000E+002, 6.2357313E+002
 1.8144000E+004, 9.2944906E-004, 6.2442000E+002, 6.2437313E+002
 1.8168000E+004, 9.2944906E-004, 6.2522000E+002, 6.2517313E+002
 1.8192000E+004, 9.2944906E-004, 6.2602000E+002, 6.2597313E+002
 1.8216000E+004, 9.2944906E-004, 6.2682000E+002, 6.2677313E+002
 1.8240000E+004, 9.2944906E-004, 6.2762000E+002, 6.2757313E+002
 1.8264000E+004, 9.2944906E-004, 6.2842000E+002, 6.2837313E+002
 1.8288000E+004, 9.2944906E-004, 6.2922000E+002, 6.2917314E+002
 1.8312000E+004, 9.2944906E-004, 6.3002000E+002, 6.2997314E+002
 1.8336000E+004, 9.2944906E-004, 6.3082000E+002, 6.3077314E+002
 1.8360000E+004, 9.2944906E-004, 6.3162000E+002, 6.3157314E+002
 1.8384000E+004, 9.2944906E-004, 6.3242000E+002, 6.3237314E+002
 1.8408000E+004, 9.2944906E-004, 6.3322000E+002, 6.3317314E+002
 1.8432000E+004, 9.2944906E-004, 6.3402000E+002, 6.3397314E+002
 1.8456000E+004, 9.2944906E-004, 6.3482000E+002, 6.3477314E+002
 1.8480000E+004, 9.2944906E-004, 6.3562000E+002, 6.3557314E+002
 1.8504000E+004, 9.2944906E-004, 6.3642000E+002, 6.3637314E+002
 1.8528000E+004, 9.2944906E-004, 6.3722000E+002, 6.3717314E+002
 1.8552000E+004, 9.2944906E-004, 6.3802000E+002, 6.3797314E+002
 1.8576000E+004, 9.2944906E-004, 6.3882000E+002, 6.3877314E+002
 1.8600000E+004, 9.2944906E-004, 6.3962000E+002, 6.3957314E+002
 1.8624000E+004, 9.2944906E-004, 6.4042000E+002, 6.4037314E+002
 1.8648000E+004, 9.2944906E-004, 6.4122000E+002, 6.4117314E+002
 1.8672000E+004, 9.2944906E-004, 6.4202000E+002, 6.4197314E+002
 1.8696000E+004, 9.2944906E-004, 6.4282000E+002, 6.4277314E+002
 1.8720000E+004, 9.2944906E-004, 6.4362000E+002, 6.4357314E+002
 1.8744000E+004, 9.2944906E-004, 6.4442000E+002, 6.4437314E+002
 1.8768000E+004, 9.2944906E-004, 6.4522000E+002, 6.4517315E+002
 1.8792000E+004, 9.2944906E-004, 6.4602000E+002, 6.4597315E+002
 1.8816000E+004, 9.2944906E-004, 6.4682000E+002, 6.4677315E+002
 1.8840000E+004, 9.2944906E-004, 6.4762000E+002, 6.4757315E+002
 1.8864000E+004, 9.2944906E-004, 6.4842000E+002, 6.4837315E+002
 1.8888000E+004, 9.2944906E-004, 6.4922000E+002, 6.4917315E+002
 1.8912000E+004, 9.2944906E-004, 6.5002000E+002, 6.4997315E+002
 1.8936000E+004, 9.2944906E-004, 6.5082000E+002, 6.5077315E+002
 1.8960000E+004, 9.2944906E-004, 6.5162000E+002, 6.5157315E+002
 1.8984000E+004, 9.2944906E-004, 6.5242000E+002, 6.5237315E+002
 1.9008000E+004, 9.2944906E-004, 6.5322000E+002, 6.5317315E+002
 1.9032000E+004, 9.2944906E-004, 6.5402000E+002, 6.5397315E+002
 1.9056000E+004, 9.2944906E-004, 6.5482000E+002, 6.5477315E+002
 1.9080000E+004, 9.2944906E-004, 6.5562000E+002, 6.5557315E+002
 1.9104000E+004, 9.2944906E-004, 6.5642000E+002, 6.5637315E+002
 1.9128000E+004, 9.2944906E-004, 6.5722000E+002, 6.5717315E+002
 1.9152000E+004, 9.2944906E-004, 6.5802000E+002, 6.5797315E+002
 1.9176000E+004, 9.2944906E-004, 6.5882000E+002, 6.5877315E+002
 1.9200000E+004, 9.2944906E-004, 6.5962000E+002, 6.5957315E+002
 1.9224000E+004, 9.2944906E-004, 6.6042000E+002, 6.6037315E+002
 1.9248000E+004, 9.2944906E-004, 6.6122000E+002, 6.6117316E+002
 1.9272000E+004, 9.2944906E-004, 6.6202000E+002, 6.6197316E+002
 1.9296000E+004, 9.2944906E-004, 6.6282000E+002, 6.6277316E+002
 1.9320000E+004, 9.2944906E-004, 6.6362000E+002, 6.6357316E+002
 1.9344000E+004, 9.2944906E-004, 6.6442000E+002, 6.6437316E+002
 1.9368000E+004, 9.2944906E-004, 6.6522000E+002, 6.6517316E+002
 1.9392000E+004, 9.2944906E-004, 6.6602000E+002, 6.6597316E+002
 1.9416000E+004, 9.2944906E-004, 6.6682000E+002, 6.6677316E+002
 1.9440000E+004, 9.2944906E-004, 6.6762000E+002, 6.6757316E+002
 1.9464000E+004, 9.2944906E-004, 6.6842000E+002, 6.6837316E+002
 1.9488000E+004, 9.2944906E-004, 6.6922000E+002, 6.6917316E+002
 1.9512000E+004, 9.2944906E-004, 6.7002000E+002, 6.6997316E+002
 1.9536000E+004, 9.2944906E-004, 6.7082000E+002, 6.7077316E+002
 1.9560000E+004, 9.2944906E-004, 6.7162000E+002, 6.7157316E+002
 1.9584000E+004, 9.2944906E-004, 6.7242000E+002, 6.7237316E+002
 1.9608000E+004, 9.2944906E-004, 6.7322000E+002, 6.7317316E+002
 1.9632000E+004, 9.2944906E-004, 6.7402000E+002, 6.7397316E+002
 1.9656000E+004, 9.2944906E-004, 6.7482000E+002, 6.7477316E+002
 1.9680000E+004, 9.2944906E-004, 6.7562000E+002, 6.7557316E+002
 1.9704000E+004, 9.2944906E-004, 6.7642000E+002, 6.7637316E+002
 1.9728000E+004, 9.2944906E-004, 6.7722000E+002, 6.7717316E+002
 1.9752000E+004, 9.2944906E-004, 6.7802000E+002, 6.7797316E+002
 1.9776000E+004, 9.2944906E-004, 6.7882000E+002, 6.7877316E+002
 1.9800000E+004, 9.2944906E-004, 6.7962000E+002, 6.7957317E+002
 1.9824000E+004, 9.2944906E-004, 6.8042000E+002, 6.8037317E+002
 1.9848000E+004, 9.2944906E-004, 6.8122000E+002, 6.8117317E+002
 1.9872000E+004, 9.2944906E-004, 6.8202000E+002, 6.8197317E+002
 1.9896000E+004, 9.2944906E-004, 6.8282000E+002, 6.8277317E+002
 1.9920000E+004, 9.2944906E-004, 6.8362000E+002, 6.8357317E+002
 1.9944000E+004, 9.2944906E-004, 6.8442000E+002, 6.8437317E+002
 1.9968000E+004, 9.2944906E-004, 6.8522000E+002, 6.8517317E+002
 1.9992000E+004, 9.2944906E-004, 6.8602000E+002, 6.8597317E+002
 2.0016000E+004, 9.2944906E-004, 6.8682000E+002, 6.8677317E+002
 2.0040000E+004, 9.2944906E-004, 6.8762000E+002, 6.8757317E+002
 2.0064000E+004, 9.2944906E-004, 6.8842000E+002, 6.8837317E+002
 2.0088000E+004, 9.2944906E-004, 6.8922000E+002, 6.8917317E+002
 2.0112000E+004, 9.2944906E-004, 6.9002000E+002, 6.8997317E+002
 2.0136000E+004, 9.2944906E-004, 6.9082000E+002, 6.9077317E+002
 2.0160000E+004, 9.2944906E-004, 6.9162000E+002, 6.9157317E+002
 2.0184000E+004, 9.2944906E-004, 6.9242000E+002, 6.9237317E+002
 2.0208000E+004, 9.2944906E-004, 6.9322000E+002, 6.9317317E+002
 2.0232000E+004, 9.2944906E-004, 6.9402000E+002, 6.9397317E+002
 2.0256000E+004, 9.2944906E-004, 6.9482000E+002, 6.9477317E+002
 2.0280000E+004, 9.2944906E-004, 6.9562000E+002, 6.9557317E+002
 2.0304000E+004, 9.2944906E-004, 6.9642000E+002, 6.9637317E+002
 2.0328000E+004, 9.2944906E-004, 6.9722000E+002, 6.9717317E+002
 2.0352000E+004, 9.2944906E-004, 6.9802000E+002, 6.9797317E+002
 2.0376000E+004, 9.2944906E-004, 6.9882000E+002, 6.9877318E+002
 2.0400000E+004, 9.2944906E-004, 6.9962000E+002, 6.9957318E+002
 2.0424000E+004, 9.2944906E-004, 7.0042000E+002, 7.0037318E+002
 2.0448000E+004, 9.2944906E-004, 7.0122000E+002, 7.0117318E+002
 2.0472000E+004, 9.2944906E-004, 7.0202000E+002, 7.0197318E+002
 2.0496000E+004, 9.2944906E-004, 7.0282000E+002, 7.0277318E+002
 2.0520000E+004, 9.2944906E-004, 7.0362000E+002, 7.0357318E+002
 2.0544000E+004, 9.2944906E-004, 7.0442000E+002, 7.0437318E+002
 2.0568000E+004, 9.2944906E-004, 7.0522000E+002, 7.0517318E+002
 2.0592000E+004, 9.2944906E-004, 7.0602000E+002, 7.0597318E+002
 2.0616000E+004, 9.2944906E-004, 7.0682000E+002, 7.0677318E+002
 2.0640000E+004, 9.2944906E-004, 7.0762000E+002, 7.0757318E+002
 2.0664000E+004, 9.2944906E-004, 7.0842000E+002, 7.0837318E+002
 2.0688000E+004, 9.2944906E-004, 7.0922000E+002, 7.0917318E+002
 2.0712000E+004, 9.2944906E-004, 7.1002000E+002, 7.0997318E+002
 2.0736000E+004, 9.2944906E-004, 7.1082000E+002, 7.1077318E+002
 2.0760000E+004, 9.2944906E-004, 7.1162000E+002, 7.1157318E+002
 2.0784000E+004, 9.2944906E-004, 7.1242000E+002, 7.1237318E+002
 2.0808000E+004, 9.2944906E-004, 7.1322000E+002, 7.1317318E+002
 2.0832000E+004, 9.2944906E-004, 7.1402000E+002, 7.1397318E+002
 2.0856000E+004, 9.2944906E-004, 7.1482000E+002, 7.1477318E+002
 2.0880000E+004, 9.2944906E-004, 7.1562000E+002, 7.1557318E+002
 2.0904000E+004, 9.2944906E-004, 7.1642000E+002, 7.1637318E+002
 2.0928000E+004, 9.2944906E-004, 7.1722000E+002, 7.1717318E+002
 2.0952000E+004, 9.2944906E-004, 7.1802000E+002, 7.1797318E+002
 2.0976000E+004, 9.2944906E-004, 7.1882000E+002, 7.1877318E+002
 2.1000000E+004, 9.2944906E-004, 7.1962000E+002, 7.1957319E+002
 2.1024000E+004, 9.2944906E-004, 7.2042000E+002, 7.2037319E+002
 2.1048000E+004, 9.2944906E-004, 7.2122000E+002, 7.2117319E+002
 2.1072000E+004, 9.2944906E-004, 7.2202000E+002, 7.2197319E+002
 2.1096000E+004, 9.2944906E-004, 7.2282000E+002, 7.2277319E+002
 2.1120000E+004, 9.2944906E-004, 7.2362000E+002, 7.2357319E+002
 2.1144000E+004, 9.2944906E-004, 7.2442000E+002, 7.2437319E+002
 2.1168000E+004, 9.2944906E-004, 7.2522000E+002, 7.2517319E+002
 2.1192000E+004, 9.2944906E-004, 7.2602000E+002, 7.2597319E+002
 2.1216000E+004, 9.2944906E-004, 7.2682000E+002, 7.2677319E+002
 2.1240000E+004, 9.2944906E-004, 7.2762000E+002, 7.2757319E+002
 2.1264000E+004, 9.2944906E-004, 7.2842000E+002, 7.2837319E+002
 2.1288000E+004, 9.2944906E-004, 7.2922000E+002, 7.2917319E+002
 2.1312000E+004, 9.2944906E-004, 7.3002000E+002, 7.2997319E+002
 2.1336000E+004, 9.2944906E-004, 7.3082000E+002, 7.3077319E+002
 2.1360000E+004, 9.2944906E-004, 7.3162000E+002, 7.3157319E+002
 2.1384000E+004, 9.2944906E-004, 7.3242000E+002, 7.3237319E+002
 2.1408000E+004, 9.2944906E-004, 7.3322000E+002, 7.3317319E+002
 2.1432000E+004, 9.2944906E-004, 7.3402000E+002, 7.3397319E+002
 2.1456000E+004, 9.2944906E-004, 7.3482000E+002, 7.3477319E+002
 2.1480000E+004, 9.2944906E-004, 7.3562000E+002, 7.3557319E+002
 2.1504000E+004, 9.2944906E-004, 7.3642000E+002, 7.3637319E+002
 2.1528000E+004, 9.2944906E-004, 7.3722000E+002, 7.3717319E+002
 2.1552000E+004, 9.2944906E-004, 7.3802000E+002, 7.3797319E+002
 2.1576000E+004, 9.2944906E-004, 7.3882000E+002, 7.3877319E+002
 2.1600000E+004, 9.2944906E-004, 7.3962000E+002, 7.3957319E+002
 2.1624000E+004, 9.2944906E-004, 7.4042000E+002, 7.4037319E+002
 2.1648000E+004, 9.2944906E-004, 7.4122000E+002, 7.4117319E+002
 2.1672000E+004, 9.2944906E-004, 7.4202000E+002, 7.4197320E+002
 2.1696000E+004, 9.2944906E-004, 7.4282000E+002, 7.4277320E+002
 2.1720000E+004, 9.2944906E-004, 7.4362000E+002, 7.4357320E+002
 2.1744000E+004, 9.2944906E-004, 7.4442000E+002, 7.4437320E+002
 2.1768000E+004, 9.2944906E-004, 7.4522000E+002, 7.4517320E+002
 2.1792000E+004, 9.2944906E-004, 7.4602000E+002, 7.4597320E+002
 2.1816000E+004, 9.2944906E-004, 7.4682000E+002, 7.4677320E+002
 2.1840000E+004, 9.2944906E-004, 7.4762000E+002, 7.4757320E+002
 2.1864000E+004, 9.2944906E-004, 7.4842000E+002, 7.4837320E+002
 2.1888000E+004, 9.2944906E-004, 7.4922000E+002, 7.4917320E+002
 2.1912000E+004, 9.2944906E-004, 7.5002000E+002, 7.4997320E+002
 2.1936000E+004, 9.2944906E-004, 7.5082000E+002, 7.5077320E+002
 2.1960000E+004, 9.2944906E-004, 7.5162000E+002, 7.5157320E+002
 2.1984000E+004, 9.2944906E-004, 7.5242000E+002, 7.5237320E+002
 2.2008000E+004, 9.2944906E-004, 7.5322000E+002, 7.5317320E+002
 2.2032000E+004, 9.2944906E-004, 7.5402000E+002, 7.5397320E+002
 2.2056000E+004, 9.2944906E-004, 7.5482000E+002, 7.5477320E+002
 2.2080000E+004, 9.2944906E-004, 7.5562000E+002, 7.5557320E+002
 2.2104000E+004, 9.2944906E-004, 7.5642000E+002, 7.5637320E+002
 2.2128000E+004, 9.2944906E-004, 7.5722000E+002, 7.5717320E+002
 2.2152000E+004, 9.2944906E-004, 7.5802000E+002, 7.5797320E+002
 2.2176000E+004, 9.2944906E-004, 7.5882000E+002, 7.5877320E+002
 2.2200000E+004, 9.2944906E-004, 7.5962000E+002, 7.5957320E+002
 2.2224000E+004, 9.2944906E-004, 7.6042000E+002, 7.6037320E+002
 2.2248000E+004, 9.2944906E-004, 7.6122000E+002, 7.6117320E+002
 2.2272000E+004, 9.2944906E-004, 7.6202000E+002, 7.6197320E+002
 2.2296000E+004, 9.2944906E-004, 7.6282000E+002, 7.6277320E+002
 2.2320000E+004, 9.2944906E-004, 7.6362000E+002, 7.6357320E+002
 2.2344000E+004, 9.2944906E-004, 7.6442000E+002, 7.6437320E+002
 2.2368000E+004, 9.2944906E-004, 7.6522000E+002, 7.6517320E+002
 2.2392000E+004, 9.2944906E-004, 7.6602000E+002, 7.6597320E+002
 2.2416000E+004, 9.2944906E-004, 7.6682000E+002, 7.6677320E+002
 2.2440000E+004, 9.2944906E-004, 7.6762000E+002, 7.6757321E+002
 2.2464000E+004, 9.2944906E-004, 7.6842000E+002, 7.6837321E+002
 2.2488000E+004, 9.2944906E-004, 7.6922000E+002, 7.6917321E+002
 2.2512000E+004, 9.2944906E-004, 7.7002000E+002, 7.6997321E+002
 2.2536000E+004, 9.2944906E-004, 7.7082000E+002, 7.7077321E+002
 2.2560000E+004, 9.2944906E-004, 7.7162000E+002, 7.7157321E+002
 2.2584000E+004, 9.2944906E-004, 7.7242000E+002, 7.7237321E+002
 2.2608000E+004, 9.2944906E-004, 7.7322000E+002, 7.7317321E+002
 2.2632000E+004, 9.2944906E-004, 7.7402000E+002, 7.7397321E+002
 2.2656000E+004, 9.2944906E-004, 7.7482000E+002, 7.7477321E+002
 2.2680000E+004, 9.2944906E-004, 7.7562000E+002, 7.7557321E+002
 2.2704000E+004, 9.2944906E-004, 7.7642000E+002, 7.7637321E+002
 2.2728000E+004, 9.2944906E-004, 7.7722000E+002, 7.7717321E+002
 2.2752000E+004, 9.2944906E-004, 7.7802000E+002, 7.7797321E+002
 2.2776000E+004, 9.2944906E-004, 7.7882000E+002, 7.7877321E+002
 2.2800000E+004, 9.2944906E-004, 7.7962000E+002, 7.7957321E+002
 2.2824000E+004, 9.2944906E-004, 7.8042000E+002, 7.8037321E+002
 2.2848000E+004, 9.2944906E-004, 7.8122000E+002, 7.8117321E+002
 2.2872000E+004, 9.2944906E-004, 7.8202000E+002, 7.8197321E+002
 2.2896000E+004, 9.2944906E-004, 7.8282000E+002, 7.8277321E+002
 2.2920000E+004, 9.2944906E-004, 7.8362000E+002, 7.8357321E+002
 2.2944000E+004, 9.2944906E-004, 7.8442000E+002, 7.8437321E+002
 2.2968000E+004, 9.2944906E-004, 7.8522000E+002, 7.8517321E+002
 2.2992000E+004, 9.2944906E-004, 7.8602000E+002, 7.8597321E+002
 2.3016000E+004, 9.2944906E-004, 7.8682000E+002, 7.8677321E+002
 2.3040000E+004, 9.2944906E-004, 7.8762000E+002, 7.8757321E+002
 2.3064000E+004, 9.2944906E-004, 7.8842000E+002, 7.8837321E+002
 2.3088000E+004, 9.2944906E-004, 7.8922000E+002, 7.8917321E+002
 2.3112000E+004, 9.2944906E-004, 7.9002000E+002, 7.8997321E+002
 2.3136000E+004, 9.2944906E-004, 7.9082000E+002, 7.9077321E+002
 2.3160000E+004, 9.2944906E-004, 7.9162000E+002, 7.9157321E+002
 2.3184000E+004, 9.2944906E-004, 7.9242000E+002, 7.9237321E+002
 2.3208000E+004, 9.2944906E-004, 7.9322000E+002, 7.9317321E+002
 2.3232000E+004, 9.2944906E-004, 7.9402000E+002, 7.9397321E+002
 2.3256000E+004, 9.2944906E-004, 7.9482000E+002, 7.9477322E+002
 2.3280000E+004, 9.2944906E-004, 7.9562000E+002, 7.9557322E+002
 2.3304000E+004, 9.2944906E-004, 7.9642000E+002, 7.9637322E+002
 2.3328000E+004, 9.2944906E-004, 7.9722000E+002, 7.9717322E+002
 2.3352000E+004, 9.2944906E-004, 7.9802000E+002, 7.9797322E+002
 2.3376000E+004, 9.2944906E-004, 7.9882000E+002, 7.9877322E+002
 2.3400000E+004, 9.2944906E-004, 7.9962000E+002, 7.9957322E+002
 2.3424000E+004, 9.2944906E-004, 8.0042000E+002, 8.0037322E+002
 2.3448000E+004, 9.2944906E-004, 8.0122000E+002, 8.0117322E+002
 2.3472000E+004, 9.2944906E-004, 8.0202000E+002, 8.0197322E+002
 2.3496000E+004, 9.2944906E-004, 8.0282000E+002, 8.0277322E+002
 2.3520000E+004, 9.2944906E-004, 8.0362000E+002, 8.0357322E+002
 2.3544000E+004, 9.2944906E-004, 8.0442000E+002, 8.0437322E+002
 2.3568000E+004, 9.2944906E-004, 8.0522000E+002, 8.0517322E+002
 2.3592000E+004, 9.2944906E-004, 8.0602000E+002, 8.0597322E+002
 2.3616000E+004, 9.2944906E-004, 8.0682000E+002, 8.0677322E+002
 2.3640000E+004, 9.2944906E-004, 8.0762000E+002, 8.0757322E+002
 2.3664000E+004, 9.2944906E-004, 8.0842000E+002, 8.0837322E+002
 2.3688000E+004, 9.2944906E-004, 8.0922000E+002, 8.0917322E+002
 2.3712000E+004, 9.2944906E-004, 8.1002000E+002, 8.0997322E+002
 2.3736000E+004, 9.2944906E-004, 8.1082000E+002, 8.1077322E+002
 2.3760000E+004, 9.2944906E-004, 8.1162000E+002, 8.1157322E+002
 2.3784000E+004, 9.2944906E-004, 8.1242000E+002, 8.1237322E+002
 2.3808000E+004, 9.2944906E-004, 8.1322000E+002, 8.1317322E+002
 2.3832000E+004, 9.2944906E-004, 8.1402000E+002, 8.1397322E+002
 2.3856000E+004, 9.2944906E-004, 8.1482000E+002, 8.1477322E+002
 2.3880000E+004, 9.2944906E-004, 8.1562000E+002, 8.1557322E+002
 2.3904000E+004, 9.2944906E-004, 8.1642000E+002, 8.1637322E+002
 2.3928000E+004, 9.2944906E-004, 8.1722000E+002, 8.1717322E+002
 2.3952000E+004, 9.2944906E-004, 8.1802000E+002, 8.1797322E+002
 2.3976000E+004, 9.2944906E-004, 8.1882000E+002, 8.1877322E+002
 2.4000000E+004, 9.2944906E-004, 8.1962000E+002, 8.1957322E+002
